[
    {
        "flight": "destination",
        "country": "ViennaVIE",
        "code": "VIE"
    },
    {
        "flight": "destination",
        "country": "AntwerpANR",
        "code": "ANR"
    },
    {
        "flight": "destination",
        "country": "BurgasBOJ",
        "code": "BOJ"
    },
    {
        "flight": "destination",
        "country": "VarnaVAR",
        "code": "VAR"
    },
    {
        "flight": "destination",
        "country": "Boa VistaBVC",
        "code": "BVC"
    },
    {
        "flight": "destination",
        "country": "PraiaRAI",
        "code": "RAI"
    },
    {
        "flight": "destination",
        "country": "Sal, Cape VerdeSID",
        "code": "SID"
    },
    {
        "flight": "destination",
        "country": "São VicenteVXE",
        "code": "VXE"
    },
    {
        "flight": "destination",
        "country": "BračBWK",
        "code": "BWK"
    },
    {
        "flight": "destination",
        "country": "DubrovnikDBV",
        "code": "DBV"
    },
    {
        "flight": "destination",
        "country": "ZadarZAD",
        "code": "ZAD"
    },
    {
        "flight": "destination",
        "country": "PraguePRG",
        "code": "PRG"
    },
    {
        "flight": "destination",
        "country": "CopenhagenCPH",
        "code": "CPH"
    },
    {
        "flight": "destination",
        "country": "HurghadaHRG",
        "code": "HRG"
    },
    {
        "flight": "destination",
        "country": "LuxorLXR",
        "code": "LXR"
    },
    {
        "flight": "destination",
        "country": "Marsa AlamRMF",
        "code": "RMF"
    },
    {
        "flight": "destination",
        "country": "RovaniemiRVN",
        "code": "RVN"
    },
    {
        "flight": "destination",
        "country": "Ajaccio (Corsica)AJA",
        "code": "AJA"
    },
    {
        "flight": "destination",
        "country": "Bastia (Corsica)BIA",
        "code": "BIA"
    },
    {
        "flight": "destination",
        "country": "BiarritzBIQ",
        "code": "BIQ"
    },
    {
        "flight": "destination",
        "country": "BordeauxBOD",
        "code": "BOD"
    },
    {
        "flight": "destination",
        "country": "Calvi (Corsica)CLY",
        "code": "CLY"
    },
    {
        "flight": "destination",
        "country": "FigariFSC",
        "code": "FSC"
    },
    {
        "flight": "destination",
        "country": "MontpellierMPL",
        "code": "MPL"
    },
    {
        "flight": "destination",
        "country": "NiceNCE",
        "code": "NCE"
    },
    {
        "flight": "destination",
        "country": "ParisCDG",
        "code": "CDG"
    },
    {
        "flight": "destination",
        "country": "ToulonTLN",
        "code": "TLN"
    },
    {
        "flight": "destination",
        "country": "BerlinBER",
        "code": "BER"
    },
    {
        "flight": "destination",
        "country": "HamburgHAM",
        "code": "HAM"
    },
    {
        "flight": "destination",
        "country": "HeringsdorfHDF",
        "code": "HDF"
    },
    {
        "flight": "destination",
        "country": "MunichMUC",
        "code": "MUC"
    },
    {
        "flight": "destination",
        "country": "Westerland / SyltGWT",
        "code": "GWT"
    },
    {
        "flight": "destination",
        "country": "Chania (Crete)CHQ",
        "code": "CHQ"
    },
    {
        "flight": "destination",
        "country": "Corfu (Kerkyra)CFU",
        "code": "CFU"
    },
    {
        "flight": "destination",
        "country": "Heraklion (Crete)HER",
        "code": "HER"
    },
    {
        "flight": "destination",
        "country": "KosKGS",
        "code": "KGS"
    },
    {
        "flight": "destination",
        "country": "RhodesRHO",
        "code": "RHO"
    },
    {
        "flight": "destination",
        "country": "SantoriniJTR",
        "code": "JTR"
    },
    {
        "flight": "destination",
        "country": "ThessalonikiSKG",
        "code": "SKG"
    },
    {
        "flight": "destination",
        "country": "BudapestBUD",
        "code": "BUD"
    },
    {
        "flight": "destination",
        "country": "DublinDUB",
        "code": "DUB"
    },
    {
        "flight": "destination",
        "country": "BariBRI",
        "code": "BRI"
    },
    {
        "flight": "destination",
        "country": "BolognaBLQ",
        "code": "BLQ"
    },
    {
        "flight": "destination",
        "country": "BrindisiBDS",
        "code": "BDS"
    },
    {
        "flight": "destination",
        "country": "Cagliari (Sardinia)CAG",
        "code": "CAG"
    },
    {
        "flight": "destination",
        "country": "CataniaCTA",
        "code": "CTA"
    },
    {
        "flight": "destination",
        "country": "FlorenceFLR",
        "code": "FLR"
    },
    {
        "flight": "destination",
        "country": "Lamezia TermeSUF",
        "code": "SUF"
    },
    {
        "flight": "destination",
        "country": "Milan (Linate)LIN",
        "code": "LIN"
    },
    {
        "flight": "destination",
        "country": "Milan (Malpensa)MXP",
        "code": "MXP"
    },
    {
        "flight": "destination",
        "country": "NaplesNAP",
        "code": "NAP"
    },
    {
        "flight": "destination",
        "country": "Olbia (Sardinia)OLB",
        "code": "OLB"
    },
    {
        "flight": "destination",
        "country": "PalermoPMO",
        "code": "PMO"
    },
    {
        "flight": "destination",
        "country": "PescaraPSR",
        "code": "PSR"
    },
    {
        "flight": "destination",
        "country": "RiminiRMI",
        "code": "RMI"
    },
    {
        "flight": "destination",
        "country": "Rome (Fiumicino)FCO",
        "code": "FCO"
    },
    {
        "flight": "destination",
        "country": "Venice Marco PoloVCE",
        "code": "VCE"
    },
    {
        "flight": "destination",
        "country": "Luxembourg CityLUX",
        "code": "LUX"
    },
    {
        "flight": "destination",
        "country": "MaltaMLA",
        "code": "MLA"
    },
    {
        "flight": "destination",
        "country": "PodgoricaTGD",
        "code": "TGD"
    },
    {
        "flight": "destination",
        "country": "TivatTIV",
        "code": "TIV"
    },
    {
        "flight": "destination",
        "country": "AgadirAGA",
        "code": "AGA"
    },
    {
        "flight": "destination",
        "country": "MarrakechRAK",
        "code": "RAK"
    },
    {
        "flight": "destination",
        "country": "OsloOSL",
        "code": "OSL"
    },
    {
        "flight": "destination",
        "country": "KrakowKRK",
        "code": "KRK"
    },
    {
        "flight": "destination",
        "country": "FaroFAO",
        "code": "FAO"
    },
    {
        "flight": "destination",
        "country": "Funchal (Madeira)FNC",
        "code": "FNC"
    },
    {
        "flight": "destination",
        "country": "LisbonLIS",
        "code": "LIS"
    },
    {
        "flight": "destination",
        "country": "PortoOPO",
        "code": "OPO"
    },
    {
        "flight": "destination",
        "country": "BucharestOTP",
        "code": "OTP"
    },
    {
        "flight": "destination",
        "country": "DakarDSS",
        "code": "DSS"
    },
    {
        "flight": "destination",
        "country": "BelgradeBEG",
        "code": "BEG"
    },
    {
        "flight": "destination",
        "country": "LjubljanaLJU",
        "code": "LJU"
    },
    {
        "flight": "destination",
        "country": "AlmeríaLEI",
        "code": "LEI"
    },
    {
        "flight": "destination",
        "country": "BarcelonaBCN",
        "code": "BCN"
    },
    {
        "flight": "destination",
        "country": "FuerteventuraFUE",
        "code": "FUE"
    },
    {
        "flight": "destination",
        "country": "Gran Canaria (Las Palmas)LPA",
        "code": "LPA"
    },
    {
        "flight": "destination",
        "country": "IbizaIBZ",
        "code": "IBZ"
    },
    {
        "flight": "destination",
        "country": "Jerez de la FronteraXRY",
        "code": "XRY"
    },
    {
        "flight": "destination",
        "country": "Lanzarote (Arrecife)ACE",
        "code": "ACE"
    },
    {
        "flight": "destination",
        "country": "MadridMAD",
        "code": "MAD"
    },
    {
        "flight": "destination",
        "country": "MálagaAGP",
        "code": "AGP"
    },
    {
        "flight": "destination",
        "country": "Menorca (Mahon)MAH",
        "code": "MAH"
    },
    {
        "flight": "destination",
        "country": "Palma de MallorcaPMI",
        "code": "PMI"
    },
    {
        "flight": "destination",
        "country": "Santa Cruz de La PalmaSPC",
        "code": "SPC"
    },
    {
        "flight": "destination",
        "country": "Tenerife (Reina Sofía)TFS",
        "code": "TFS"
    },
    {
        "flight": "destination",
        "country": "ValenciaVLC",
        "code": "VLC"
    },
    {
        "flight": "destination",
        "country": "Stockholm (Arlanda)ARN",
        "code": "ARN"
    },
    {
        "flight": "destination",
        "country": "GenevaGVA",
        "code": "GVA"
    },
    {
        "flight": "destination",
        "country": "DjerbaDJE",
        "code": "DJE"
    },
    {
        "flight": "destination",
        "country": "EnfidhaNBE",
        "code": "NBE"
    },
    {
        "flight": "destination",
        "country": "MonastirMIR",
        "code": "MIR"
    },
    {
        "flight": "destination",
        "country": "TunisTUN",
        "code": "TUN"
    },
    {
        "flight": "destination",
        "country": "AntalyaAYT",
        "code": "AYT"
    },
    {
        "flight": "destination",
        "country": "IzmirADB",
        "code": "ADB"
    },
    {
        "flight": "destination",
        "country": "Dubai (Jebel Ali)DWC",
        "code": "DWC"
    },
    {
        "flight": "destination",
        "country": "London CityLCY",
        "code": "LCY"
    },
    {
        "flight": "destination",
        "country": "ManchesterMAN",
        "code": "MAN"
    },
    {
        "flight": "departure",
        "country": "ViennaVIE",
        "code": "VIE"
    },
    {
        "flight": "departure",
        "country": "AntwerpANR",
        "code": "ANR"
    },
    {
        "flight": "departure",
        "country": "BurgasBOJ",
        "code": "BOJ"
    },
    {
        "flight": "departure",
        "country": "VarnaVAR",
        "code": "VAR"
    },
    {
        "flight": "departure",
        "country": "Boa VistaBVC",
        "code": "BVC"
    },
    {
        "flight": "departure",
        "country": "PraiaRAI",
        "code": "RAI"
    },
    {
        "flight": "departure",
        "country": "Sal, Cape VerdeSID",
        "code": "SID"
    },
    {
        "flight": "departure",
        "country": "São VicenteVXE",
        "code": "VXE"
    },
    {
        "flight": "departure",
        "country": "BračBWK",
        "code": "BWK"
    },
    {
        "flight": "departure",
        "country": "DubrovnikDBV",
        "code": "DBV"
    },
    {
        "flight": "departure",
        "country": "ZadarZAD",
        "code": "ZAD"
    },
    {
        "flight": "departure",
        "country": "PraguePRG",
        "code": "PRG"
    },
    {
        "flight": "departure",
        "country": "CopenhagenCPH",
        "code": "CPH"
    },
    {
        "flight": "departure",
        "country": "HurghadaHRG",
        "code": "HRG"
    },
    {
        "flight": "departure",
        "country": "LuxorLXR",
        "code": "LXR"
    },
    {
        "flight": "departure",
        "country": "Marsa AlamRMF",
        "code": "RMF"
    },
    {
        "flight": "departure",
        "country": "RovaniemiRVN",
        "code": "RVN"
    },
    {
        "flight": "departure",
        "country": "Ajaccio (Corsica)AJA",
        "code": "AJA"
    },
    {
        "flight": "departure",
        "country": "Bastia (Corsica)BIA",
        "code": "BIA"
    },
    {
        "flight": "departure",
        "country": "BiarritzBIQ",
        "code": "BIQ"
    },
    {
        "flight": "departure",
        "country": "BordeauxBOD",
        "code": "BOD"
    },
    {
        "flight": "departure",
        "country": "Calvi (Corsica)CLY",
        "code": "CLY"
    },
    {
        "flight": "departure",
        "country": "FigariFSC",
        "code": "FSC"
    },
    {
        "flight": "departure",
        "country": "MontpellierMPL",
        "code": "MPL"
    },
    {
        "flight": "departure",
        "country": "NiceNCE",
        "code": "NCE"
    },
    {
        "flight": "departure",
        "country": "ParisCDG",
        "code": "CDG"
    },
    {
        "flight": "departure",
        "country": "ToulonTLN",
        "code": "TLN"
    },
    {
        "flight": "departure",
        "country": "BerlinBER",
        "code": "BER"
    },
    {
        "flight": "departure",
        "country": "HamburgHAM",
        "code": "HAM"
    },
    {
        "flight": "departure",
        "country": "HeringsdorfHDF",
        "code": "HDF"
    },
    {
        "flight": "departure",
        "country": "MunichMUC",
        "code": "MUC"
    },
    {
        "flight": "departure",
        "country": "Westerland / SyltGWT",
        "code": "GWT"
    },
    {
        "flight": "departure",
        "country": "Chania (Crete)CHQ",
        "code": "CHQ"
    },
    {
        "flight": "departure",
        "country": "Corfu (Kerkyra)CFU",
        "code": "CFU"
    },
    {
        "flight": "departure",
        "country": "Heraklion (Crete)HER",
        "code": "HER"
    },
    {
        "flight": "departure",
        "country": "KosKGS",
        "code": "KGS"
    },
    {
        "flight": "departure",
        "country": "RhodesRHO",
        "code": "RHO"
    },
    {
        "flight": "departure",
        "country": "SantoriniJTR",
        "code": "JTR"
    },
    {
        "flight": "departure",
        "country": "ThessalonikiSKG",
        "code": "SKG"
    },
    {
        "flight": "departure",
        "country": "BudapestBUD",
        "code": "BUD"
    },
    {
        "flight": "departure",
        "country": "DublinDUB",
        "code": "DUB"
    },
    {
        "flight": "departure",
        "country": "BariBRI",
        "code": "BRI"
    },
    {
        "flight": "departure",
        "country": "BolognaBLQ",
        "code": "BLQ"
    },
    {
        "flight": "departure",
        "country": "BrindisiBDS",
        "code": "BDS"
    },
    {
        "flight": "departure",
        "country": "Cagliari (Sardinia)CAG",
        "code": "CAG"
    },
    {
        "flight": "departure",
        "country": "CataniaCTA",
        "code": "CTA"
    },
    {
        "flight": "departure",
        "country": "FlorenceFLR",
        "code": "FLR"
    },
    {
        "flight": "departure",
        "country": "Lamezia TermeSUF",
        "code": "SUF"
    },
    {
        "flight": "departure",
        "country": "Milan (Linate)LIN",
        "code": "LIN"
    },
    {
        "flight": "departure",
        "country": "Milan (Malpensa)MXP",
        "code": "MXP"
    },
    {
        "flight": "departure",
        "country": "NaplesNAP",
        "code": "NAP"
    },
    {
        "flight": "departure",
        "country": "Olbia (Sardinia)OLB",
        "code": "OLB"
    },
    {
        "flight": "departure",
        "country": "PalermoPMO",
        "code": "PMO"
    },
    {
        "flight": "departure",
        "country": "PescaraPSR",
        "code": "PSR"
    },
    {
        "flight": "departure",
        "country": "RiminiRMI",
        "code": "RMI"
    },
    {
        "flight": "departure",
        "country": "Rome (Fiumicino)FCO",
        "code": "FCO"
    },
    {
        "flight": "departure",
        "country": "Venice Marco PoloVCE",
        "code": "VCE"
    },
    {
        "flight": "departure",
        "country": "Luxembourg CityLUX",
        "code": "LUX"
    },
    {
        "flight": "departure",
        "country": "MaltaMLA",
        "code": "MLA"
    },
    {
        "flight": "departure",
        "country": "PodgoricaTGD",
        "code": "TGD"
    },
    {
        "flight": "departure",
        "country": "TivatTIV",
        "code": "TIV"
    },
    {
        "flight": "departure",
        "country": "AgadirAGA",
        "code": "AGA"
    },
    {
        "flight": "departure",
        "country": "MarrakechRAK",
        "code": "RAK"
    },
    {
        "flight": "departure",
        "country": "OsloOSL",
        "code": "OSL"
    },
    {
        "flight": "departure",
        "country": "KrakowKRK",
        "code": "KRK"
    },
    {
        "flight": "departure",
        "country": "FaroFAO",
        "code": "FAO"
    },
    {
        "flight": "departure",
        "country": "Funchal (Madeira)FNC",
        "code": "FNC"
    },
    {
        "flight": "departure",
        "country": "LisbonLIS",
        "code": "LIS"
    },
    {
        "flight": "departure",
        "country": "PortoOPO",
        "code": "OPO"
    },
    {
        "flight": "departure",
        "country": "BucharestOTP",
        "code": "OTP"
    },
    {
        "flight": "departure",
        "country": "DakarDSS",
        "code": "DSS"
    },
    {
        "flight": "departure",
        "country": "BelgradeBEG",
        "code": "BEG"
    },
    {
        "flight": "departure",
        "country": "LjubljanaLJU",
        "code": "LJU"
    },
    {
        "flight": "departure",
        "country": "AlmeríaLEI",
        "code": "LEI"
    },
    {
        "flight": "departure",
        "country": "BarcelonaBCN",
        "code": "BCN"
    },
    {
        "flight": "departure",
        "country": "FuerteventuraFUE",
        "code": "FUE"
    },
    {
        "flight": "departure",
        "country": "Gran Canaria (Las Palmas)LPA",
        "code": "LPA"
    },
    {
        "flight": "departure",
        "country": "IbizaIBZ",
        "code": "IBZ"
    },
    {
        "flight": "departure",
        "country": "Jerez de la FronteraXRY",
        "code": "XRY"
    },
    {
        "flight": "departure",
        "country": "Lanzarote (Arrecife)ACE",
        "code": "ACE"
    },
    {
        "flight": "departure",
        "country": "MadridMAD",
        "code": "MAD"
    },
    {
        "flight": "departure",
        "country": "MálagaAGP",
        "code": "AGP"
    },
    {
        "flight": "departure",
        "country": "Menorca (Mahon)MAH",
        "code": "MAH"
    },
    {
        "flight": "departure",
        "country": "Palma de MallorcaPMI",
        "code": "PMI"
    },
    {
        "flight": "departure",
        "country": "Santa Cruz de La PalmaSPC",
        "code": "SPC"
    },
    {
        "flight": "departure",
        "country": "Tenerife (Reina Sofía)TFS",
        "code": "TFS"
    },
    {
        "flight": "departure",
        "country": "ValenciaVLC",
        "code": "VLC"
    },
    {
        "flight": "departure",
        "country": "Stockholm (Arlanda)ARN",
        "code": "ARN"
    },
    {
        "flight": "departure",
        "country": "GenevaGVA",
        "code": "GVA"
    },
    {
        "flight": "departure",
        "country": "DjerbaDJE",
        "code": "DJE"
    },
    {
        "flight": "departure",
        "country": "EnfidhaNBE",
        "code": "NBE"
    },
    {
        "flight": "departure",
        "country": "MonastirMIR",
        "code": "MIR"
    },
    {
        "flight": "departure",
        "country": "TunisTUN",
        "code": "TUN"
    },
    {
        "flight": "departure",
        "country": "AntalyaAYT",
        "code": "AYT"
    },
    {
        "flight": "departure",
        "country": "IzmirADB",
        "code": "ADB"
    },
    {
        "flight": "departure",
        "country": "Dubai (Jebel Ali)DWC",
        "code": "DWC"
    },
    {
        "flight": "departure",
        "country": "London CityLCY",
        "code": "LCY"
    },
    {
        "flight": "departure",
        "country": "ManchesterMAN",
        "code": "MAN"
    }
]