[
    {
        "flight": "destination",
        "country": "YerevanEVN",
        "code": "EVN"
    },
    {
        "flight": "destination",
        "country": "BatumiBUS",
        "code": "BUS"
    },
    {
        "flight": "destination",
        "country": "Moscow SheremetyevoSVO",
        "code": "SVO"
    },
    {
        "flight": "destination",
        "country": "SamaraKUF",
        "code": "KUF"
    },
    {
        "flight": "destination",
        "country": "SochiAER",
        "code": "AER"
    },
    {
        "flight": "departure",
        "country": "YerevanEVN",
        "code": "EVN"
    },
    {
        "flight": "departure",
        "country": "BatumiBUS",
        "code": "BUS"
    },
    {
        "flight": "departure",
        "country": "Moscow SheremetyevoSVO",
        "code": "SVO"
    },
    {
        "flight": "departure",
        "country": "SamaraKUF",
        "code": "KUF"
    },
    {
        "flight": "departure",
        "country": "SochiAER",
        "code": "AER"
    }
]