[
    {
        "flight": "destination",
        "country": "ParoPBH",
        "code": "PBH"
    },
    {
        "flight": "destination",
        "country": "GayaGAY",
        "code": "GAY"
    },
    {
        "flight": "destination",
        "country": "KolkataCCU",
        "code": "CCU"
    },
    {
        "flight": "destination",
        "country": "New DelhiDEL",
        "code": "DEL"
    },
    {
        "flight": "destination",
        "country": "KathmanduKTM",
        "code": "KTM"
    },
    {
        "flight": "destination",
        "country": "BangkokBKK",
        "code": "BKK"
    },
    {
        "flight": "departure",
        "country": "ParoPBH",
        "code": "PBH"
    },
    {
        "flight": "departure",
        "country": "GayaGAY",
        "code": "GAY"
    },
    {
        "flight": "departure",
        "country": "KolkataCCU",
        "code": "CCU"
    },
    {
        "flight": "departure",
        "country": "New DelhiDEL",
        "code": "DEL"
    },
    {
        "flight": "departure",
        "country": "KathmanduKTM",
        "code": "KTM"
    },
    {
        "flight": "departure",
        "country": "BangkokBKK",
        "code": "BKK"
    }
]