[
    {
        "flight": "destination",
        "country": "TiranaTIA",
        "code": "TIA"
    },
    {
        "flight": "destination",
        "country": "YerevanEVN",
        "code": "EVN"
    },
    {
        "flight": "destination",
        "country": "SalzburgSZG",
        "code": "SZG"
    },
    {
        "flight": "destination",
        "country": "ViennaVIE",
        "code": "VIE"
    },
    {
        "flight": "destination",
        "country": "BakuGYD",
        "code": "GYD"
    },
    {
        "flight": "destination",
        "country": "BrusselsBRU",
        "code": "BRU"
    },
    {
        "flight": "destination",
        "country": "BurgasBOJ",
        "code": "BOJ"
    },
    {
        "flight": "destination",
        "country": "SofiaSOF",
        "code": "SOF"
    },
    {
        "flight": "destination",
        "country": "DubrovnikDBV",
        "code": "DBV"
    },
    {
        "flight": "destination",
        "country": "RijekaRJK",
        "code": "RJK"
    },
    {
        "flight": "destination",
        "country": "SplitSPU",
        "code": "SPU"
    },
    {
        "flight": "destination",
        "country": "LarnacaLCA",
        "code": "LCA"
    },
    {
        "flight": "destination",
        "country": "PraguePRG",
        "code": "PRG"
    },
    {
        "flight": "destination",
        "country": "AalborgAAL",
        "code": "AAL"
    },
    {
        "flight": "destination",
        "country": "BillundBLL",
        "code": "BLL"
    },
    {
        "flight": "destination",
        "country": "CopenhagenCPH",
        "code": "CPH"
    },
    {
        "flight": "destination",
        "country": "TallinnTLL",
        "code": "TLL"
    },
    {
        "flight": "destination",
        "country": "HelsinkiHEL",
        "code": "HEL"
    },
    {
        "flight": "destination",
        "country": "KittiläKTT",
        "code": "KTT"
    },
    {
        "flight": "destination",
        "country": "TampereTMP",
        "code": "TMP"
    },
    {
        "flight": "destination",
        "country": "TurkuTKU",
        "code": "TKU"
    },
    {
        "flight": "destination",
        "country": "NiceNCE",
        "code": "NCE"
    },
    {
        "flight": "destination",
        "country": "ParisCDG",
        "code": "CDG"
    },
    {
        "flight": "destination",
        "country": "BatumiBUS",
        "code": "BUS"
    },
    {
        "flight": "destination",
        "country": "TbilisiTBS",
        "code": "TBS"
    },
    {
        "flight": "destination",
        "country": "BerlinBER",
        "code": "BER"
    },
    {
        "flight": "destination",
        "country": "DüsseldorfDUS",
        "code": "DUS"
    },
    {
        "flight": "destination",
        "country": "FrankfurtFRA",
        "code": "FRA"
    },
    {
        "flight": "destination",
        "country": "HamburgHAM",
        "code": "HAM"
    },
    {
        "flight": "destination",
        "country": "HanoverHAJ",
        "code": "HAJ"
    },
    {
        "flight": "destination",
        "country": "MunichMUC",
        "code": "MUC"
    },
    {
        "flight": "destination",
        "country": "StuttgartSTR",
        "code": "STR"
    },
    {
        "flight": "destination",
        "country": "AthensATH",
        "code": "ATH"
    },
    {
        "flight": "destination",
        "country": "Corfu (Kerkyra)CFU",
        "code": "CFU"
    },
    {
        "flight": "destination",
        "country": "Heraklion (Crete)HER",
        "code": "HER"
    },
    {
        "flight": "destination",
        "country": "RhodesRHO",
        "code": "RHO"
    },
    {
        "flight": "destination",
        "country": "ThessalonikiSKG",
        "code": "SKG"
    },
    {
        "flight": "destination",
        "country": "BudapestBUD",
        "code": "BUD"
    },
    {
        "flight": "destination",
        "country": "Reykjavik (Keflavik)KEF",
        "code": "KEF"
    },
    {
        "flight": "destination",
        "country": "DublinDUB",
        "code": "DUB"
    },
    {
        "flight": "destination",
        "country": "Tel AvivTLV",
        "code": "TLV"
    },
    {
        "flight": "destination",
        "country": "CataniaCTA",
        "code": "CTA"
    },
    {
        "flight": "destination",
        "country": "Milan (Malpensa)MXP",
        "code": "MXP"
    },
    {
        "flight": "destination",
        "country": "NaplesNAP",
        "code": "NAP"
    },
    {
        "flight": "destination",
        "country": "Olbia (Sardinia)OLB",
        "code": "OLB"
    },
    {
        "flight": "destination",
        "country": "PisaPSA",
        "code": "PSA"
    },
    {
        "flight": "destination",
        "country": "Rome (Fiumicino)FCO",
        "code": "FCO"
    },
    {
        "flight": "destination",
        "country": "TurinTRN",
        "code": "TRN"
    },
    {
        "flight": "destination",
        "country": "Venice Marco PoloVCE",
        "code": "VCE"
    },
    {
        "flight": "destination",
        "country": "VeronaVRN",
        "code": "VRN"
    },
    {
        "flight": "destination",
        "country": "RigaRIX",
        "code": "RIX"
    },
    {
        "flight": "destination",
        "country": "PalangaPLQ",
        "code": "PLQ"
    },
    {
        "flight": "destination",
        "country": "VilniusVNO",
        "code": "VNO"
    },
    {
        "flight": "destination",
        "country": "MaltaMLA",
        "code": "MLA"
    },
    {
        "flight": "destination",
        "country": "ChișinăuKIV",
        "code": "KIV"
    },
    {
        "flight": "destination",
        "country": "TivatTIV",
        "code": "TIV"
    },
    {
        "flight": "destination",
        "country": "AgadirAGA",
        "code": "AGA"
    },
    {
        "flight": "destination",
        "country": "MarrakechRAK",
        "code": "RAK"
    },
    {
        "flight": "destination",
        "country": "AmsterdamAMS",
        "code": "AMS"
    },
    {
        "flight": "destination",
        "country": "BergenBGO",
        "code": "BGO"
    },
    {
        "flight": "destination",
        "country": "OsloOSL",
        "code": "OSL"
    },
    {
        "flight": "destination",
        "country": "Oslo (Torp)TRF",
        "code": "TRF"
    },
    {
        "flight": "destination",
        "country": "TrondheimTRD",
        "code": "TRD"
    },
    {
        "flight": "destination",
        "country": "KrakowKRK",
        "code": "KRK"
    },
    {
        "flight": "destination",
        "country": "LisbonLIS",
        "code": "LIS"
    },
    {
        "flight": "destination",
        "country": "PortoOPO",
        "code": "OPO"
    },
    {
        "flight": "destination",
        "country": "SkopjeSKP",
        "code": "SKP"
    },
    {
        "flight": "destination",
        "country": "BucharestOTP",
        "code": "OTP"
    },
    {
        "flight": "destination",
        "country": "BelgradeBEG",
        "code": "BEG"
    },
    {
        "flight": "destination",
        "country": "PristinaPRN",
        "code": "PRN"
    },
    {
        "flight": "destination",
        "country": "LjubljanaLJU",
        "code": "LJU"
    },
    {
        "flight": "destination",
        "country": "AlicanteALC",
        "code": "ALC"
    },
    {
        "flight": "destination",
        "country": "BarcelonaBCN",
        "code": "BCN"
    },
    {
        "flight": "destination",
        "country": "BilbaoBIO",
        "code": "BIO"
    },
    {
        "flight": "destination",
        "country": "Gran Canaria (Las Palmas)LPA",
        "code": "LPA"
    },
    {
        "flight": "destination",
        "country": "MadridMAD",
        "code": "MAD"
    },
    {
        "flight": "destination",
        "country": "MálagaAGP",
        "code": "AGP"
    },
    {
        "flight": "destination",
        "country": "Palma de MallorcaPMI",
        "code": "PMI"
    },
    {
        "flight": "destination",
        "country": "Tenerife (Reina Sofía)TFS",
        "code": "TFS"
    },
    {
        "flight": "destination",
        "country": "ValenciaVLC",
        "code": "VLC"
    },
    {
        "flight": "destination",
        "country": "GothenburgGOT",
        "code": "GOT"
    },
    {
        "flight": "destination",
        "country": "Stockholm (Arlanda)ARN",
        "code": "ARN"
    },
    {
        "flight": "destination",
        "country": "GenevaGVA",
        "code": "GVA"
    },
    {
        "flight": "destination",
        "country": "ZürichZRH",
        "code": "ZRH"
    },
    {
        "flight": "destination",
        "country": "IstanbulIST",
        "code": "IST"
    },
    {
        "flight": "destination",
        "country": "DubaiDXB",
        "code": "DXB"
    },
    {
        "flight": "destination",
        "country": "AberdeenABZ",
        "code": "ABZ"
    },
    {
        "flight": "destination",
        "country": "London GatwickLGW",
        "code": "LGW"
    },
    {
        "flight": "departure",
        "country": "TiranaTIA",
        "code": "TIA"
    },
    {
        "flight": "departure",
        "country": "YerevanEVN",
        "code": "EVN"
    },
    {
        "flight": "departure",
        "country": "SalzburgSZG",
        "code": "SZG"
    },
    {
        "flight": "departure",
        "country": "ViennaVIE",
        "code": "VIE"
    },
    {
        "flight": "departure",
        "country": "BakuGYD",
        "code": "GYD"
    },
    {
        "flight": "departure",
        "country": "BrusselsBRU",
        "code": "BRU"
    },
    {
        "flight": "departure",
        "country": "BurgasBOJ",
        "code": "BOJ"
    },
    {
        "flight": "departure",
        "country": "SofiaSOF",
        "code": "SOF"
    },
    {
        "flight": "departure",
        "country": "DubrovnikDBV",
        "code": "DBV"
    },
    {
        "flight": "departure",
        "country": "RijekaRJK",
        "code": "RJK"
    },
    {
        "flight": "departure",
        "country": "SplitSPU",
        "code": "SPU"
    },
    {
        "flight": "departure",
        "country": "LarnacaLCA",
        "code": "LCA"
    },
    {
        "flight": "departure",
        "country": "PraguePRG",
        "code": "PRG"
    },
    {
        "flight": "departure",
        "country": "AalborgAAL",
        "code": "AAL"
    },
    {
        "flight": "departure",
        "country": "BillundBLL",
        "code": "BLL"
    },
    {
        "flight": "departure",
        "country": "CopenhagenCPH",
        "code": "CPH"
    },
    {
        "flight": "departure",
        "country": "TallinnTLL",
        "code": "TLL"
    },
    {
        "flight": "departure",
        "country": "HelsinkiHEL",
        "code": "HEL"
    },
    {
        "flight": "departure",
        "country": "KittiläKTT",
        "code": "KTT"
    },
    {
        "flight": "departure",
        "country": "TampereTMP",
        "code": "TMP"
    },
    {
        "flight": "departure",
        "country": "TurkuTKU",
        "code": "TKU"
    },
    {
        "flight": "departure",
        "country": "NiceNCE",
        "code": "NCE"
    },
    {
        "flight": "departure",
        "country": "ParisCDG",
        "code": "CDG"
    },
    {
        "flight": "departure",
        "country": "BatumiBUS",
        "code": "BUS"
    },
    {
        "flight": "departure",
        "country": "TbilisiTBS",
        "code": "TBS"
    },
    {
        "flight": "departure",
        "country": "BerlinBER",
        "code": "BER"
    },
    {
        "flight": "departure",
        "country": "DüsseldorfDUS",
        "code": "DUS"
    },
    {
        "flight": "departure",
        "country": "FrankfurtFRA",
        "code": "FRA"
    },
    {
        "flight": "departure",
        "country": "HamburgHAM",
        "code": "HAM"
    },
    {
        "flight": "departure",
        "country": "HanoverHAJ",
        "code": "HAJ"
    },
    {
        "flight": "departure",
        "country": "MunichMUC",
        "code": "MUC"
    },
    {
        "flight": "departure",
        "country": "StuttgartSTR",
        "code": "STR"
    },
    {
        "flight": "departure",
        "country": "AthensATH",
        "code": "ATH"
    },
    {
        "flight": "departure",
        "country": "Corfu (Kerkyra)CFU",
        "code": "CFU"
    },
    {
        "flight": "departure",
        "country": "Heraklion (Crete)HER",
        "code": "HER"
    },
    {
        "flight": "departure",
        "country": "RhodesRHO",
        "code": "RHO"
    },
    {
        "flight": "departure",
        "country": "ThessalonikiSKG",
        "code": "SKG"
    },
    {
        "flight": "departure",
        "country": "BudapestBUD",
        "code": "BUD"
    },
    {
        "flight": "departure",
        "country": "Reykjavik (Keflavik)KEF",
        "code": "KEF"
    },
    {
        "flight": "departure",
        "country": "DublinDUB",
        "code": "DUB"
    },
    {
        "flight": "departure",
        "country": "Tel AvivTLV",
        "code": "TLV"
    },
    {
        "flight": "departure",
        "country": "CataniaCTA",
        "code": "CTA"
    },
    {
        "flight": "departure",
        "country": "Milan (Malpensa)MXP",
        "code": "MXP"
    },
    {
        "flight": "departure",
        "country": "NaplesNAP",
        "code": "NAP"
    },
    {
        "flight": "departure",
        "country": "Olbia (Sardinia)OLB",
        "code": "OLB"
    },
    {
        "flight": "departure",
        "country": "PisaPSA",
        "code": "PSA"
    },
    {
        "flight": "departure",
        "country": "Rome (Fiumicino)FCO",
        "code": "FCO"
    },
    {
        "flight": "departure",
        "country": "TurinTRN",
        "code": "TRN"
    },
    {
        "flight": "departure",
        "country": "Venice Marco PoloVCE",
        "code": "VCE"
    },
    {
        "flight": "departure",
        "country": "VeronaVRN",
        "code": "VRN"
    },
    {
        "flight": "departure",
        "country": "RigaRIX",
        "code": "RIX"
    },
    {
        "flight": "departure",
        "country": "PalangaPLQ",
        "code": "PLQ"
    },
    {
        "flight": "departure",
        "country": "VilniusVNO",
        "code": "VNO"
    },
    {
        "flight": "departure",
        "country": "MaltaMLA",
        "code": "MLA"
    },
    {
        "flight": "departure",
        "country": "ChișinăuKIV",
        "code": "KIV"
    },
    {
        "flight": "departure",
        "country": "TivatTIV",
        "code": "TIV"
    },
    {
        "flight": "departure",
        "country": "AgadirAGA",
        "code": "AGA"
    },
    {
        "flight": "departure",
        "country": "MarrakechRAK",
        "code": "RAK"
    },
    {
        "flight": "departure",
        "country": "AmsterdamAMS",
        "code": "AMS"
    },
    {
        "flight": "departure",
        "country": "BergenBGO",
        "code": "BGO"
    },
    {
        "flight": "departure",
        "country": "OsloOSL",
        "code": "OSL"
    },
    {
        "flight": "departure",
        "country": "Oslo (Torp)TRF",
        "code": "TRF"
    },
    {
        "flight": "departure",
        "country": "TrondheimTRD",
        "code": "TRD"
    },
    {
        "flight": "departure",
        "country": "KrakowKRK",
        "code": "KRK"
    },
    {
        "flight": "departure",
        "country": "LisbonLIS",
        "code": "LIS"
    },
    {
        "flight": "departure",
        "country": "PortoOPO",
        "code": "OPO"
    },
    {
        "flight": "departure",
        "country": "SkopjeSKP",
        "code": "SKP"
    },
    {
        "flight": "departure",
        "country": "BucharestOTP",
        "code": "OTP"
    },
    {
        "flight": "departure",
        "country": "BelgradeBEG",
        "code": "BEG"
    },
    {
        "flight": "departure",
        "country": "PristinaPRN",
        "code": "PRN"
    },
    {
        "flight": "departure",
        "country": "LjubljanaLJU",
        "code": "LJU"
    },
    {
        "flight": "departure",
        "country": "AlicanteALC",
        "code": "ALC"
    },
    {
        "flight": "departure",
        "country": "BarcelonaBCN",
        "code": "BCN"
    },
    {
        "flight": "departure",
        "country": "BilbaoBIO",
        "code": "BIO"
    },
    {
        "flight": "departure",
        "country": "Gran Canaria (Las Palmas)LPA",
        "code": "LPA"
    },
    {
        "flight": "departure",
        "country": "MadridMAD",
        "code": "MAD"
    },
    {
        "flight": "departure",
        "country": "MálagaAGP",
        "code": "AGP"
    },
    {
        "flight": "departure",
        "country": "Palma de MallorcaPMI",
        "code": "PMI"
    },
    {
        "flight": "departure",
        "country": "Tenerife (Reina Sofía)TFS",
        "code": "TFS"
    },
    {
        "flight": "departure",
        "country": "ValenciaVLC",
        "code": "VLC"
    },
    {
        "flight": "departure",
        "country": "GothenburgGOT",
        "code": "GOT"
    },
    {
        "flight": "departure",
        "country": "Stockholm (Arlanda)ARN",
        "code": "ARN"
    },
    {
        "flight": "departure",
        "country": "GenevaGVA",
        "code": "GVA"
    },
    {
        "flight": "departure",
        "country": "ZürichZRH",
        "code": "ZRH"
    },
    {
        "flight": "departure",
        "country": "IstanbulIST",
        "code": "IST"
    },
    {
        "flight": "departure",
        "country": "DubaiDXB",
        "code": "DXB"
    },
    {
        "flight": "departure",
        "country": "AberdeenABZ",
        "code": "ABZ"
    },
    {
        "flight": "departure",
        "country": "London GatwickLGW",
        "code": "LGW"
    }
]