[
    {
        "flight": "destination",
        "country": "BishkekFRU",
        "code": "FRU"
    },
    {
        "flight": "destination",
        "country": "OshOSS",
        "code": "OSS"
    },
    {
        "flight": "destination",
        "country": "IrkutskIKT",
        "code": "IKT"
    },
    {
        "flight": "destination",
        "country": "KazanKZN",
        "code": "KZN"
    },
    {
        "flight": "destination",
        "country": "KrasnoyarskKJA",
        "code": "KJA"
    },
    {
        "flight": "destination",
        "country": "Moscow DomodedovoDME",
        "code": "DME"
    },
    {
        "flight": "destination",
        "country": "NovosibirskOVB",
        "code": "OVB"
    },
    {
        "flight": "destination",
        "country": "Saint PetersburgLED",
        "code": "LED"
    },
    {
        "flight": "destination",
        "country": "YekaterinburgSVX",
        "code": "SVX"
    },
    {
        "flight": "departure",
        "country": "BishkekFRU",
        "code": "FRU"
    },
    {
        "flight": "departure",
        "country": "OshOSS",
        "code": "OSS"
    },
    {
        "flight": "departure",
        "country": "IrkutskIKT",
        "code": "IKT"
    },
    {
        "flight": "departure",
        "country": "KazanKZN",
        "code": "KZN"
    },
    {
        "flight": "departure",
        "country": "KrasnoyarskKJA",
        "code": "KJA"
    },
    {
        "flight": "departure",
        "country": "Moscow DomodedovoDME",
        "code": "DME"
    },
    {
        "flight": "departure",
        "country": "NovosibirskOVB",
        "code": "OVB"
    },
    {
        "flight": "departure",
        "country": "Saint PetersburgLED",
        "code": "LED"
    },
    {
        "flight": "departure",
        "country": "YekaterinburgSVX",
        "code": "SVX"
    }
]