[
    {
        "flight": "destination",
        "country": "BogotáBOG",
        "code": "BOG"
    },
    {
        "flight": "destination",
        "country": "CartagenaCTG",
        "code": "CTG"
    },
    {
        "flight": "destination",
        "country": "MalaboSSG",
        "code": "SSG"
    },
    {
        "flight": "destination",
        "country": "LimaLIM",
        "code": "LIM"
    },
    {
        "flight": "destination",
        "country": "MadridMAD",
        "code": "MAD"
    },
    {
        "flight": "destination",
        "country": "Tenerife (Los Rodeos)TFN",
        "code": "TFN"
    },
    {
        "flight": "destination",
        "country": "CaracasCCS",
        "code": "CCS"
    },
    {
        "flight": "departure",
        "country": "BogotáBOG",
        "code": "BOG"
    },
    {
        "flight": "departure",
        "country": "CartagenaCTG",
        "code": "CTG"
    },
    {
        "flight": "departure",
        "country": "MalaboSSG",
        "code": "SSG"
    },
    {
        "flight": "departure",
        "country": "LimaLIM",
        "code": "LIM"
    },
    {
        "flight": "departure",
        "country": "MadridMAD",
        "code": "MAD"
    },
    {
        "flight": "departure",
        "country": "Tenerife (Los Rodeos)TFN",
        "code": "TFN"
    },
    {
        "flight": "departure",
        "country": "CaracasCCS",
        "code": "CCS"
    }
]