[
    {
        "flight": "destination",
        "country": "BaotouBAV",
        "code": "BAV"
    },
    {
        "flight": "destination",
        "country": "Beijing DaxingPKX",
        "code": "PKX"
    },
    {
        "flight": "destination",
        "country": "Changchun and Jilin CityCGQ",
        "code": "CGQ"
    },
    {
        "flight": "destination",
        "country": "ChangshaCSX",
        "code": "CSX"
    },
    {
        "flight": "destination",
        "country": "ChangzhiCIH",
        "code": "CIH"
    },
    {
        "flight": "destination",
        "country": "ChengduTFU",
        "code": "TFU"
    },
    {
        "flight": "destination",
        "country": "ChongqingCKG",
        "code": "CKG"
    },
    {
        "flight": "destination",
        "country": "DalianDLC",
        "code": "DLC"
    },
    {
        "flight": "destination",
        "country": "GuilinKWL",
        "code": "KWL"
    },
    {
        "flight": "destination",
        "country": "GuiyangKWE",
        "code": "KWE"
    },
    {
        "flight": "destination",
        "country": "HaikouHAK",
        "code": "HAK"
    },
    {
        "flight": "destination",
        "country": "HangzhouHGH",
        "code": "HGH"
    },
    {
        "flight": "destination",
        "country": "JinghongJHG",
        "code": "JHG"
    },
    {
        "flight": "destination",
        "country": "JingzhouSHS",
        "code": "SHS"
    },
    {
        "flight": "destination",
        "country": "KunmingKMG",
        "code": "KMG"
    },
    {
        "flight": "destination",
        "country": "LanzhouLHW",
        "code": "LHW"
    },
    {
        "flight": "destination",
        "country": "LianyungangLYG",
        "code": "LYG"
    },
    {
        "flight": "destination",
        "country": "NanjingNKG",
        "code": "NKG"
    },
    {
        "flight": "destination",
        "country": "NanningNNG",
        "code": "NNG"
    },
    {
        "flight": "destination",
        "country": "NantongNTG",
        "code": "NTG"
    },
    {
        "flight": "destination",
        "country": "QingdaoTAO",
        "code": "TAO"
    },
    {
        "flight": "destination",
        "country": "QingyangIQN",
        "code": "IQN"
    },
    {
        "flight": "destination",
        "country": "QuanzhouJJN",
        "code": "JJN"
    },
    {
        "flight": "destination",
        "country": "SanyaSYX",
        "code": "SYX"
    },
    {
        "flight": "destination",
        "country": "ShanghaiPVG",
        "code": "PVG"
    },
    {
        "flight": "destination",
        "country": "ShenyangSHE",
        "code": "SHE"
    },
    {
        "flight": "destination",
        "country": "ShenzhenSZX",
        "code": "SZX"
    },
    {
        "flight": "destination",
        "country": "TaiyuanTYN",
        "code": "TYN"
    },
    {
        "flight": "destination",
        "country": "WanzhouWXN",
        "code": "WXN"
    },
    {
        "flight": "destination",
        "country": "Wuhu XuanzhouWHA",
        "code": "WHA"
    },
    {
        "flight": "destination",
        "country": "Wuxi / SuzhouWUX",
        "code": "WUX"
    },
    {
        "flight": "destination",
        "country": "Xi'anXIY",
        "code": "XIY"
    },
    {
        "flight": "destination",
        "country": "XiningXNN",
        "code": "XNN"
    },
    {
        "flight": "destination",
        "country": "YichangYIH",
        "code": "YIH"
    },
    {
        "flight": "destination",
        "country": "YiwuYIW",
        "code": "YIW"
    },
    {
        "flight": "destination",
        "country": "ZhengzhouCGO",
        "code": "CGO"
    },
    {
        "flight": "destination",
        "country": "ZhoushanHSN",
        "code": "HSN"
    },
    {
        "flight": "destination",
        "country": "ZhuhaiZUH",
        "code": "ZUH"
    },
    {
        "flight": "departure",
        "country": "BaotouBAV",
        "code": "BAV"
    },
    {
        "flight": "departure",
        "country": "Beijing DaxingPKX",
        "code": "PKX"
    },
    {
        "flight": "departure",
        "country": "Changchun and Jilin CityCGQ",
        "code": "CGQ"
    },
    {
        "flight": "departure",
        "country": "ChangshaCSX",
        "code": "CSX"
    },
    {
        "flight": "departure",
        "country": "ChangzhiCIH",
        "code": "CIH"
    },
    {
        "flight": "departure",
        "country": "ChengduTFU",
        "code": "TFU"
    },
    {
        "flight": "departure",
        "country": "ChongqingCKG",
        "code": "CKG"
    },
    {
        "flight": "departure",
        "country": "DalianDLC",
        "code": "DLC"
    },
    {
        "flight": "departure",
        "country": "GuilinKWL",
        "code": "KWL"
    },
    {
        "flight": "departure",
        "country": "GuiyangKWE",
        "code": "KWE"
    },
    {
        "flight": "departure",
        "country": "HaikouHAK",
        "code": "HAK"
    },
    {
        "flight": "departure",
        "country": "HangzhouHGH",
        "code": "HGH"
    },
    {
        "flight": "departure",
        "country": "JinghongJHG",
        "code": "JHG"
    },
    {
        "flight": "departure",
        "country": "JingzhouSHS",
        "code": "SHS"
    },
    {
        "flight": "departure",
        "country": "KunmingKMG",
        "code": "KMG"
    },
    {
        "flight": "departure",
        "country": "LanzhouLHW",
        "code": "LHW"
    },
    {
        "flight": "departure",
        "country": "LianyungangLYG",
        "code": "LYG"
    },
    {
        "flight": "departure",
        "country": "NanjingNKG",
        "code": "NKG"
    },
    {
        "flight": "departure",
        "country": "NanningNNG",
        "code": "NNG"
    },
    {
        "flight": "departure",
        "country": "NantongNTG",
        "code": "NTG"
    },
    {
        "flight": "departure",
        "country": "QingdaoTAO",
        "code": "TAO"
    },
    {
        "flight": "departure",
        "country": "QingyangIQN",
        "code": "IQN"
    },
    {
        "flight": "departure",
        "country": "QuanzhouJJN",
        "code": "JJN"
    },
    {
        "flight": "departure",
        "country": "SanyaSYX",
        "code": "SYX"
    },
    {
        "flight": "departure",
        "country": "ShanghaiPVG",
        "code": "PVG"
    },
    {
        "flight": "departure",
        "country": "ShenyangSHE",
        "code": "SHE"
    },
    {
        "flight": "departure",
        "country": "ShenzhenSZX",
        "code": "SZX"
    },
    {
        "flight": "departure",
        "country": "TaiyuanTYN",
        "code": "TYN"
    },
    {
        "flight": "departure",
        "country": "WanzhouWXN",
        "code": "WXN"
    },
    {
        "flight": "departure",
        "country": "Wuhu XuanzhouWHA",
        "code": "WHA"
    },
    {
        "flight": "departure",
        "country": "Wuxi / SuzhouWUX",
        "code": "WUX"
    },
    {
        "flight": "departure",
        "country": "Xi'anXIY",
        "code": "XIY"
    },
    {
        "flight": "departure",
        "country": "XiningXNN",
        "code": "XNN"
    },
    {
        "flight": "departure",
        "country": "YichangYIH",
        "code": "YIH"
    },
    {
        "flight": "departure",
        "country": "YiwuYIW",
        "code": "YIW"
    },
    {
        "flight": "departure",
        "country": "ZhengzhouCGO",
        "code": "CGO"
    },
    {
        "flight": "departure",
        "country": "ZhoushanHSN",
        "code": "HSN"
    },
    {
        "flight": "departure",
        "country": "ZhuhaiZUH",
        "code": "ZUH"
    }
]