[
    {
        "flight": "destination",
        "country": "GuangzhouCAN",
        "code": "CAN"
    },
    {
        "flight": "destination",
        "country": "CairoCAI",
        "code": "CAI"
    },
    {
        "flight": "destination",
        "country": "AhmedabadAMD",
        "code": "AMD"
    },
    {
        "flight": "destination",
        "country": "MumbaiBOM",
        "code": "BOM"
    },
    {
        "flight": "destination",
        "country": "New DelhiDEL",
        "code": "DEL"
    },
    {
        "flight": "destination",
        "country": "MashhadMHD",
        "code": "MHD"
    },
    {
        "flight": "destination",
        "country": "TehranIKA",
        "code": "IKA"
    },
    {
        "flight": "destination",
        "country": "Al NajafNJF",
        "code": "NJF"
    },
    {
        "flight": "destination",
        "country": "BaghdadBGW",
        "code": "BGW"
    },
    {
        "flight": "destination",
        "country": "BasraBSR",
        "code": "BSR"
    },
    {
        "flight": "destination",
        "country": "ErbilEBL",
        "code": "EBL"
    },
    {
        "flight": "destination",
        "country": "KirkukKIK",
        "code": "KIK"
    },
    {
        "flight": "destination",
        "country": "SulaymaniyahISU",
        "code": "ISU"
    },
    {
        "flight": "destination",
        "country": "AmmanAMM",
        "code": "AMM"
    },
    {
        "flight": "destination",
        "country": "Kuwait CityKWI",
        "code": "KWI"
    },
    {
        "flight": "destination",
        "country": "BeirutBEY",
        "code": "BEY"
    },
    {
        "flight": "destination",
        "country": "IslamabadISB",
        "code": "ISB"
    },
    {
        "flight": "destination",
        "country": "KarachiKHI",
        "code": "KHI"
    },
    {
        "flight": "destination",
        "country": "Moscow VnukovoVKO",
        "code": "VKO"
    },
    {
        "flight": "destination",
        "country": "AnkaraESB",
        "code": "ESB"
    },
    {
        "flight": "destination",
        "country": "AntalyaAYT",
        "code": "AYT"
    },
    {
        "flight": "destination",
        "country": "IstanbulIST",
        "code": "IST"
    },
    {
        "flight": "destination",
        "country": "Istanbul (Sabiha)SAW",
        "code": "SAW"
    },
    {
        "flight": "destination",
        "country": "SamsunSZF",
        "code": "SZF"
    },
    {
        "flight": "destination",
        "country": "DubaiDXB",
        "code": "DXB"
    },
    {
        "flight": "departure",
        "country": "GuangzhouCAN",
        "code": "CAN"
    },
    {
        "flight": "departure",
        "country": "CairoCAI",
        "code": "CAI"
    },
    {
        "flight": "departure",
        "country": "AhmedabadAMD",
        "code": "AMD"
    },
    {
        "flight": "departure",
        "country": "MumbaiBOM",
        "code": "BOM"
    },
    {
        "flight": "departure",
        "country": "New DelhiDEL",
        "code": "DEL"
    },
    {
        "flight": "departure",
        "country": "MashhadMHD",
        "code": "MHD"
    },
    {
        "flight": "departure",
        "country": "TehranIKA",
        "code": "IKA"
    },
    {
        "flight": "departure",
        "country": "Al NajafNJF",
        "code": "NJF"
    },
    {
        "flight": "departure",
        "country": "BaghdadBGW",
        "code": "BGW"
    },
    {
        "flight": "departure",
        "country": "BasraBSR",
        "code": "BSR"
    },
    {
        "flight": "departure",
        "country": "ErbilEBL",
        "code": "EBL"
    },
    {
        "flight": "departure",
        "country": "KirkukKIK",
        "code": "KIK"
    },
    {
        "flight": "departure",
        "country": "SulaymaniyahISU",
        "code": "ISU"
    },
    {
        "flight": "departure",
        "country": "AmmanAMM",
        "code": "AMM"
    },
    {
        "flight": "departure",
        "country": "Kuwait CityKWI",
        "code": "KWI"
    },
    {
        "flight": "departure",
        "country": "BeirutBEY",
        "code": "BEY"
    },
    {
        "flight": "departure",
        "country": "IslamabadISB",
        "code": "ISB"
    },
    {
        "flight": "departure",
        "country": "KarachiKHI",
        "code": "KHI"
    },
    {
        "flight": "departure",
        "country": "Moscow VnukovoVKO",
        "code": "VKO"
    },
    {
        "flight": "departure",
        "country": "AnkaraESB",
        "code": "ESB"
    },
    {
        "flight": "departure",
        "country": "AntalyaAYT",
        "code": "AYT"
    },
    {
        "flight": "departure",
        "country": "IstanbulIST",
        "code": "IST"
    },
    {
        "flight": "departure",
        "country": "Istanbul (Sabiha)SAW",
        "code": "SAW"
    },
    {
        "flight": "departure",
        "country": "SamsunSZF",
        "code": "SZF"
    },
    {
        "flight": "departure",
        "country": "DubaiDXB",
        "code": "DXB"
    }
]