[
    {
        "flight": "destination",
        "country": "CalgaryYYC",
        "code": "YYC"
    },
    {
        "flight": "destination",
        "country": "Dawson CityYDA",
        "code": "YDA"
    },
    {
        "flight": "destination",
        "country": "EdmontonYEG",
        "code": "YEG"
    },
    {
        "flight": "destination",
        "country": "InuvikYEV",
        "code": "YEV"
    },
    {
        "flight": "destination",
        "country": "KelownaYLW",
        "code": "YLW"
    },
    {
        "flight": "destination",
        "country": "Old Crow, YukonYOC",
        "code": "YOC"
    },
    {
        "flight": "destination",
        "country": "OttawaYOW",
        "code": "YOW"
    },
    {
        "flight": "destination",
        "country": "TorontoYYZ",
        "code": "YYZ"
    },
    {
        "flight": "destination",
        "country": "VancouverYVR",
        "code": "YVR"
    },
    {
        "flight": "destination",
        "country": "VictoriaYYJ",
        "code": "YYJ"
    },
    {
        "flight": "destination",
        "country": "WhitehorseYXY",
        "code": "YXY"
    },
    {
        "flight": "destination",
        "country": "YellowknifeYZF",
        "code": "YZF"
    },
    {
        "flight": "departure",
        "country": "CalgaryYYC",
        "code": "YYC"
    },
    {
        "flight": "departure",
        "country": "Dawson CityYDA",
        "code": "YDA"
    },
    {
        "flight": "departure",
        "country": "EdmontonYEG",
        "code": "YEG"
    },
    {
        "flight": "departure",
        "country": "InuvikYEV",
        "code": "YEV"
    },
    {
        "flight": "departure",
        "country": "KelownaYLW",
        "code": "YLW"
    },
    {
        "flight": "departure",
        "country": "Old Crow, YukonYOC",
        "code": "YOC"
    },
    {
        "flight": "departure",
        "country": "OttawaYOW",
        "code": "YOW"
    },
    {
        "flight": "departure",
        "country": "TorontoYYZ",
        "code": "YYZ"
    },
    {
        "flight": "departure",
        "country": "VancouverYVR",
        "code": "YVR"
    },
    {
        "flight": "departure",
        "country": "VictoriaYYJ",
        "code": "YYJ"
    },
    {
        "flight": "departure",
        "country": "WhitehorseYXY",
        "code": "YXY"
    },
    {
        "flight": "departure",
        "country": "YellowknifeYZF",
        "code": "YZF"
    }
]