[
    {
        "flight": "destination",
        "country": "Buenos AiresAEP",
        "code": "AEP"
    },
    {
        "flight": "destination",
        "country": "Buenos AiresEZE",
        "code": "EZE"
    },
    {
        "flight": "destination",
        "country": "FlorianópolisFLN",
        "code": "FLN"
    },
    {
        "flight": "destination",
        "country": "Foz do IguaçuIGU",
        "code": "IGU"
    },
    {
        "flight": "destination",
        "country": "Rio de JaneiroGIG",
        "code": "GIG"
    },
    {
        "flight": "destination",
        "country": "São PauloGRU",
        "code": "GRU"
    },
    {
        "flight": "destination",
        "country": "AntofagastaANF",
        "code": "ANF"
    },
    {
        "flight": "destination",
        "country": "AricaARI",
        "code": "ARI"
    },
    {
        "flight": "destination",
        "country": "BalmacedaBBA",
        "code": "BBA"
    },
    {
        "flight": "destination",
        "country": "CalamaCJC",
        "code": "CJC"
    },
    {
        "flight": "destination",
        "country": "CastroMHC",
        "code": "MHC"
    },
    {
        "flight": "destination",
        "country": "ConcepciónCCP",
        "code": "CCP"
    },
    {
        "flight": "destination",
        "country": "IquiqueIQQ",
        "code": "IQQ"
    },
    {
        "flight": "destination",
        "country": "La SerenaLSC",
        "code": "LSC"
    },
    {
        "flight": "destination",
        "country": "Puerto MonttPMC",
        "code": "PMC"
    },
    {
        "flight": "destination",
        "country": "Puerto NatalesPNT",
        "code": "PNT"
    },
    {
        "flight": "destination",
        "country": "Punta ArenasPUQ",
        "code": "PUQ"
    },
    {
        "flight": "destination",
        "country": "Santiago de ChileSCL",
        "code": "SCL"
    },
    {
        "flight": "destination",
        "country": "TemucoZCO",
        "code": "ZCO"
    },
    {
        "flight": "destination",
        "country": "BogotáBOG",
        "code": "BOG"
    },
    {
        "flight": "destination",
        "country": "CaliCLO",
        "code": "CLO"
    },
    {
        "flight": "destination",
        "country": "CartagenaCTG",
        "code": "CTG"
    },
    {
        "flight": "destination",
        "country": "CúcutaCUC",
        "code": "CUC"
    },
    {
        "flight": "destination",
        "country": "MedellínMDE",
        "code": "MDE"
    },
    {
        "flight": "destination",
        "country": "ArequipaAQP",
        "code": "AQP"
    },
    {
        "flight": "destination",
        "country": "CajamarcaCJA",
        "code": "CJA"
    },
    {
        "flight": "destination",
        "country": "ChiclayoCIX",
        "code": "CIX"
    },
    {
        "flight": "destination",
        "country": "CuscoCUZ",
        "code": "CUZ"
    },
    {
        "flight": "destination",
        "country": "LimaLIM",
        "code": "LIM"
    },
    {
        "flight": "destination",
        "country": "PiuraPIU",
        "code": "PIU"
    },
    {
        "flight": "destination",
        "country": "TarapotoTPP",
        "code": "TPP"
    },
    {
        "flight": "destination",
        "country": "TrujilloTRU",
        "code": "TRU"
    },
    {
        "flight": "destination",
        "country": "MontevideoMVD",
        "code": "MVD"
    },
    {
        "flight": "departure",
        "country": "Buenos AiresAEP",
        "code": "AEP"
    },
    {
        "flight": "departure",
        "country": "Buenos AiresEZE",
        "code": "EZE"
    },
    {
        "flight": "departure",
        "country": "FlorianópolisFLN",
        "code": "FLN"
    },
    {
        "flight": "departure",
        "country": "Foz do IguaçuIGU",
        "code": "IGU"
    },
    {
        "flight": "departure",
        "country": "Rio de JaneiroGIG",
        "code": "GIG"
    },
    {
        "flight": "departure",
        "country": "São PauloGRU",
        "code": "GRU"
    },
    {
        "flight": "departure",
        "country": "AntofagastaANF",
        "code": "ANF"
    },
    {
        "flight": "departure",
        "country": "AricaARI",
        "code": "ARI"
    },
    {
        "flight": "departure",
        "country": "BalmacedaBBA",
        "code": "BBA"
    },
    {
        "flight": "departure",
        "country": "CalamaCJC",
        "code": "CJC"
    },
    {
        "flight": "departure",
        "country": "CastroMHC",
        "code": "MHC"
    },
    {
        "flight": "departure",
        "country": "ConcepciónCCP",
        "code": "CCP"
    },
    {
        "flight": "departure",
        "country": "IquiqueIQQ",
        "code": "IQQ"
    },
    {
        "flight": "departure",
        "country": "La SerenaLSC",
        "code": "LSC"
    },
    {
        "flight": "departure",
        "country": "Puerto MonttPMC",
        "code": "PMC"
    },
    {
        "flight": "departure",
        "country": "Puerto NatalesPNT",
        "code": "PNT"
    },
    {
        "flight": "departure",
        "country": "Punta ArenasPUQ",
        "code": "PUQ"
    },
    {
        "flight": "departure",
        "country": "Santiago de ChileSCL",
        "code": "SCL"
    },
    {
        "flight": "departure",
        "country": "TemucoZCO",
        "code": "ZCO"
    },
    {
        "flight": "departure",
        "country": "BogotáBOG",
        "code": "BOG"
    },
    {
        "flight": "departure",
        "country": "CaliCLO",
        "code": "CLO"
    },
    {
        "flight": "departure",
        "country": "CartagenaCTG",
        "code": "CTG"
    },
    {
        "flight": "departure",
        "country": "CúcutaCUC",
        "code": "CUC"
    },
    {
        "flight": "departure",
        "country": "MedellínMDE",
        "code": "MDE"
    },
    {
        "flight": "departure",
        "country": "ArequipaAQP",
        "code": "AQP"
    },
    {
        "flight": "departure",
        "country": "CajamarcaCJA",
        "code": "CJA"
    },
    {
        "flight": "departure",
        "country": "ChiclayoCIX",
        "code": "CIX"
    },
    {
        "flight": "departure",
        "country": "CuscoCUZ",
        "code": "CUZ"
    },
    {
        "flight": "departure",
        "country": "LimaLIM",
        "code": "LIM"
    },
    {
        "flight": "departure",
        "country": "PiuraPIU",
        "code": "PIU"
    },
    {
        "flight": "departure",
        "country": "TarapotoTPP",
        "code": "TPP"
    },
    {
        "flight": "departure",
        "country": "TrujilloTRU",
        "code": "TRU"
    },
    {
        "flight": "departure",
        "country": "MontevideoMVD",
        "code": "MVD"
    }
]