[
    {
        "flight": "destination",
        "country": "YerevanEVN",
        "code": "EVN"
    },
    {
        "flight": "destination",
        "country": "BakuGYD",
        "code": "GYD"
    },
    {
        "flight": "destination",
        "country": "MinskMSQ",
        "code": "MSQ"
    },
    {
        "flight": "destination",
        "country": "BatumiBUS",
        "code": "BUS"
    },
    {
        "flight": "destination",
        "country": "KutaisiKUT",
        "code": "KUT"
    },
    {
        "flight": "destination",
        "country": "TbilisiTBS",
        "code": "TBS"
    },
    {
        "flight": "destination",
        "country": "New DelhiDEL",
        "code": "DEL"
    },
    {
        "flight": "destination",
        "country": "AstanaNQZ",
        "code": "NQZ"
    },
    {
        "flight": "destination",
        "country": "KaliningradKGD",
        "code": "KGD"
    },
    {
        "flight": "destination",
        "country": "KazanKZN",
        "code": "KZN"
    },
    {
        "flight": "destination",
        "country": "Moscow DomodedovoDME",
        "code": "DME"
    },
    {
        "flight": "destination",
        "country": "Moscow SheremetyevoSVO",
        "code": "SVO"
    },
    {
        "flight": "destination",
        "country": "Moscow VnukovoVKO",
        "code": "VKO"
    },
    {
        "flight": "destination",
        "country": "MurmanskMMK",
        "code": "MMK"
    },
    {
        "flight": "destination",
        "country": "Saint PetersburgLED",
        "code": "LED"
    },
    {
        "flight": "destination",
        "country": "SochiAER",
        "code": "AER"
    },
    {
        "flight": "destination",
        "country": "YekaterinburgSVX",
        "code": "SVX"
    },
    {
        "flight": "destination",
        "country": "IstanbulIST",
        "code": "IST"
    },
    {
        "flight": "destination",
        "country": "TürkmenbaşyKRW",
        "code": "KRW"
    },
    {
        "flight": "destination",
        "country": "Abu DhabiAUH",
        "code": "AUH"
    },
    {
        "flight": "destination",
        "country": "DubaiDXB",
        "code": "DXB"
    },
    {
        "flight": "destination",
        "country": "Dubai (Sharjah)SHJ",
        "code": "SHJ"
    },
    {
        "flight": "destination",
        "country": "TashkentTAS",
        "code": "TAS"
    },
    {
        "flight": "departure",
        "country": "YerevanEVN",
        "code": "EVN"
    },
    {
        "flight": "departure",
        "country": "BakuGYD",
        "code": "GYD"
    },
    {
        "flight": "departure",
        "country": "MinskMSQ",
        "code": "MSQ"
    },
    {
        "flight": "departure",
        "country": "BatumiBUS",
        "code": "BUS"
    },
    {
        "flight": "departure",
        "country": "KutaisiKUT",
        "code": "KUT"
    },
    {
        "flight": "departure",
        "country": "TbilisiTBS",
        "code": "TBS"
    },
    {
        "flight": "departure",
        "country": "New DelhiDEL",
        "code": "DEL"
    },
    {
        "flight": "departure",
        "country": "AstanaNQZ",
        "code": "NQZ"
    },
    {
        "flight": "departure",
        "country": "KaliningradKGD",
        "code": "KGD"
    },
    {
        "flight": "departure",
        "country": "KazanKZN",
        "code": "KZN"
    },
    {
        "flight": "departure",
        "country": "Moscow DomodedovoDME",
        "code": "DME"
    },
    {
        "flight": "departure",
        "country": "Moscow SheremetyevoSVO",
        "code": "SVO"
    },
    {
        "flight": "departure",
        "country": "Moscow VnukovoVKO",
        "code": "VKO"
    },
    {
        "flight": "departure",
        "country": "MurmanskMMK",
        "code": "MMK"
    },
    {
        "flight": "departure",
        "country": "Saint PetersburgLED",
        "code": "LED"
    },
    {
        "flight": "departure",
        "country": "SochiAER",
        "code": "AER"
    },
    {
        "flight": "departure",
        "country": "YekaterinburgSVX",
        "code": "SVX"
    },
    {
        "flight": "departure",
        "country": "IstanbulIST",
        "code": "IST"
    },
    {
        "flight": "departure",
        "country": "TürkmenbaşyKRW",
        "code": "KRW"
    },
    {
        "flight": "departure",
        "country": "Abu DhabiAUH",
        "code": "AUH"
    },
    {
        "flight": "departure",
        "country": "DubaiDXB",
        "code": "DXB"
    },
    {
        "flight": "departure",
        "country": "Dubai (Sharjah)SHJ",
        "code": "SHJ"
    },
    {
        "flight": "departure",
        "country": "TashkentTAS",
        "code": "TAS"
    }
]