[
    {
        "flight": "destination",
        "country": "CotonouCOO",
        "code": "COO"
    },
    {
        "flight": "destination",
        "country": "Bobo-DioulassoBOY",
        "code": "BOY"
    },
    {
        "flight": "destination",
        "country": "OuagadougouOUA",
        "code": "OUA"
    },
    {
        "flight": "destination",
        "country": "AbidjanABJ",
        "code": "ABJ"
    },
    {
        "flight": "destination",
        "country": "AccraACC",
        "code": "ACC"
    },
    {
        "flight": "destination",
        "country": "BamakoBKO",
        "code": "BKO"
    },
    {
        "flight": "destination",
        "country": "NiameyNIM",
        "code": "NIM"
    },
    {
        "flight": "destination",
        "country": "DakarDSS",
        "code": "DSS"
    },
    {
        "flight": "destination",
        "country": "LoméLFW",
        "code": "LFW"
    },
    {
        "flight": "departure",
        "country": "CotonouCOO",
        "code": "COO"
    },
    {
        "flight": "departure",
        "country": "Bobo-DioulassoBOY",
        "code": "BOY"
    },
    {
        "flight": "departure",
        "country": "OuagadougouOUA",
        "code": "OUA"
    },
    {
        "flight": "departure",
        "country": "AbidjanABJ",
        "code": "ABJ"
    },
    {
        "flight": "departure",
        "country": "AccraACC",
        "code": "ACC"
    },
    {
        "flight": "departure",
        "country": "BamakoBKO",
        "code": "BKO"
    },
    {
        "flight": "departure",
        "country": "NiameyNIM",
        "code": "NIM"
    },
    {
        "flight": "departure",
        "country": "DakarDSS",
        "code": "DSS"
    },
    {
        "flight": "departure",
        "country": "LoméLFW",
        "code": "LFW"
    }
]