[
    {
        "flight": "destination",
        "country": "The ValleyAXA",
        "code": "AXA"
    },
    {
        "flight": "destination",
        "country": "St. John's, AntiguaANU",
        "code": "ANU"
    },
    {
        "flight": "destination",
        "country": "ArubaAUA",
        "code": "AUA"
    },
    {
        "flight": "destination",
        "country": "BonaireBON",
        "code": "BON"
    },
    {
        "flight": "destination",
        "country": "HavanaHAV",
        "code": "HAV"
    },
    {
        "flight": "destination",
        "country": "Santiago de CubaSCU",
        "code": "SCU"
    },
    {
        "flight": "destination",
        "country": "Willemstad, CuraçaoCUR",
        "code": "CUR"
    },
    {
        "flight": "destination",
        "country": "Punta CanaPUJ",
        "code": "PUJ"
    },
    {
        "flight": "destination",
        "country": "Santiago de los CaballerosSTI",
        "code": "STI"
    },
    {
        "flight": "destination",
        "country": "Santo DomingoSDQ",
        "code": "SDQ"
    },
    {
        "flight": "destination",
        "country": "CayenneCAY",
        "code": "CAY"
    },
    {
        "flight": "destination",
        "country": "Pointe-à-PitrePTP",
        "code": "PTP"
    },
    {
        "flight": "destination",
        "country": "Fort-de-FranceFDF",
        "code": "FDF"
    },
    {
        "flight": "destination",
        "country": "Sint MaartenSXM",
        "code": "SXM"
    },
    {
        "flight": "destination",
        "country": "Saint KittsSKB",
        "code": "SKB"
    },
    {
        "flight": "destination",
        "country": "Saint ThomasSTT",
        "code": "STT"
    },
    {
        "flight": "destination",
        "country": "MiamiMIA",
        "code": "MIA"
    },
    {
        "flight": "destination",
        "country": "ProvidencePVD",
        "code": "PVD"
    },
    {
        "flight": "destination",
        "country": "CaracasCCS",
        "code": "CCS"
    },
    {
        "flight": "destination",
        "country": "ValenciaVLN",
        "code": "VLN"
    },
    {
        "flight": "departure",
        "country": "The ValleyAXA",
        "code": "AXA"
    },
    {
        "flight": "departure",
        "country": "St. John's, AntiguaANU",
        "code": "ANU"
    },
    {
        "flight": "departure",
        "country": "ArubaAUA",
        "code": "AUA"
    },
    {
        "flight": "departure",
        "country": "BonaireBON",
        "code": "BON"
    },
    {
        "flight": "departure",
        "country": "HavanaHAV",
        "code": "HAV"
    },
    {
        "flight": "departure",
        "country": "Santiago de CubaSCU",
        "code": "SCU"
    },
    {
        "flight": "departure",
        "country": "Willemstad, CuraçaoCUR",
        "code": "CUR"
    },
    {
        "flight": "departure",
        "country": "Punta CanaPUJ",
        "code": "PUJ"
    },
    {
        "flight": "departure",
        "country": "Santiago de los CaballerosSTI",
        "code": "STI"
    },
    {
        "flight": "departure",
        "country": "Santo DomingoSDQ",
        "code": "SDQ"
    },
    {
        "flight": "departure",
        "country": "CayenneCAY",
        "code": "CAY"
    },
    {
        "flight": "departure",
        "country": "Pointe-à-PitrePTP",
        "code": "PTP"
    },
    {
        "flight": "departure",
        "country": "Fort-de-FranceFDF",
        "code": "FDF"
    },
    {
        "flight": "departure",
        "country": "Sint MaartenSXM",
        "code": "SXM"
    },
    {
        "flight": "departure",
        "country": "Saint KittsSKB",
        "code": "SKB"
    },
    {
        "flight": "departure",
        "country": "Saint ThomasSTT",
        "code": "STT"
    },
    {
        "flight": "departure",
        "country": "MiamiMIA",
        "code": "MIA"
    },
    {
        "flight": "departure",
        "country": "ProvidencePVD",
        "code": "PVD"
    },
    {
        "flight": "departure",
        "country": "CaracasCCS",
        "code": "CCS"
    },
    {
        "flight": "departure",
        "country": "ValenciaVLN",
        "code": "VLN"
    }
]