[
    {
        "flight": "destination",
        "country": "Pago PagoPPG",
        "code": "PPG"
    },
    {
        "flight": "destination",
        "country": "SydneySYD",
        "code": "SYD"
    },
    {
        "flight": "destination",
        "country": "Rarotonga IslandRAR",
        "code": "RAR"
    },
    {
        "flight": "destination",
        "country": "TahitiPPT",
        "code": "PPT"
    },
    {
        "flight": "destination",
        "country": "FukuokaFUK",
        "code": "FUK"
    },
    {
        "flight": "destination",
        "country": "OsakaKIX",
        "code": "KIX"
    },
    {
        "flight": "destination",
        "country": "SapporoCTS",
        "code": "CTS"
    },
    {
        "flight": "destination",
        "country": "TokyoNRT",
        "code": "NRT"
    },
    {
        "flight": "destination",
        "country": "TokyoHND",
        "code": "HND"
    },
    {
        "flight": "destination",
        "country": "AucklandAKL",
        "code": "AKL"
    },
    {
        "flight": "destination",
        "country": "SeoulICN",
        "code": "ICN"
    },
    {
        "flight": "destination",
        "country": "AustinAUS",
        "code": "AUS"
    },
    {
        "flight": "destination",
        "country": "BostonBOS",
        "code": "BOS"
    },
    {
        "flight": "destination",
        "country": "HiloITO",
        "code": "ITO"
    },
    {
        "flight": "destination",
        "country": "HonoluluHNL",
        "code": "HNL"
    },
    {
        "flight": "destination",
        "country": "KahuluiOGG",
        "code": "OGG"
    },
    {
        "flight": "destination",
        "country": "Kailua-KonaKOA",
        "code": "KOA"
    },
    {
        "flight": "destination",
        "country": "Las VegasLAS",
        "code": "LAS"
    },
    {
        "flight": "destination",
        "country": "Lihue, KauaiLIH",
        "code": "LIH"
    },
    {
        "flight": "destination",
        "country": "Long BeachLGB",
        "code": "LGB"
    },
    {
        "flight": "destination",
        "country": "Los AngelesLAX",
        "code": "LAX"
    },
    {
        "flight": "destination",
        "country": "New York CityJFK",
        "code": "JFK"
    },
    {
        "flight": "destination",
        "country": "Oakland, East BayOAK",
        "code": "OAK"
    },
    {
        "flight": "destination",
        "country": "OntarioONT",
        "code": "ONT"
    },
    {
        "flight": "destination",
        "country": "PhoenixPHX",
        "code": "PHX"
    },
    {
        "flight": "destination",
        "country": "PortlandPDX",
        "code": "PDX"
    },
    {
        "flight": "destination",
        "country": "SacramentoSMF",
        "code": "SMF"
    },
    {
        "flight": "destination",
        "country": "San DiegoSAN",
        "code": "SAN"
    },
    {
        "flight": "destination",
        "country": "San FranciscoSFO",
        "code": "SFO"
    },
    {
        "flight": "destination",
        "country": "San JoseSJC",
        "code": "SJC"
    },
    {
        "flight": "destination",
        "country": "Seattle / TacomaSEA",
        "code": "SEA"
    },
    {
        "flight": "departure",
        "country": "Pago PagoPPG",
        "code": "PPG"
    },
    {
        "flight": "departure",
        "country": "SydneySYD",
        "code": "SYD"
    },
    {
        "flight": "departure",
        "country": "Rarotonga IslandRAR",
        "code": "RAR"
    },
    {
        "flight": "departure",
        "country": "TahitiPPT",
        "code": "PPT"
    },
    {
        "flight": "departure",
        "country": "FukuokaFUK",
        "code": "FUK"
    },
    {
        "flight": "departure",
        "country": "OsakaKIX",
        "code": "KIX"
    },
    {
        "flight": "departure",
        "country": "SapporoCTS",
        "code": "CTS"
    },
    {
        "flight": "departure",
        "country": "TokyoNRT",
        "code": "NRT"
    },
    {
        "flight": "departure",
        "country": "TokyoHND",
        "code": "HND"
    },
    {
        "flight": "departure",
        "country": "AucklandAKL",
        "code": "AKL"
    },
    {
        "flight": "departure",
        "country": "SeoulICN",
        "code": "ICN"
    },
    {
        "flight": "departure",
        "country": "AustinAUS",
        "code": "AUS"
    },
    {
        "flight": "departure",
        "country": "BostonBOS",
        "code": "BOS"
    },
    {
        "flight": "departure",
        "country": "HiloITO",
        "code": "ITO"
    },
    {
        "flight": "departure",
        "country": "HonoluluHNL",
        "code": "HNL"
    },
    {
        "flight": "departure",
        "country": "KahuluiOGG",
        "code": "OGG"
    },
    {
        "flight": "departure",
        "country": "Kailua-KonaKOA",
        "code": "KOA"
    },
    {
        "flight": "departure",
        "country": "Las VegasLAS",
        "code": "LAS"
    },
    {
        "flight": "departure",
        "country": "Lihue, KauaiLIH",
        "code": "LIH"
    },
    {
        "flight": "departure",
        "country": "Long BeachLGB",
        "code": "LGB"
    },
    {
        "flight": "departure",
        "country": "Los AngelesLAX",
        "code": "LAX"
    },
    {
        "flight": "departure",
        "country": "New York CityJFK",
        "code": "JFK"
    },
    {
        "flight": "departure",
        "country": "Oakland, East BayOAK",
        "code": "OAK"
    },
    {
        "flight": "departure",
        "country": "OntarioONT",
        "code": "ONT"
    },
    {
        "flight": "departure",
        "country": "PhoenixPHX",
        "code": "PHX"
    },
    {
        "flight": "departure",
        "country": "PortlandPDX",
        "code": "PDX"
    },
    {
        "flight": "departure",
        "country": "SacramentoSMF",
        "code": "SMF"
    },
    {
        "flight": "departure",
        "country": "San DiegoSAN",
        "code": "SAN"
    },
    {
        "flight": "departure",
        "country": "San FranciscoSFO",
        "code": "SFO"
    },
    {
        "flight": "departure",
        "country": "San JoseSJC",
        "code": "SJC"
    },
    {
        "flight": "departure",
        "country": "Seattle / TacomaSEA",
        "code": "SEA"
    }
]