[
    {
        "flight": "destination",
        "country": "GuernseyGCI",
        "code": "GCI"
    },
    {
        "flight": "destination",
        "country": "DublinDUB",
        "code": "DUB"
    },
    {
        "flight": "destination",
        "country": "JerseyJER",
        "code": "JER"
    },
    {
        "flight": "destination",
        "country": "BirminghamBHX",
        "code": "BHX"
    },
    {
        "flight": "destination",
        "country": "BristolBRS",
        "code": "BRS"
    },
    {
        "flight": "destination",
        "country": "ExeterEXT",
        "code": "EXT"
    },
    {
        "flight": "destination",
        "country": "NorwichNWI",
        "code": "NWI"
    },
    {
        "flight": "destination",
        "country": "NottinghamEMA",
        "code": "EMA"
    },
    {
        "flight": "destination",
        "country": "SouthamptonSOU",
        "code": "SOU"
    },
    {
        "flight": "departure",
        "country": "GuernseyGCI",
        "code": "GCI"
    },
    {
        "flight": "departure",
        "country": "DublinDUB",
        "code": "DUB"
    },
    {
        "flight": "departure",
        "country": "JerseyJER",
        "code": "JER"
    },
    {
        "flight": "departure",
        "country": "BirminghamBHX",
        "code": "BHX"
    },
    {
        "flight": "departure",
        "country": "BristolBRS",
        "code": "BRS"
    },
    {
        "flight": "departure",
        "country": "ExeterEXT",
        "code": "EXT"
    },
    {
        "flight": "departure",
        "country": "NorwichNWI",
        "code": "NWI"
    },
    {
        "flight": "departure",
        "country": "NottinghamEMA",
        "code": "EMA"
    },
    {
        "flight": "departure",
        "country": "SouthamptonSOU",
        "code": "SOU"
    }
]