[
    {
        "flight": "destination",
        "country": "Siem ReapREP",
        "code": "REP"
    },
    {
        "flight": "destination",
        "country": "HaikouHAK",
        "code": "HAK"
    },
    {
        "flight": "destination",
        "country": "NingboNGB",
        "code": "NGB"
    },
    {
        "flight": "destination",
        "country": "QingdaoTAO",
        "code": "TAO"
    },
    {
        "flight": "destination",
        "country": "Xi'anXIY",
        "code": "XIY"
    },
    {
        "flight": "destination",
        "country": "YanjiYNJ",
        "code": "YNJ"
    },
    {
        "flight": "destination",
        "country": "ZhangjiajieDYG",
        "code": "DYG"
    },
    {
        "flight": "destination",
        "country": "Hong KongHKG",
        "code": "HKG"
    },
    {
        "flight": "destination",
        "country": "FukuokaFUK",
        "code": "FUK"
    },
    {
        "flight": "destination",
        "country": "OsakaKIX",
        "code": "KIX"
    },
    {
        "flight": "destination",
        "country": "SapporoCTS",
        "code": "CTS"
    },
    {
        "flight": "destination",
        "country": "TokyoNRT",
        "code": "NRT"
    },
    {
        "flight": "destination",
        "country": "ToyamaTOY",
        "code": "TOY"
    },
    {
        "flight": "destination",
        "country": "VientianeVTE",
        "code": "VTE"
    },
    {
        "flight": "destination",
        "country": "MacauMFM",
        "code": "MFM"
    },
    {
        "flight": "destination",
        "country": "Kota KinabaluBKI",
        "code": "BKI"
    },
    {
        "flight": "destination",
        "country": "UlaanbaatarUBN",
        "code": "UBN"
    },
    {
        "flight": "destination",
        "country": "Angeles CityCRK",
        "code": "CRK"
    },
    {
        "flight": "destination",
        "country": "KaliboKLO",
        "code": "KLO"
    },
    {
        "flight": "destination",
        "country": "TagbilaranTAG",
        "code": "TAG"
    },
    {
        "flight": "destination",
        "country": "VladivostokVVO",
        "code": "VVO"
    },
    {
        "flight": "destination",
        "country": "BusanPUS",
        "code": "PUS"
    },
    {
        "flight": "destination",
        "country": "Jeju CityCJU",
        "code": "CJU"
    },
    {
        "flight": "destination",
        "country": "SeoulICN",
        "code": "ICN"
    },
    {
        "flight": "destination",
        "country": "SeoulGMP",
        "code": "GMP"
    },
    {
        "flight": "destination",
        "country": "KaohsiungKHH",
        "code": "KHH"
    },
    {
        "flight": "destination",
        "country": "TaipeiTPE",
        "code": "TPE"
    },
    {
        "flight": "destination",
        "country": "BangkokBKK",
        "code": "BKK"
    },
    {
        "flight": "destination",
        "country": "Da NangDAD",
        "code": "DAD"
    },
    {
        "flight": "destination",
        "country": "Nha TrangCXR",
        "code": "CXR"
    },
    {
        "flight": "departure",
        "country": "Siem ReapREP",
        "code": "REP"
    },
    {
        "flight": "departure",
        "country": "HaikouHAK",
        "code": "HAK"
    },
    {
        "flight": "departure",
        "country": "NingboNGB",
        "code": "NGB"
    },
    {
        "flight": "departure",
        "country": "QingdaoTAO",
        "code": "TAO"
    },
    {
        "flight": "departure",
        "country": "Xi'anXIY",
        "code": "XIY"
    },
    {
        "flight": "departure",
        "country": "YanjiYNJ",
        "code": "YNJ"
    },
    {
        "flight": "departure",
        "country": "ZhangjiajieDYG",
        "code": "DYG"
    },
    {
        "flight": "departure",
        "country": "Hong KongHKG",
        "code": "HKG"
    },
    {
        "flight": "departure",
        "country": "FukuokaFUK",
        "code": "FUK"
    },
    {
        "flight": "departure",
        "country": "OsakaKIX",
        "code": "KIX"
    },
    {
        "flight": "departure",
        "country": "SapporoCTS",
        "code": "CTS"
    },
    {
        "flight": "departure",
        "country": "TokyoNRT",
        "code": "NRT"
    },
    {
        "flight": "departure",
        "country": "ToyamaTOY",
        "code": "TOY"
    },
    {
        "flight": "departure",
        "country": "VientianeVTE",
        "code": "VTE"
    },
    {
        "flight": "departure",
        "country": "MacauMFM",
        "code": "MFM"
    },
    {
        "flight": "departure",
        "country": "Kota KinabaluBKI",
        "code": "BKI"
    },
    {
        "flight": "departure",
        "country": "UlaanbaatarUBN",
        "code": "UBN"
    },
    {
        "flight": "departure",
        "country": "Angeles CityCRK",
        "code": "CRK"
    },
    {
        "flight": "departure",
        "country": "KaliboKLO",
        "code": "KLO"
    },
    {
        "flight": "departure",
        "country": "TagbilaranTAG",
        "code": "TAG"
    },
    {
        "flight": "departure",
        "country": "VladivostokVVO",
        "code": "VVO"
    },
    {
        "flight": "departure",
        "country": "BusanPUS",
        "code": "PUS"
    },
    {
        "flight": "departure",
        "country": "Jeju CityCJU",
        "code": "CJU"
    },
    {
        "flight": "departure",
        "country": "SeoulICN",
        "code": "ICN"
    },
    {
        "flight": "departure",
        "country": "SeoulGMP",
        "code": "GMP"
    },
    {
        "flight": "departure",
        "country": "KaohsiungKHH",
        "code": "KHH"
    },
    {
        "flight": "departure",
        "country": "TaipeiTPE",
        "code": "TPE"
    },
    {
        "flight": "departure",
        "country": "BangkokBKK",
        "code": "BKK"
    },
    {
        "flight": "departure",
        "country": "Da NangDAD",
        "code": "DAD"
    },
    {
        "flight": "departure",
        "country": "Nha TrangCXR",
        "code": "CXR"
    }
]