[
    {
        "flight": "destination",
        "country": "DaweiTVY",
        "code": "TVY"
    },
    {
        "flight": "destination",
        "country": "HehoHEH",
        "code": "HEH"
    },
    {
        "flight": "destination",
        "country": "KawthaungKAW",
        "code": "KAW"
    },
    {
        "flight": "destination",
        "country": "LashioLSH",
        "code": "LSH"
    },
    {
        "flight": "destination",
        "country": "MandalayMDL",
        "code": "MDL"
    },
    {
        "flight": "destination",
        "country": "MyeikMGZ",
        "code": "MGZ"
    },
    {
        "flight": "destination",
        "country": "MyitkyinaMYT",
        "code": "MYT"
    },
    {
        "flight": "destination",
        "country": "SittweAKY",
        "code": "AKY"
    },
    {
        "flight": "destination",
        "country": "TachilekTHL",
        "code": "THL"
    },
    {
        "flight": "destination",
        "country": "ThandweSNW",
        "code": "SNW"
    },
    {
        "flight": "destination",
        "country": "YangonRGN",
        "code": "RGN"
    },
    {
        "flight": "departure",
        "country": "DaweiTVY",
        "code": "TVY"
    },
    {
        "flight": "departure",
        "country": "HehoHEH",
        "code": "HEH"
    },
    {
        "flight": "departure",
        "country": "KawthaungKAW",
        "code": "KAW"
    },
    {
        "flight": "departure",
        "country": "LashioLSH",
        "code": "LSH"
    },
    {
        "flight": "departure",
        "country": "MandalayMDL",
        "code": "MDL"
    },
    {
        "flight": "departure",
        "country": "MyeikMGZ",
        "code": "MGZ"
    },
    {
        "flight": "departure",
        "country": "MyitkyinaMYT",
        "code": "MYT"
    },
    {
        "flight": "departure",
        "country": "SittweAKY",
        "code": "AKY"
    },
    {
        "flight": "departure",
        "country": "TachilekTHL",
        "code": "THL"
    },
    {
        "flight": "departure",
        "country": "ThandweSNW",
        "code": "SNW"
    },
    {
        "flight": "departure",
        "country": "YangonRGN",
        "code": "RGN"
    }
]