[
    {
        "flight": "destination",
        "country": "TiranaTIA",
        "code": "TIA"
    },
    {
        "flight": "destination",
        "country": "SalzburgSZG",
        "code": "SZG"
    },
    {
        "flight": "destination",
        "country": "ViennaVIE",
        "code": "VIE"
    },
    {
        "flight": "destination",
        "country": "SarajevoSJJ",
        "code": "SJJ"
    },
    {
        "flight": "destination",
        "country": "BurgasBOJ",
        "code": "BOJ"
    },
    {
        "flight": "destination",
        "country": "SofiaSOF",
        "code": "SOF"
    },
    {
        "flight": "destination",
        "country": "VarnaVAR",
        "code": "VAR"
    },
    {
        "flight": "destination",
        "country": "DubrovnikDBV",
        "code": "DBV"
    },
    {
        "flight": "destination",
        "country": "PulaPUY",
        "code": "PUY"
    },
    {
        "flight": "destination",
        "country": "SplitSPU",
        "code": "SPU"
    },
    {
        "flight": "destination",
        "country": "LarnacaLCA",
        "code": "LCA"
    },
    {
        "flight": "destination",
        "country": "PraguePRG",
        "code": "PRG"
    },
    {
        "flight": "destination",
        "country": "BillundBLL",
        "code": "BLL"
    },
    {
        "flight": "destination",
        "country": "CopenhagenCPH",
        "code": "CPH"
    },
    {
        "flight": "destination",
        "country": "TallinnTLL",
        "code": "TLL"
    },
    {
        "flight": "destination",
        "country": "HelsinkiHEL",
        "code": "HEL"
    },
    {
        "flight": "destination",
        "country": "KittiläKTT",
        "code": "KTT"
    },
    {
        "flight": "destination",
        "country": "RovaniemiRVN",
        "code": "RVN"
    },
    {
        "flight": "destination",
        "country": "Ajaccio (Corsica)AJA",
        "code": "AJA"
    },
    {
        "flight": "destination",
        "country": "Bastia (Corsica)BIA",
        "code": "BIA"
    },
    {
        "flight": "destination",
        "country": "BordeauxBOD",
        "code": "BOD"
    },
    {
        "flight": "destination",
        "country": "NiceNCE",
        "code": "NCE"
    },
    {
        "flight": "destination",
        "country": "ParisCDG",
        "code": "CDG"
    },
    {
        "flight": "destination",
        "country": "BerlinBER",
        "code": "BER"
    },
    {
        "flight": "destination",
        "country": "DüsseldorfDUS",
        "code": "DUS"
    },
    {
        "flight": "destination",
        "country": "HamburgHAM",
        "code": "HAM"
    },
    {
        "flight": "destination",
        "country": "MunichMUC",
        "code": "MUC"
    },
    {
        "flight": "destination",
        "country": "AthensATH",
        "code": "ATH"
    },
    {
        "flight": "destination",
        "country": "Chania (Crete)CHQ",
        "code": "CHQ"
    },
    {
        "flight": "destination",
        "country": "Corfu (Kerkyra)CFU",
        "code": "CFU"
    },
    {
        "flight": "destination",
        "country": "Heraklion (Crete)HER",
        "code": "HER"
    },
    {
        "flight": "destination",
        "country": "KefaloniaEFL",
        "code": "EFL"
    },
    {
        "flight": "destination",
        "country": "Preveza / LefkadaPVK",
        "code": "PVK"
    },
    {
        "flight": "destination",
        "country": "RhodesRHO",
        "code": "RHO"
    },
    {
        "flight": "destination",
        "country": "SantoriniJTR",
        "code": "JTR"
    },
    {
        "flight": "destination",
        "country": "ThessalonikiSKG",
        "code": "SKG"
    },
    {
        "flight": "destination",
        "country": "BudapestBUD",
        "code": "BUD"
    },
    {
        "flight": "destination",
        "country": "Reykjavik (Keflavik)KEF",
        "code": "KEF"
    },
    {
        "flight": "destination",
        "country": "DublinDUB",
        "code": "DUB"
    },
    {
        "flight": "destination",
        "country": "BariBRI",
        "code": "BRI"
    },
    {
        "flight": "destination",
        "country": "BolognaBLQ",
        "code": "BLQ"
    },
    {
        "flight": "destination",
        "country": "CataniaCTA",
        "code": "CTA"
    },
    {
        "flight": "destination",
        "country": "Milan (Bergamo)BGY",
        "code": "BGY"
    },
    {
        "flight": "destination",
        "country": "Milan (Malpensa)MXP",
        "code": "MXP"
    },
    {
        "flight": "destination",
        "country": "NaplesNAP",
        "code": "NAP"
    },
    {
        "flight": "destination",
        "country": "Olbia (Sardinia)OLB",
        "code": "OLB"
    },
    {
        "flight": "destination",
        "country": "PisaPSA",
        "code": "PSA"
    },
    {
        "flight": "destination",
        "country": "Rome (Fiumicino)FCO",
        "code": "FCO"
    },
    {
        "flight": "destination",
        "country": "Venice Marco PoloVCE",
        "code": "VCE"
    },
    {
        "flight": "destination",
        "country": "VeronaVRN",
        "code": "VRN"
    },
    {
        "flight": "destination",
        "country": "RigaRIX",
        "code": "RIX"
    },
    {
        "flight": "destination",
        "country": "PalangaPLQ",
        "code": "PLQ"
    },
    {
        "flight": "destination",
        "country": "VilniusVNO",
        "code": "VNO"
    },
    {
        "flight": "destination",
        "country": "MaltaMLA",
        "code": "MLA"
    },
    {
        "flight": "destination",
        "country": "TivatTIV",
        "code": "TIV"
    },
    {
        "flight": "destination",
        "country": "MarrakechRAK",
        "code": "RAK"
    },
    {
        "flight": "destination",
        "country": "AmsterdamAMS",
        "code": "AMS"
    },
    {
        "flight": "destination",
        "country": "ÅlesundAES",
        "code": "AES"
    },
    {
        "flight": "destination",
        "country": "AltaALF",
        "code": "ALF"
    },
    {
        "flight": "destination",
        "country": "AndenesANX",
        "code": "ANX"
    },
    {
        "flight": "destination",
        "country": "BardufossBDU",
        "code": "BDU"
    },
    {
        "flight": "destination",
        "country": "BergenBGO",
        "code": "BGO"
    },
    {
        "flight": "destination",
        "country": "BodøBOO",
        "code": "BOO"
    },
    {
        "flight": "destination",
        "country": "Harstad-NarvikEVE",
        "code": "EVE"
    },
    {
        "flight": "destination",
        "country": "HaugesundHAU",
        "code": "HAU"
    },
    {
        "flight": "destination",
        "country": "KirkenesKKN",
        "code": "KKN"
    },
    {
        "flight": "destination",
        "country": "KristiansandKRS",
        "code": "KRS"
    },
    {
        "flight": "destination",
        "country": "LakselvLKL",
        "code": "LKL"
    },
    {
        "flight": "destination",
        "country": "LongyearbyenLYR",
        "code": "LYR"
    },
    {
        "flight": "destination",
        "country": "MoldeMOL",
        "code": "MOL"
    },
    {
        "flight": "destination",
        "country": "OsloOSL",
        "code": "OSL"
    },
    {
        "flight": "destination",
        "country": "Oslo (Torp)TRF",
        "code": "TRF"
    },
    {
        "flight": "destination",
        "country": "StavangerSVG",
        "code": "SVG"
    },
    {
        "flight": "destination",
        "country": "TromsøTOS",
        "code": "TOS"
    },
    {
        "flight": "destination",
        "country": "TrondheimTRD",
        "code": "TRD"
    },
    {
        "flight": "destination",
        "country": "GdańskGDN",
        "code": "GDN"
    },
    {
        "flight": "destination",
        "country": "KrakowKRK",
        "code": "KRK"
    },
    {
        "flight": "destination",
        "country": "SzczecinSZZ",
        "code": "SZZ"
    },
    {
        "flight": "destination",
        "country": "WarsawWAW",
        "code": "WAW"
    },
    {
        "flight": "destination",
        "country": "FaroFAO",
        "code": "FAO"
    },
    {
        "flight": "destination",
        "country": "Funchal (Madeira)FNC",
        "code": "FNC"
    },
    {
        "flight": "destination",
        "country": "LisbonLIS",
        "code": "LIS"
    },
    {
        "flight": "destination",
        "country": "PortoOPO",
        "code": "OPO"
    },
    {
        "flight": "destination",
        "country": "SkopjeSKP",
        "code": "SKP"
    },
    {
        "flight": "destination",
        "country": "BucharestOTP",
        "code": "OTP"
    },
    {
        "flight": "destination",
        "country": "BelgradeBEG",
        "code": "BEG"
    },
    {
        "flight": "destination",
        "country": "PristinaPRN",
        "code": "PRN"
    },
    {
        "flight": "destination",
        "country": "AlicanteALC",
        "code": "ALC"
    },
    {
        "flight": "destination",
        "country": "BarcelonaBCN",
        "code": "BCN"
    },
    {
        "flight": "destination",
        "country": "BilbaoBIO",
        "code": "BIO"
    },
    {
        "flight": "destination",
        "country": "Gran Canaria (Las Palmas)LPA",
        "code": "LPA"
    },
    {
        "flight": "destination",
        "country": "IbizaIBZ",
        "code": "IBZ"
    },
    {
        "flight": "destination",
        "country": "Lanzarote (Arrecife)ACE",
        "code": "ACE"
    },
    {
        "flight": "destination",
        "country": "MadridMAD",
        "code": "MAD"
    },
    {
        "flight": "destination",
        "country": "MálagaAGP",
        "code": "AGP"
    },
    {
        "flight": "destination",
        "country": "Palma de MallorcaPMI",
        "code": "PMI"
    },
    {
        "flight": "destination",
        "country": "Tenerife (Reina Sofía)TFS",
        "code": "TFS"
    },
    {
        "flight": "destination",
        "country": "GothenburgGOT",
        "code": "GOT"
    },
    {
        "flight": "destination",
        "country": "Stockholm (Arlanda)ARN",
        "code": "ARN"
    },
    {
        "flight": "destination",
        "country": "GenevaGVA",
        "code": "GVA"
    },
    {
        "flight": "destination",
        "country": "AntalyaAYT",
        "code": "AYT"
    },
    {
        "flight": "destination",
        "country": "GazipaşaGZP",
        "code": "GZP"
    },
    {
        "flight": "destination",
        "country": "EdinburghEDI",
        "code": "EDI"
    },
    {
        "flight": "destination",
        "country": "London GatwickLGW",
        "code": "LGW"
    },
    {
        "flight": "destination",
        "country": "ManchesterMAN",
        "code": "MAN"
    },
    {
        "flight": "departure",
        "country": "TiranaTIA",
        "code": "TIA"
    },
    {
        "flight": "departure",
        "country": "SalzburgSZG",
        "code": "SZG"
    },
    {
        "flight": "departure",
        "country": "ViennaVIE",
        "code": "VIE"
    },
    {
        "flight": "departure",
        "country": "SarajevoSJJ",
        "code": "SJJ"
    },
    {
        "flight": "departure",
        "country": "BurgasBOJ",
        "code": "BOJ"
    },
    {
        "flight": "departure",
        "country": "SofiaSOF",
        "code": "SOF"
    },
    {
        "flight": "departure",
        "country": "VarnaVAR",
        "code": "VAR"
    },
    {
        "flight": "departure",
        "country": "DubrovnikDBV",
        "code": "DBV"
    },
    {
        "flight": "departure",
        "country": "PulaPUY",
        "code": "PUY"
    },
    {
        "flight": "departure",
        "country": "SplitSPU",
        "code": "SPU"
    },
    {
        "flight": "departure",
        "country": "LarnacaLCA",
        "code": "LCA"
    },
    {
        "flight": "departure",
        "country": "PraguePRG",
        "code": "PRG"
    },
    {
        "flight": "departure",
        "country": "BillundBLL",
        "code": "BLL"
    },
    {
        "flight": "departure",
        "country": "CopenhagenCPH",
        "code": "CPH"
    },
    {
        "flight": "departure",
        "country": "TallinnTLL",
        "code": "TLL"
    },
    {
        "flight": "departure",
        "country": "HelsinkiHEL",
        "code": "HEL"
    },
    {
        "flight": "departure",
        "country": "KittiläKTT",
        "code": "KTT"
    },
    {
        "flight": "departure",
        "country": "RovaniemiRVN",
        "code": "RVN"
    },
    {
        "flight": "departure",
        "country": "Ajaccio (Corsica)AJA",
        "code": "AJA"
    },
    {
        "flight": "departure",
        "country": "Bastia (Corsica)BIA",
        "code": "BIA"
    },
    {
        "flight": "departure",
        "country": "BordeauxBOD",
        "code": "BOD"
    },
    {
        "flight": "departure",
        "country": "NiceNCE",
        "code": "NCE"
    },
    {
        "flight": "departure",
        "country": "ParisCDG",
        "code": "CDG"
    },
    {
        "flight": "departure",
        "country": "BerlinBER",
        "code": "BER"
    },
    {
        "flight": "departure",
        "country": "DüsseldorfDUS",
        "code": "DUS"
    },
    {
        "flight": "departure",
        "country": "HamburgHAM",
        "code": "HAM"
    },
    {
        "flight": "departure",
        "country": "MunichMUC",
        "code": "MUC"
    },
    {
        "flight": "departure",
        "country": "AthensATH",
        "code": "ATH"
    },
    {
        "flight": "departure",
        "country": "Chania (Crete)CHQ",
        "code": "CHQ"
    },
    {
        "flight": "departure",
        "country": "Corfu (Kerkyra)CFU",
        "code": "CFU"
    },
    {
        "flight": "departure",
        "country": "Heraklion (Crete)HER",
        "code": "HER"
    },
    {
        "flight": "departure",
        "country": "KefaloniaEFL",
        "code": "EFL"
    },
    {
        "flight": "departure",
        "country": "Preveza / LefkadaPVK",
        "code": "PVK"
    },
    {
        "flight": "departure",
        "country": "RhodesRHO",
        "code": "RHO"
    },
    {
        "flight": "departure",
        "country": "SantoriniJTR",
        "code": "JTR"
    },
    {
        "flight": "departure",
        "country": "ThessalonikiSKG",
        "code": "SKG"
    },
    {
        "flight": "departure",
        "country": "BudapestBUD",
        "code": "BUD"
    },
    {
        "flight": "departure",
        "country": "Reykjavik (Keflavik)KEF",
        "code": "KEF"
    },
    {
        "flight": "departure",
        "country": "DublinDUB",
        "code": "DUB"
    },
    {
        "flight": "departure",
        "country": "BariBRI",
        "code": "BRI"
    },
    {
        "flight": "departure",
        "country": "BolognaBLQ",
        "code": "BLQ"
    },
    {
        "flight": "departure",
        "country": "CataniaCTA",
        "code": "CTA"
    },
    {
        "flight": "departure",
        "country": "Milan (Bergamo)BGY",
        "code": "BGY"
    },
    {
        "flight": "departure",
        "country": "Milan (Malpensa)MXP",
        "code": "MXP"
    },
    {
        "flight": "departure",
        "country": "NaplesNAP",
        "code": "NAP"
    },
    {
        "flight": "departure",
        "country": "Olbia (Sardinia)OLB",
        "code": "OLB"
    },
    {
        "flight": "departure",
        "country": "PisaPSA",
        "code": "PSA"
    },
    {
        "flight": "departure",
        "country": "Rome (Fiumicino)FCO",
        "code": "FCO"
    },
    {
        "flight": "departure",
        "country": "Venice Marco PoloVCE",
        "code": "VCE"
    },
    {
        "flight": "departure",
        "country": "VeronaVRN",
        "code": "VRN"
    },
    {
        "flight": "departure",
        "country": "RigaRIX",
        "code": "RIX"
    },
    {
        "flight": "departure",
        "country": "PalangaPLQ",
        "code": "PLQ"
    },
    {
        "flight": "departure",
        "country": "VilniusVNO",
        "code": "VNO"
    },
    {
        "flight": "departure",
        "country": "MaltaMLA",
        "code": "MLA"
    },
    {
        "flight": "departure",
        "country": "TivatTIV",
        "code": "TIV"
    },
    {
        "flight": "departure",
        "country": "MarrakechRAK",
        "code": "RAK"
    },
    {
        "flight": "departure",
        "country": "AmsterdamAMS",
        "code": "AMS"
    },
    {
        "flight": "departure",
        "country": "ÅlesundAES",
        "code": "AES"
    },
    {
        "flight": "departure",
        "country": "AltaALF",
        "code": "ALF"
    },
    {
        "flight": "departure",
        "country": "AndenesANX",
        "code": "ANX"
    },
    {
        "flight": "departure",
        "country": "BardufossBDU",
        "code": "BDU"
    },
    {
        "flight": "departure",
        "country": "BergenBGO",
        "code": "BGO"
    },
    {
        "flight": "departure",
        "country": "BodøBOO",
        "code": "BOO"
    },
    {
        "flight": "departure",
        "country": "Harstad-NarvikEVE",
        "code": "EVE"
    },
    {
        "flight": "departure",
        "country": "HaugesundHAU",
        "code": "HAU"
    },
    {
        "flight": "departure",
        "country": "KirkenesKKN",
        "code": "KKN"
    },
    {
        "flight": "departure",
        "country": "KristiansandKRS",
        "code": "KRS"
    },
    {
        "flight": "departure",
        "country": "LakselvLKL",
        "code": "LKL"
    },
    {
        "flight": "departure",
        "country": "LongyearbyenLYR",
        "code": "LYR"
    },
    {
        "flight": "departure",
        "country": "MoldeMOL",
        "code": "MOL"
    },
    {
        "flight": "departure",
        "country": "OsloOSL",
        "code": "OSL"
    },
    {
        "flight": "departure",
        "country": "Oslo (Torp)TRF",
        "code": "TRF"
    },
    {
        "flight": "departure",
        "country": "StavangerSVG",
        "code": "SVG"
    },
    {
        "flight": "departure",
        "country": "TromsøTOS",
        "code": "TOS"
    },
    {
        "flight": "departure",
        "country": "TrondheimTRD",
        "code": "TRD"
    },
    {
        "flight": "departure",
        "country": "GdańskGDN",
        "code": "GDN"
    },
    {
        "flight": "departure",
        "country": "KrakowKRK",
        "code": "KRK"
    },
    {
        "flight": "departure",
        "country": "SzczecinSZZ",
        "code": "SZZ"
    },
    {
        "flight": "departure",
        "country": "WarsawWAW",
        "code": "WAW"
    },
    {
        "flight": "departure",
        "country": "FaroFAO",
        "code": "FAO"
    },
    {
        "flight": "departure",
        "country": "Funchal (Madeira)FNC",
        "code": "FNC"
    },
    {
        "flight": "departure",
        "country": "LisbonLIS",
        "code": "LIS"
    },
    {
        "flight": "departure",
        "country": "PortoOPO",
        "code": "OPO"
    },
    {
        "flight": "departure",
        "country": "SkopjeSKP",
        "code": "SKP"
    },
    {
        "flight": "departure",
        "country": "BucharestOTP",
        "code": "OTP"
    },
    {
        "flight": "departure",
        "country": "BelgradeBEG",
        "code": "BEG"
    },
    {
        "flight": "departure",
        "country": "PristinaPRN",
        "code": "PRN"
    },
    {
        "flight": "departure",
        "country": "AlicanteALC",
        "code": "ALC"
    },
    {
        "flight": "departure",
        "country": "BarcelonaBCN",
        "code": "BCN"
    },
    {
        "flight": "departure",
        "country": "BilbaoBIO",
        "code": "BIO"
    },
    {
        "flight": "departure",
        "country": "Gran Canaria (Las Palmas)LPA",
        "code": "LPA"
    },
    {
        "flight": "departure",
        "country": "IbizaIBZ",
        "code": "IBZ"
    },
    {
        "flight": "departure",
        "country": "Lanzarote (Arrecife)ACE",
        "code": "ACE"
    },
    {
        "flight": "departure",
        "country": "MadridMAD",
        "code": "MAD"
    },
    {
        "flight": "departure",
        "country": "MálagaAGP",
        "code": "AGP"
    },
    {
        "flight": "departure",
        "country": "Palma de MallorcaPMI",
        "code": "PMI"
    },
    {
        "flight": "departure",
        "country": "Tenerife (Reina Sofía)TFS",
        "code": "TFS"
    },
    {
        "flight": "departure",
        "country": "GothenburgGOT",
        "code": "GOT"
    },
    {
        "flight": "departure",
        "country": "Stockholm (Arlanda)ARN",
        "code": "ARN"
    },
    {
        "flight": "departure",
        "country": "GenevaGVA",
        "code": "GVA"
    },
    {
        "flight": "departure",
        "country": "AntalyaAYT",
        "code": "AYT"
    },
    {
        "flight": "departure",
        "country": "GazipaşaGZP",
        "code": "GZP"
    },
    {
        "flight": "departure",
        "country": "EdinburghEDI",
        "code": "EDI"
    },
    {
        "flight": "departure",
        "country": "London GatwickLGW",
        "code": "LGW"
    },
    {
        "flight": "departure",
        "country": "ManchesterMAN",
        "code": "MAN"
    }
]