[
    {
        "flight": "destination",
        "country": "YerevanEVN",
        "code": "EVN"
    },
    {
        "flight": "destination",
        "country": "CairoCAI",
        "code": "CAI"
    },
    {
        "flight": "destination",
        "country": "Sharm el-SheikhSSH",
        "code": "SSH"
    },
    {
        "flight": "destination",
        "country": "JeddahJED",
        "code": "JED"
    },
    {
        "flight": "destination",
        "country": "RiyadhRUH",
        "code": "RUH"
    },
    {
        "flight": "destination",
        "country": "Dubai (Sharjah)SHJ",
        "code": "SHJ"
    },
    {
        "flight": "departure",
        "country": "YerevanEVN",
        "code": "EVN"
    },
    {
        "flight": "departure",
        "country": "CairoCAI",
        "code": "CAI"
    },
    {
        "flight": "departure",
        "country": "Sharm el-SheikhSSH",
        "code": "SSH"
    },
    {
        "flight": "departure",
        "country": "JeddahJED",
        "code": "JED"
    },
    {
        "flight": "departure",
        "country": "RiyadhRUH",
        "code": "RUH"
    },
    {
        "flight": "departure",
        "country": "Dubai (Sharjah)SHJ",
        "code": "SHJ"
    }
]