[
    {
        "flight": "destination",
        "country": "JohannesburgJNB",
        "code": "JNB"
    },
    {
        "flight": "destination",
        "country": "Dar es SalaamDAR",
        "code": "DAR"
    },
    {
        "flight": "destination",
        "country": "BulawayoBUQ",
        "code": "BUQ"
    },
    {
        "flight": "destination",
        "country": "HarareHRE",
        "code": "HRE"
    },
    {
        "flight": "destination",
        "country": "Victoria FallsVFA",
        "code": "VFA"
    },
    {
        "flight": "departure",
        "country": "JohannesburgJNB",
        "code": "JNB"
    },
    {
        "flight": "departure",
        "country": "Dar es SalaamDAR",
        "code": "DAR"
    },
    {
        "flight": "departure",
        "country": "BulawayoBUQ",
        "code": "BUQ"
    },
    {
        "flight": "departure",
        "country": "HarareHRE",
        "code": "HRE"
    },
    {
        "flight": "departure",
        "country": "Victoria FallsVFA",
        "code": "VFA"
    }
]