[
    {
        "flight": "destination",
        "country": "TiranaTIA",
        "code": "TIA"
    },
    {
        "flight": "destination",
        "country": "YerevanEVN",
        "code": "EVN"
    },
    {
        "flight": "destination",
        "country": "SalzburgSZG",
        "code": "SZG"
    },
    {
        "flight": "destination",
        "country": "BakuGYD",
        "code": "GYD"
    },
    {
        "flight": "destination",
        "country": "Bahrain IslandBAH",
        "code": "BAH"
    },
    {
        "flight": "destination",
        "country": "ChittagongCGP",
        "code": "CGP"
    },
    {
        "flight": "destination",
        "country": "DhakaDAC",
        "code": "DAC"
    },
    {
        "flight": "destination",
        "country": "MinskMSQ",
        "code": "MSQ"
    },
    {
        "flight": "destination",
        "country": "SarajevoSJJ",
        "code": "SJJ"
    },
    {
        "flight": "destination",
        "country": "SofiaSOF",
        "code": "SOF"
    },
    {
        "flight": "destination",
        "country": "DubrovnikDBV",
        "code": "DBV"
    },
    {
        "flight": "destination",
        "country": "ZagrebZAG",
        "code": "ZAG"
    },
    {
        "flight": "destination",
        "country": "PraguePRG",
        "code": "PRG"
    },
    {
        "flight": "destination",
        "country": "DjiboutiJIB",
        "code": "JIB"
    },
    {
        "flight": "destination",
        "country": "AlexandriaHBE",
        "code": "HBE"
    },
    {
        "flight": "destination",
        "country": "GizaSPX",
        "code": "SPX"
    },
    {
        "flight": "destination",
        "country": "AsmaraASM",
        "code": "ASM"
    },
    {
        "flight": "destination",
        "country": "Addis AbabaADD",
        "code": "ADD"
    },
    {
        "flight": "destination",
        "country": "BatumiBUS",
        "code": "BUS"
    },
    {
        "flight": "destination",
        "country": "TbilisiTBS",
        "code": "TBS"
    },
    {
        "flight": "destination",
        "country": "Corfu (Kerkyra)CFU",
        "code": "CFU"
    },
    {
        "flight": "destination",
        "country": "MykonosJMK",
        "code": "JMK"
    },
    {
        "flight": "destination",
        "country": "SantoriniJTR",
        "code": "JTR"
    },
    {
        "flight": "destination",
        "country": "BudapestBUD",
        "code": "BUD"
    },
    {
        "flight": "destination",
        "country": "AhmedabadAMD",
        "code": "AMD"
    },
    {
        "flight": "destination",
        "country": "ChennaiMAA",
        "code": "MAA"
    },
    {
        "flight": "destination",
        "country": "HyderabadHYD",
        "code": "HYD"
    },
    {
        "flight": "destination",
        "country": "KochiCOK",
        "code": "COK"
    },
    {
        "flight": "destination",
        "country": "KolkataCCU",
        "code": "CCU"
    },
    {
        "flight": "destination",
        "country": "KozhikodeCCJ",
        "code": "CCJ"
    },
    {
        "flight": "destination",
        "country": "LucknowLKO",
        "code": "LKO"
    },
    {
        "flight": "destination",
        "country": "MumbaiBOM",
        "code": "BOM"
    },
    {
        "flight": "destination",
        "country": "New DelhiDEL",
        "code": "DEL"
    },
    {
        "flight": "destination",
        "country": "Bandar AbbasBND",
        "code": "BND"
    },
    {
        "flight": "destination",
        "country": "IsfahanIFN",
        "code": "IFN"
    },
    {
        "flight": "destination",
        "country": "LarLRR",
        "code": "LRR"
    },
    {
        "flight": "destination",
        "country": "MashhadMHD",
        "code": "MHD"
    },
    {
        "flight": "destination",
        "country": "ShirazSYZ",
        "code": "SYZ"
    },
    {
        "flight": "destination",
        "country": "TehranIKA",
        "code": "IKA"
    },
    {
        "flight": "destination",
        "country": "Al NajafNJF",
        "code": "NJF"
    },
    {
        "flight": "destination",
        "country": "BaghdadBGW",
        "code": "BGW"
    },
    {
        "flight": "destination",
        "country": "BasraBSR",
        "code": "BSR"
    },
    {
        "flight": "destination",
        "country": "ErbilEBL",
        "code": "EBL"
    },
    {
        "flight": "destination",
        "country": "SulaymaniyahISU",
        "code": "ISU"
    },
    {
        "flight": "destination",
        "country": "Tel AvivTLV",
        "code": "TLV"
    },
    {
        "flight": "destination",
        "country": "CataniaCTA",
        "code": "CTA"
    },
    {
        "flight": "destination",
        "country": "Milan (Bergamo)BGY",
        "code": "BGY"
    },
    {
        "flight": "destination",
        "country": "NaplesNAP",
        "code": "NAP"
    },
    {
        "flight": "destination",
        "country": "Olbia (Sardinia)OLB",
        "code": "OLB"
    },
    {
        "flight": "destination",
        "country": "PisaPSA",
        "code": "PSA"
    },
    {
        "flight": "destination",
        "country": "AmmanAMM",
        "code": "AMM"
    },
    {
        "flight": "destination",
        "country": "AlmatyALA",
        "code": "ALA"
    },
    {
        "flight": "destination",
        "country": "AstanaNQZ",
        "code": "NQZ"
    },
    {
        "flight": "destination",
        "country": "ShymkentCIT",
        "code": "CIT"
    },
    {
        "flight": "destination",
        "country": "MombasaMBA",
        "code": "MBA"
    },
    {
        "flight": "destination",
        "country": "Kuwait CityKWI",
        "code": "KWI"
    },
    {
        "flight": "destination",
        "country": "BishkekFRU",
        "code": "FRU"
    },
    {
        "flight": "destination",
        "country": "BeirutBEY",
        "code": "BEY"
    },
    {
        "flight": "destination",
        "country": "MaléMLE",
        "code": "MLE"
    },
    {
        "flight": "destination",
        "country": "TivatTIV",
        "code": "TIV"
    },
    {
        "flight": "destination",
        "country": "KathmanduKTM",
        "code": "KTM"
    },
    {
        "flight": "destination",
        "country": "MuscatMCT",
        "code": "MCT"
    },
    {
        "flight": "destination",
        "country": "SalalahSLL",
        "code": "SLL"
    },
    {
        "flight": "destination",
        "country": "FaisalabadLYP",
        "code": "LYP"
    },
    {
        "flight": "destination",
        "country": "KarachiKHI",
        "code": "KHI"
    },
    {
        "flight": "destination",
        "country": "MultanMUX",
        "code": "MUX"
    },
    {
        "flight": "destination",
        "country": "QuettaUET",
        "code": "UET"
    },
    {
        "flight": "destination",
        "country": "SialkotSKT",
        "code": "SKT"
    },
    {
        "flight": "destination",
        "country": "KrakowKRK",
        "code": "KRK"
    },
    {
        "flight": "destination",
        "country": "PoznańPOZ",
        "code": "POZ"
    },
    {
        "flight": "destination",
        "country": "WarsawWAW",
        "code": "WAW"
    },
    {
        "flight": "destination",
        "country": "DohaDOH",
        "code": "DOH"
    },
    {
        "flight": "destination",
        "country": "BucharestOTP",
        "code": "OTP"
    },
    {
        "flight": "destination",
        "country": "KazanKZN",
        "code": "KZN"
    },
    {
        "flight": "destination",
        "country": "MakhachkalaMCX",
        "code": "MCX"
    },
    {
        "flight": "destination",
        "country": "Mineralnye VodyMRV",
        "code": "MRV"
    },
    {
        "flight": "destination",
        "country": "Moscow VnukovoVKO",
        "code": "VKO"
    },
    {
        "flight": "destination",
        "country": "NovosibirskOVB",
        "code": "OVB"
    },
    {
        "flight": "destination",
        "country": "Saint PetersburgLED",
        "code": "LED"
    },
    {
        "flight": "destination",
        "country": "SamaraKUF",
        "code": "KUF"
    },
    {
        "flight": "destination",
        "country": "UfaUFA",
        "code": "UFA"
    },
    {
        "flight": "destination",
        "country": "VolgogradVOG",
        "code": "VOG"
    },
    {
        "flight": "destination",
        "country": "YekaterinburgSVX",
        "code": "SVX"
    },
    {
        "flight": "destination",
        "country": "AbhaAHB",
        "code": "AHB"
    },
    {
        "flight": "destination",
        "country": "Al Qaisumah / Hafr Al-BatinAQI",
        "code": "AQI"
    },
    {
        "flight": "destination",
        "country": "Al UlaULH",
        "code": "ULH"
    },
    {
        "flight": "destination",
        "country": "DammamDMM",
        "code": "DMM"
    },
    {
        "flight": "destination",
        "country": "GassimELQ",
        "code": "ELQ"
    },
    {
        "flight": "destination",
        "country": "Ha'ilHAS",
        "code": "HAS"
    },
    {
        "flight": "destination",
        "country": "HofufHOF",
        "code": "HOF"
    },
    {
        "flight": "destination",
        "country": "JeddahJED",
        "code": "JED"
    },
    {
        "flight": "destination",
        "country": "JizanGIZ",
        "code": "GIZ"
    },
    {
        "flight": "destination",
        "country": "MedinaMED",
        "code": "MED"
    },
    {
        "flight": "destination",
        "country": "Najran (Nejran)EAM",
        "code": "EAM"
    },
    {
        "flight": "destination",
        "country": "NeomNUM",
        "code": "NUM"
    },
    {
        "flight": "destination",
        "country": "RiyadhRUH",
        "code": "RUH"
    },
    {
        "flight": "destination",
        "country": "Ta'ifTIF",
        "code": "TIF"
    },
    {
        "flight": "destination",
        "country": "TabukTUU",
        "code": "TUU"
    },
    {
        "flight": "destination",
        "country": "Yanbu (Yenbo)YNB",
        "code": "YNB"
    },
    {
        "flight": "destination",
        "country": "BelgradeBEG",
        "code": "BEG"
    },
    {
        "flight": "destination",
        "country": "LjubljanaLJU",
        "code": "LJU"
    },
    {
        "flight": "destination",
        "country": "HargeisaHGA",
        "code": "HGA"
    },
    {
        "flight": "destination",
        "country": "MogadishuMGQ",
        "code": "MGQ"
    },
    {
        "flight": "destination",
        "country": "JubaJUB",
        "code": "JUB"
    },
    {
        "flight": "destination",
        "country": "ColomboCMB",
        "code": "CMB"
    },
    {
        "flight": "destination",
        "country": "KhartoumKRT",
        "code": "KRT"
    },
    {
        "flight": "destination",
        "country": "DushanbeDYU",
        "code": "DYU"
    },
    {
        "flight": "destination",
        "country": "Dar es SalaamDAR",
        "code": "DAR"
    },
    {
        "flight": "destination",
        "country": "ZanzibarZNZ",
        "code": "ZNZ"
    },
    {
        "flight": "destination",
        "country": "KrabiKBV",
        "code": "KBV"
    },
    {
        "flight": "destination",
        "country": "U-Tapao, Rayong / PattayaUTP",
        "code": "UTP"
    },
    {
        "flight": "destination",
        "country": "AnkaraESB",
        "code": "ESB"
    },
    {
        "flight": "destination",
        "country": "BodrumBJV",
        "code": "BJV"
    },
    {
        "flight": "destination",
        "country": "IstanbulIST",
        "code": "IST"
    },
    {
        "flight": "destination",
        "country": "Istanbul (Sabiha)SAW",
        "code": "SAW"
    },
    {
        "flight": "destination",
        "country": "TrabzonTZX",
        "code": "TZX"
    },
    {
        "flight": "destination",
        "country": "AshgabatASB",
        "code": "ASB"
    },
    {
        "flight": "destination",
        "country": "EntebbeEBB",
        "code": "EBB"
    },
    {
        "flight": "destination",
        "country": "DubaiDXB",
        "code": "DXB"
    },
    {
        "flight": "destination",
        "country": "NamanganNMA",
        "code": "NMA"
    },
    {
        "flight": "destination",
        "country": "SamarkandSKD",
        "code": "SKD"
    },
    {
        "flight": "destination",
        "country": "TashkentTAS",
        "code": "TAS"
    },
    {
        "flight": "departure",
        "country": "TiranaTIA",
        "code": "TIA"
    },
    {
        "flight": "departure",
        "country": "YerevanEVN",
        "code": "EVN"
    },
    {
        "flight": "departure",
        "country": "SalzburgSZG",
        "code": "SZG"
    },
    {
        "flight": "departure",
        "country": "BakuGYD",
        "code": "GYD"
    },
    {
        "flight": "departure",
        "country": "Bahrain IslandBAH",
        "code": "BAH"
    },
    {
        "flight": "departure",
        "country": "ChittagongCGP",
        "code": "CGP"
    },
    {
        "flight": "departure",
        "country": "DhakaDAC",
        "code": "DAC"
    },
    {
        "flight": "departure",
        "country": "MinskMSQ",
        "code": "MSQ"
    },
    {
        "flight": "departure",
        "country": "SarajevoSJJ",
        "code": "SJJ"
    },
    {
        "flight": "departure",
        "country": "SofiaSOF",
        "code": "SOF"
    },
    {
        "flight": "departure",
        "country": "DubrovnikDBV",
        "code": "DBV"
    },
    {
        "flight": "departure",
        "country": "ZagrebZAG",
        "code": "ZAG"
    },
    {
        "flight": "departure",
        "country": "PraguePRG",
        "code": "PRG"
    },
    {
        "flight": "departure",
        "country": "DjiboutiJIB",
        "code": "JIB"
    },
    {
        "flight": "departure",
        "country": "AlexandriaHBE",
        "code": "HBE"
    },
    {
        "flight": "departure",
        "country": "GizaSPX",
        "code": "SPX"
    },
    {
        "flight": "departure",
        "country": "AsmaraASM",
        "code": "ASM"
    },
    {
        "flight": "departure",
        "country": "Addis AbabaADD",
        "code": "ADD"
    },
    {
        "flight": "departure",
        "country": "BatumiBUS",
        "code": "BUS"
    },
    {
        "flight": "departure",
        "country": "TbilisiTBS",
        "code": "TBS"
    },
    {
        "flight": "departure",
        "country": "Corfu (Kerkyra)CFU",
        "code": "CFU"
    },
    {
        "flight": "departure",
        "country": "MykonosJMK",
        "code": "JMK"
    },
    {
        "flight": "departure",
        "country": "SantoriniJTR",
        "code": "JTR"
    },
    {
        "flight": "departure",
        "country": "BudapestBUD",
        "code": "BUD"
    },
    {
        "flight": "departure",
        "country": "AhmedabadAMD",
        "code": "AMD"
    },
    {
        "flight": "departure",
        "country": "ChennaiMAA",
        "code": "MAA"
    },
    {
        "flight": "departure",
        "country": "HyderabadHYD",
        "code": "HYD"
    },
    {
        "flight": "departure",
        "country": "KochiCOK",
        "code": "COK"
    },
    {
        "flight": "departure",
        "country": "KolkataCCU",
        "code": "CCU"
    },
    {
        "flight": "departure",
        "country": "KozhikodeCCJ",
        "code": "CCJ"
    },
    {
        "flight": "departure",
        "country": "LucknowLKO",
        "code": "LKO"
    },
    {
        "flight": "departure",
        "country": "MumbaiBOM",
        "code": "BOM"
    },
    {
        "flight": "departure",
        "country": "New DelhiDEL",
        "code": "DEL"
    },
    {
        "flight": "departure",
        "country": "Bandar AbbasBND",
        "code": "BND"
    },
    {
        "flight": "departure",
        "country": "IsfahanIFN",
        "code": "IFN"
    },
    {
        "flight": "departure",
        "country": "LarLRR",
        "code": "LRR"
    },
    {
        "flight": "departure",
        "country": "MashhadMHD",
        "code": "MHD"
    },
    {
        "flight": "departure",
        "country": "ShirazSYZ",
        "code": "SYZ"
    },
    {
        "flight": "departure",
        "country": "TehranIKA",
        "code": "IKA"
    },
    {
        "flight": "departure",
        "country": "Al NajafNJF",
        "code": "NJF"
    },
    {
        "flight": "departure",
        "country": "BaghdadBGW",
        "code": "BGW"
    },
    {
        "flight": "departure",
        "country": "BasraBSR",
        "code": "BSR"
    },
    {
        "flight": "departure",
        "country": "ErbilEBL",
        "code": "EBL"
    },
    {
        "flight": "departure",
        "country": "SulaymaniyahISU",
        "code": "ISU"
    },
    {
        "flight": "departure",
        "country": "Tel AvivTLV",
        "code": "TLV"
    },
    {
        "flight": "departure",
        "country": "CataniaCTA",
        "code": "CTA"
    },
    {
        "flight": "departure",
        "country": "Milan (Bergamo)BGY",
        "code": "BGY"
    },
    {
        "flight": "departure",
        "country": "NaplesNAP",
        "code": "NAP"
    },
    {
        "flight": "departure",
        "country": "Olbia (Sardinia)OLB",
        "code": "OLB"
    },
    {
        "flight": "departure",
        "country": "PisaPSA",
        "code": "PSA"
    },
    {
        "flight": "departure",
        "country": "AmmanAMM",
        "code": "AMM"
    },
    {
        "flight": "departure",
        "country": "AlmatyALA",
        "code": "ALA"
    },
    {
        "flight": "departure",
        "country": "AstanaNQZ",
        "code": "NQZ"
    },
    {
        "flight": "departure",
        "country": "ShymkentCIT",
        "code": "CIT"
    },
    {
        "flight": "departure",
        "country": "MombasaMBA",
        "code": "MBA"
    },
    {
        "flight": "departure",
        "country": "Kuwait CityKWI",
        "code": "KWI"
    },
    {
        "flight": "departure",
        "country": "BishkekFRU",
        "code": "FRU"
    },
    {
        "flight": "departure",
        "country": "BeirutBEY",
        "code": "BEY"
    },
    {
        "flight": "departure",
        "country": "MaléMLE",
        "code": "MLE"
    },
    {
        "flight": "departure",
        "country": "TivatTIV",
        "code": "TIV"
    },
    {
        "flight": "departure",
        "country": "KathmanduKTM",
        "code": "KTM"
    },
    {
        "flight": "departure",
        "country": "MuscatMCT",
        "code": "MCT"
    },
    {
        "flight": "departure",
        "country": "SalalahSLL",
        "code": "SLL"
    },
    {
        "flight": "departure",
        "country": "FaisalabadLYP",
        "code": "LYP"
    },
    {
        "flight": "departure",
        "country": "KarachiKHI",
        "code": "KHI"
    },
    {
        "flight": "departure",
        "country": "MultanMUX",
        "code": "MUX"
    },
    {
        "flight": "departure",
        "country": "QuettaUET",
        "code": "UET"
    },
    {
        "flight": "departure",
        "country": "SialkotSKT",
        "code": "SKT"
    },
    {
        "flight": "departure",
        "country": "KrakowKRK",
        "code": "KRK"
    },
    {
        "flight": "departure",
        "country": "PoznańPOZ",
        "code": "POZ"
    },
    {
        "flight": "departure",
        "country": "WarsawWAW",
        "code": "WAW"
    },
    {
        "flight": "departure",
        "country": "DohaDOH",
        "code": "DOH"
    },
    {
        "flight": "departure",
        "country": "BucharestOTP",
        "code": "OTP"
    },
    {
        "flight": "departure",
        "country": "KazanKZN",
        "code": "KZN"
    },
    {
        "flight": "departure",
        "country": "MakhachkalaMCX",
        "code": "MCX"
    },
    {
        "flight": "departure",
        "country": "Mineralnye VodyMRV",
        "code": "MRV"
    },
    {
        "flight": "departure",
        "country": "Moscow VnukovoVKO",
        "code": "VKO"
    },
    {
        "flight": "departure",
        "country": "NovosibirskOVB",
        "code": "OVB"
    },
    {
        "flight": "departure",
        "country": "Saint PetersburgLED",
        "code": "LED"
    },
    {
        "flight": "departure",
        "country": "SamaraKUF",
        "code": "KUF"
    },
    {
        "flight": "departure",
        "country": "UfaUFA",
        "code": "UFA"
    },
    {
        "flight": "departure",
        "country": "VolgogradVOG",
        "code": "VOG"
    },
    {
        "flight": "departure",
        "country": "YekaterinburgSVX",
        "code": "SVX"
    },
    {
        "flight": "departure",
        "country": "AbhaAHB",
        "code": "AHB"
    },
    {
        "flight": "departure",
        "country": "Al Qaisumah / Hafr Al-BatinAQI",
        "code": "AQI"
    },
    {
        "flight": "departure",
        "country": "Al UlaULH",
        "code": "ULH"
    },
    {
        "flight": "departure",
        "country": "DammamDMM",
        "code": "DMM"
    },
    {
        "flight": "departure",
        "country": "GassimELQ",
        "code": "ELQ"
    },
    {
        "flight": "departure",
        "country": "Ha'ilHAS",
        "code": "HAS"
    },
    {
        "flight": "departure",
        "country": "HofufHOF",
        "code": "HOF"
    },
    {
        "flight": "departure",
        "country": "JeddahJED",
        "code": "JED"
    },
    {
        "flight": "departure",
        "country": "JizanGIZ",
        "code": "GIZ"
    },
    {
        "flight": "departure",
        "country": "MedinaMED",
        "code": "MED"
    },
    {
        "flight": "departure",
        "country": "Najran (Nejran)EAM",
        "code": "EAM"
    },
    {
        "flight": "departure",
        "country": "NeomNUM",
        "code": "NUM"
    },
    {
        "flight": "departure",
        "country": "RiyadhRUH",
        "code": "RUH"
    },
    {
        "flight": "departure",
        "country": "Ta'ifTIF",
        "code": "TIF"
    },
    {
        "flight": "departure",
        "country": "TabukTUU",
        "code": "TUU"
    },
    {
        "flight": "departure",
        "country": "Yanbu (Yenbo)YNB",
        "code": "YNB"
    },
    {
        "flight": "departure",
        "country": "BelgradeBEG",
        "code": "BEG"
    },
    {
        "flight": "departure",
        "country": "LjubljanaLJU",
        "code": "LJU"
    },
    {
        "flight": "departure",
        "country": "HargeisaHGA",
        "code": "HGA"
    },
    {
        "flight": "departure",
        "country": "MogadishuMGQ",
        "code": "MGQ"
    },
    {
        "flight": "departure",
        "country": "JubaJUB",
        "code": "JUB"
    },
    {
        "flight": "departure",
        "country": "ColomboCMB",
        "code": "CMB"
    },
    {
        "flight": "departure",
        "country": "KhartoumKRT",
        "code": "KRT"
    },
    {
        "flight": "departure",
        "country": "DushanbeDYU",
        "code": "DYU"
    },
    {
        "flight": "departure",
        "country": "Dar es SalaamDAR",
        "code": "DAR"
    },
    {
        "flight": "departure",
        "country": "ZanzibarZNZ",
        "code": "ZNZ"
    },
    {
        "flight": "departure",
        "country": "KrabiKBV",
        "code": "KBV"
    },
    {
        "flight": "departure",
        "country": "U-Tapao, Rayong / PattayaUTP",
        "code": "UTP"
    },
    {
        "flight": "departure",
        "country": "AnkaraESB",
        "code": "ESB"
    },
    {
        "flight": "departure",
        "country": "BodrumBJV",
        "code": "BJV"
    },
    {
        "flight": "departure",
        "country": "IstanbulIST",
        "code": "IST"
    },
    {
        "flight": "departure",
        "country": "Istanbul (Sabiha)SAW",
        "code": "SAW"
    },
    {
        "flight": "departure",
        "country": "TrabzonTZX",
        "code": "TZX"
    },
    {
        "flight": "departure",
        "country": "AshgabatASB",
        "code": "ASB"
    },
    {
        "flight": "departure",
        "country": "EntebbeEBB",
        "code": "EBB"
    },
    {
        "flight": "departure",
        "country": "DubaiDXB",
        "code": "DXB"
    },
    {
        "flight": "departure",
        "country": "NamanganNMA",
        "code": "NMA"
    },
    {
        "flight": "departure",
        "country": "SamarkandSKD",
        "code": "SKD"
    },
    {
        "flight": "departure",
        "country": "TashkentTAS",
        "code": "TAS"
    }
]