[
    {
        "flight": "destination",
        "country": "St. John's, AntiguaANU",
        "code": "ANU"
    },
    {
        "flight": "destination",
        "country": "NassauNAS",
        "code": "NAS"
    },
    {
        "flight": "destination",
        "country": "BridgetownBGI",
        "code": "BGI"
    },
    {
        "flight": "destination",
        "country": "TortolaEIS",
        "code": "EIS"
    },
    {
        "flight": "destination",
        "country": "HavanaHAV",
        "code": "HAV"
    },
    {
        "flight": "destination",
        "country": "Santiago de CubaSCU",
        "code": "SCU"
    },
    {
        "flight": "destination",
        "country": "DominicaDOM",
        "code": "DOM"
    },
    {
        "flight": "destination",
        "country": "Santiago de los CaballerosSTI",
        "code": "STI"
    },
    {
        "flight": "destination",
        "country": "Santo DomingoSDQ",
        "code": "SDQ"
    },
    {
        "flight": "destination",
        "country": "GrenadaGND",
        "code": "GND"
    },
    {
        "flight": "destination",
        "country": "GeorgetownGEO",
        "code": "GEO"
    },
    {
        "flight": "destination",
        "country": "Cap-HaïtienCAP",
        "code": "CAP"
    },
    {
        "flight": "destination",
        "country": "Port-au-PrincePAP",
        "code": "PAP"
    },
    {
        "flight": "destination",
        "country": "KingstonKIN",
        "code": "KIN"
    },
    {
        "flight": "destination",
        "country": "Ocho RiosOCJ",
        "code": "OCJ"
    },
    {
        "flight": "destination",
        "country": "San JuanSJU",
        "code": "SJU"
    },
    {
        "flight": "destination",
        "country": "Saint KittsSKB",
        "code": "SKB"
    },
    {
        "flight": "destination",
        "country": "Saint LuciaSLU",
        "code": "SLU"
    },
    {
        "flight": "destination",
        "country": "Saint VincentSVD",
        "code": "SVD"
    },
    {
        "flight": "destination",
        "country": "Grand Turk IslandGDT",
        "code": "GDT"
    },
    {
        "flight": "destination",
        "country": "ProvidencialesPLS",
        "code": "PLS"
    },
    {
        "flight": "destination",
        "country": "South CaicosXSC",
        "code": "XSC"
    },
    {
        "flight": "departure",
        "country": "St. John's, AntiguaANU",
        "code": "ANU"
    },
    {
        "flight": "departure",
        "country": "NassauNAS",
        "code": "NAS"
    },
    {
        "flight": "departure",
        "country": "BridgetownBGI",
        "code": "BGI"
    },
    {
        "flight": "departure",
        "country": "TortolaEIS",
        "code": "EIS"
    },
    {
        "flight": "departure",
        "country": "HavanaHAV",
        "code": "HAV"
    },
    {
        "flight": "departure",
        "country": "Santiago de CubaSCU",
        "code": "SCU"
    },
    {
        "flight": "departure",
        "country": "DominicaDOM",
        "code": "DOM"
    },
    {
        "flight": "departure",
        "country": "Santiago de los CaballerosSTI",
        "code": "STI"
    },
    {
        "flight": "departure",
        "country": "Santo DomingoSDQ",
        "code": "SDQ"
    },
    {
        "flight": "departure",
        "country": "GrenadaGND",
        "code": "GND"
    },
    {
        "flight": "departure",
        "country": "GeorgetownGEO",
        "code": "GEO"
    },
    {
        "flight": "departure",
        "country": "Cap-HaïtienCAP",
        "code": "CAP"
    },
    {
        "flight": "departure",
        "country": "Port-au-PrincePAP",
        "code": "PAP"
    },
    {
        "flight": "departure",
        "country": "KingstonKIN",
        "code": "KIN"
    },
    {
        "flight": "departure",
        "country": "Ocho RiosOCJ",
        "code": "OCJ"
    },
    {
        "flight": "departure",
        "country": "San JuanSJU",
        "code": "SJU"
    },
    {
        "flight": "departure",
        "country": "Saint KittsSKB",
        "code": "SKB"
    },
    {
        "flight": "departure",
        "country": "Saint LuciaSLU",
        "code": "SLU"
    },
    {
        "flight": "departure",
        "country": "Saint VincentSVD",
        "code": "SVD"
    },
    {
        "flight": "departure",
        "country": "Grand Turk IslandGDT",
        "code": "GDT"
    },
    {
        "flight": "departure",
        "country": "ProvidencialesPLS",
        "code": "PLS"
    },
    {
        "flight": "departure",
        "country": "South CaicosXSC",
        "code": "XSC"
    }
]