[
    {
        "flight": "destination",
        "country": "ViennaVIE",
        "code": "VIE"
    },
    {
        "flight": "destination",
        "country": "BrusselsBRU",
        "code": "BRU"
    },
    {
        "flight": "destination",
        "country": "MostarOMO",
        "code": "OMO"
    },
    {
        "flight": "destination",
        "country": "SarajevoSJJ",
        "code": "SJJ"
    },
    {
        "flight": "destination",
        "country": "BračBWK",
        "code": "BWK"
    },
    {
        "flight": "destination",
        "country": "DubrovnikDBV",
        "code": "DBV"
    },
    {
        "flight": "destination",
        "country": "OsijekOSI",
        "code": "OSI"
    },
    {
        "flight": "destination",
        "country": "PulaPUY",
        "code": "PUY"
    },
    {
        "flight": "destination",
        "country": "RijekaRJK",
        "code": "RJK"
    },
    {
        "flight": "destination",
        "country": "SplitSPU",
        "code": "SPU"
    },
    {
        "flight": "destination",
        "country": "ZadarZAD",
        "code": "ZAD"
    },
    {
        "flight": "destination",
        "country": "ZagrebZAG",
        "code": "ZAG"
    },
    {
        "flight": "destination",
        "country": "PraguePRG",
        "code": "PRG"
    },
    {
        "flight": "destination",
        "country": "CopenhagenCPH",
        "code": "CPH"
    },
    {
        "flight": "destination",
        "country": "LyonLYS",
        "code": "LYS"
    },
    {
        "flight": "destination",
        "country": "ParisCDG",
        "code": "CDG"
    },
    {
        "flight": "destination",
        "country": "BerlinBER",
        "code": "BER"
    },
    {
        "flight": "destination",
        "country": "DüsseldorfDUS",
        "code": "DUS"
    },
    {
        "flight": "destination",
        "country": "FrankfurtFRA",
        "code": "FRA"
    },
    {
        "flight": "destination",
        "country": "MunichMUC",
        "code": "MUC"
    },
    {
        "flight": "destination",
        "country": "AthensATH",
        "code": "ATH"
    },
    {
        "flight": "destination",
        "country": "DublinDUB",
        "code": "DUB"
    },
    {
        "flight": "destination",
        "country": "Milan (Malpensa)MXP",
        "code": "MXP"
    },
    {
        "flight": "destination",
        "country": "Rome (Fiumicino)FCO",
        "code": "FCO"
    },
    {
        "flight": "destination",
        "country": "AmsterdamAMS",
        "code": "AMS"
    },
    {
        "flight": "destination",
        "country": "OsloOSL",
        "code": "OSL"
    },
    {
        "flight": "destination",
        "country": "SkopjeSKP",
        "code": "SKP"
    },
    {
        "flight": "destination",
        "country": "BucharestOTP",
        "code": "OTP"
    },
    {
        "flight": "destination",
        "country": "BarcelonaBCN",
        "code": "BCN"
    },
    {
        "flight": "destination",
        "country": "Stockholm (Arlanda)ARN",
        "code": "ARN"
    },
    {
        "flight": "destination",
        "country": "ZürichZRH",
        "code": "ZRH"
    },
    {
        "flight": "destination",
        "country": "London GatwickLGW",
        "code": "LGW"
    },
    {
        "flight": "destination",
        "country": "London HeathrowLHR",
        "code": "LHR"
    },
    {
        "flight": "departure",
        "country": "ViennaVIE",
        "code": "VIE"
    },
    {
        "flight": "departure",
        "country": "BrusselsBRU",
        "code": "BRU"
    },
    {
        "flight": "departure",
        "country": "MostarOMO",
        "code": "OMO"
    },
    {
        "flight": "departure",
        "country": "SarajevoSJJ",
        "code": "SJJ"
    },
    {
        "flight": "departure",
        "country": "BračBWK",
        "code": "BWK"
    },
    {
        "flight": "departure",
        "country": "DubrovnikDBV",
        "code": "DBV"
    },
    {
        "flight": "departure",
        "country": "OsijekOSI",
        "code": "OSI"
    },
    {
        "flight": "departure",
        "country": "PulaPUY",
        "code": "PUY"
    },
    {
        "flight": "departure",
        "country": "RijekaRJK",
        "code": "RJK"
    },
    {
        "flight": "departure",
        "country": "SplitSPU",
        "code": "SPU"
    },
    {
        "flight": "departure",
        "country": "ZadarZAD",
        "code": "ZAD"
    },
    {
        "flight": "departure",
        "country": "ZagrebZAG",
        "code": "ZAG"
    },
    {
        "flight": "departure",
        "country": "PraguePRG",
        "code": "PRG"
    },
    {
        "flight": "departure",
        "country": "CopenhagenCPH",
        "code": "CPH"
    },
    {
        "flight": "departure",
        "country": "LyonLYS",
        "code": "LYS"
    },
    {
        "flight": "departure",
        "country": "ParisCDG",
        "code": "CDG"
    },
    {
        "flight": "departure",
        "country": "BerlinBER",
        "code": "BER"
    },
    {
        "flight": "departure",
        "country": "DüsseldorfDUS",
        "code": "DUS"
    },
    {
        "flight": "departure",
        "country": "FrankfurtFRA",
        "code": "FRA"
    },
    {
        "flight": "departure",
        "country": "MunichMUC",
        "code": "MUC"
    },
    {
        "flight": "departure",
        "country": "AthensATH",
        "code": "ATH"
    },
    {
        "flight": "departure",
        "country": "DublinDUB",
        "code": "DUB"
    },
    {
        "flight": "departure",
        "country": "Milan (Malpensa)MXP",
        "code": "MXP"
    },
    {
        "flight": "departure",
        "country": "Rome (Fiumicino)FCO",
        "code": "FCO"
    },
    {
        "flight": "departure",
        "country": "AmsterdamAMS",
        "code": "AMS"
    },
    {
        "flight": "departure",
        "country": "OsloOSL",
        "code": "OSL"
    },
    {
        "flight": "departure",
        "country": "SkopjeSKP",
        "code": "SKP"
    },
    {
        "flight": "departure",
        "country": "BucharestOTP",
        "code": "OTP"
    },
    {
        "flight": "departure",
        "country": "BarcelonaBCN",
        "code": "BCN"
    },
    {
        "flight": "departure",
        "country": "Stockholm (Arlanda)ARN",
        "code": "ARN"
    },
    {
        "flight": "departure",
        "country": "ZürichZRH",
        "code": "ZRH"
    },
    {
        "flight": "departure",
        "country": "London GatwickLGW",
        "code": "LGW"
    },
    {
        "flight": "departure",
        "country": "London HeathrowLHR",
        "code": "LHR"
    }
]