[
    {
        "flight": "destination",
        "country": "AdelaideADL",
        "code": "ADL"
    },
    {
        "flight": "destination",
        "country": "MelbourneMEL",
        "code": "MEL"
    },
    {
        "flight": "destination",
        "country": "PerthPER",
        "code": "PER"
    },
    {
        "flight": "destination",
        "country": "SydneySYD",
        "code": "SYD"
    },
    {
        "flight": "destination",
        "country": "KunmingKMG",
        "code": "KMG"
    },
    {
        "flight": "destination",
        "country": "Hong KongHKG",
        "code": "HKG"
    },
    {
        "flight": "destination",
        "country": "ChennaiMAA",
        "code": "MAA"
    },
    {
        "flight": "destination",
        "country": "Ambon, MalukuAMQ",
        "code": "AMQ"
    },
    {
        "flight": "destination",
        "country": "BalikpapanBPN",
        "code": "BPN"
    },
    {
        "flight": "destination",
        "country": "Banda AcehBTJ",
        "code": "BTJ"
    },
    {
        "flight": "destination",
        "country": "BanjarmasinBDJ",
        "code": "BDJ"
    },
    {
        "flight": "destination",
        "country": "BatamBTH",
        "code": "BTH"
    },
    {
        "flight": "destination",
        "country": "BiakBIK",
        "code": "BIK"
    },
    {
        "flight": "destination",
        "country": "DenpasarDPS",
        "code": "DPS"
    },
    {
        "flight": "destination",
        "country": "GorontaloGTO",
        "code": "GTO"
    },
    {
        "flight": "destination",
        "country": "JakartaCGK",
        "code": "CGK"
    },
    {
        "flight": "destination",
        "country": "JakartaHLP",
        "code": "HLP"
    },
    {
        "flight": "destination",
        "country": "Jambi CityDJB",
        "code": "DJB"
    },
    {
        "flight": "destination",
        "country": "JayapuraDJJ",
        "code": "DJJ"
    },
    {
        "flight": "destination",
        "country": "KendariKDI",
        "code": "KDI"
    },
    {
        "flight": "destination",
        "country": "KupangKOE",
        "code": "KOE"
    },
    {
        "flight": "destination",
        "country": "Labuan BajoLBJ",
        "code": "LBJ"
    },
    {
        "flight": "destination",
        "country": "LubuklinggauLLJ",
        "code": "LLJ"
    },
    {
        "flight": "destination",
        "country": "LuwukLUW",
        "code": "LUW"
    },
    {
        "flight": "destination",
        "country": "MakassarUPG",
        "code": "UPG"
    },
    {
        "flight": "destination",
        "country": "MalangMLG",
        "code": "MLG"
    },
    {
        "flight": "destination",
        "country": "ManadoMDC",
        "code": "MDC"
    },
    {
        "flight": "destination",
        "country": "ManokwariMKW",
        "code": "MKW"
    },
    {
        "flight": "destination",
        "country": "MedanKNO",
        "code": "KNO"
    },
    {
        "flight": "destination",
        "country": "PadangPDG",
        "code": "PDG"
    },
    {
        "flight": "destination",
        "country": "PalangkarayaPKY",
        "code": "PKY"
    },
    {
        "flight": "destination",
        "country": "PalembangPLM",
        "code": "PLM"
    },
    {
        "flight": "destination",
        "country": "PaluPLW",
        "code": "PLW"
    },
    {
        "flight": "destination",
        "country": "PekanbaruPKU",
        "code": "PKU"
    },
    {
        "flight": "destination",
        "country": "Praya, LombokLOP",
        "code": "LOP"
    },
    {
        "flight": "destination",
        "country": "SamarindaAAP",
        "code": "AAP"
    },
    {
        "flight": "destination",
        "country": "SemarangSRG",
        "code": "SRG"
    },
    {
        "flight": "destination",
        "country": "Siborong-BorongDTB",
        "code": "DTB"
    },
    {
        "flight": "destination",
        "country": "SorongSOQ",
        "code": "SOQ"
    },
    {
        "flight": "destination",
        "country": "SurabayaSUB",
        "code": "SUB"
    },
    {
        "flight": "destination",
        "country": "Surakarta (Solo)SOC",
        "code": "SOC"
    },
    {
        "flight": "destination",
        "country": "Tanjung PinangTNJ",
        "code": "TNJ"
    },
    {
        "flight": "destination",
        "country": "Tanjung RedebBEJ",
        "code": "BEJ"
    },
    {
        "flight": "destination",
        "country": "TarakanTRK",
        "code": "TRK"
    },
    {
        "flight": "destination",
        "country": "TernateTTE",
        "code": "TTE"
    },
    {
        "flight": "destination",
        "country": "TimikaTIM",
        "code": "TIM"
    },
    {
        "flight": "destination",
        "country": "YogyakartaYIA",
        "code": "YIA"
    },
    {
        "flight": "destination",
        "country": "Kuala LumpurKUL",
        "code": "KUL"
    },
    {
        "flight": "destination",
        "country": "PenangPEN",
        "code": "PEN"
    },
    {
        "flight": "destination",
        "country": "SingaporeSIN",
        "code": "SIN"
    },
    {
        "flight": "destination",
        "country": "Bangkok (Don Muang)DMK",
        "code": "DMK"
    },
    {
        "flight": "departure",
        "country": "AdelaideADL",
        "code": "ADL"
    },
    {
        "flight": "departure",
        "country": "MelbourneMEL",
        "code": "MEL"
    },
    {
        "flight": "departure",
        "country": "PerthPER",
        "code": "PER"
    },
    {
        "flight": "departure",
        "country": "SydneySYD",
        "code": "SYD"
    },
    {
        "flight": "departure",
        "country": "KunmingKMG",
        "code": "KMG"
    },
    {
        "flight": "departure",
        "country": "Hong KongHKG",
        "code": "HKG"
    },
    {
        "flight": "departure",
        "country": "ChennaiMAA",
        "code": "MAA"
    },
    {
        "flight": "departure",
        "country": "Ambon, MalukuAMQ",
        "code": "AMQ"
    },
    {
        "flight": "departure",
        "country": "BalikpapanBPN",
        "code": "BPN"
    },
    {
        "flight": "departure",
        "country": "Banda AcehBTJ",
        "code": "BTJ"
    },
    {
        "flight": "departure",
        "country": "BanjarmasinBDJ",
        "code": "BDJ"
    },
    {
        "flight": "departure",
        "country": "BatamBTH",
        "code": "BTH"
    },
    {
        "flight": "departure",
        "country": "BiakBIK",
        "code": "BIK"
    },
    {
        "flight": "departure",
        "country": "DenpasarDPS",
        "code": "DPS"
    },
    {
        "flight": "departure",
        "country": "GorontaloGTO",
        "code": "GTO"
    },
    {
        "flight": "departure",
        "country": "JakartaCGK",
        "code": "CGK"
    },
    {
        "flight": "departure",
        "country": "JakartaHLP",
        "code": "HLP"
    },
    {
        "flight": "departure",
        "country": "Jambi CityDJB",
        "code": "DJB"
    },
    {
        "flight": "departure",
        "country": "JayapuraDJJ",
        "code": "DJJ"
    },
    {
        "flight": "departure",
        "country": "KendariKDI",
        "code": "KDI"
    },
    {
        "flight": "departure",
        "country": "KupangKOE",
        "code": "KOE"
    },
    {
        "flight": "departure",
        "country": "Labuan BajoLBJ",
        "code": "LBJ"
    },
    {
        "flight": "departure",
        "country": "LubuklinggauLLJ",
        "code": "LLJ"
    },
    {
        "flight": "departure",
        "country": "LuwukLUW",
        "code": "LUW"
    },
    {
        "flight": "departure",
        "country": "MakassarUPG",
        "code": "UPG"
    },
    {
        "flight": "departure",
        "country": "MalangMLG",
        "code": "MLG"
    },
    {
        "flight": "departure",
        "country": "ManadoMDC",
        "code": "MDC"
    },
    {
        "flight": "departure",
        "country": "ManokwariMKW",
        "code": "MKW"
    },
    {
        "flight": "departure",
        "country": "MedanKNO",
        "code": "KNO"
    },
    {
        "flight": "departure",
        "country": "PadangPDG",
        "code": "PDG"
    },
    {
        "flight": "departure",
        "country": "PalangkarayaPKY",
        "code": "PKY"
    },
    {
        "flight": "departure",
        "country": "PalembangPLM",
        "code": "PLM"
    },
    {
        "flight": "departure",
        "country": "PaluPLW",
        "code": "PLW"
    },
    {
        "flight": "departure",
        "country": "PekanbaruPKU",
        "code": "PKU"
    },
    {
        "flight": "departure",
        "country": "Praya, LombokLOP",
        "code": "LOP"
    },
    {
        "flight": "departure",
        "country": "SamarindaAAP",
        "code": "AAP"
    },
    {
        "flight": "departure",
        "country": "SemarangSRG",
        "code": "SRG"
    },
    {
        "flight": "departure",
        "country": "Siborong-BorongDTB",
        "code": "DTB"
    },
    {
        "flight": "departure",
        "country": "SorongSOQ",
        "code": "SOQ"
    },
    {
        "flight": "departure",
        "country": "SurabayaSUB",
        "code": "SUB"
    },
    {
        "flight": "departure",
        "country": "Surakarta (Solo)SOC",
        "code": "SOC"
    },
    {
        "flight": "departure",
        "country": "Tanjung PinangTNJ",
        "code": "TNJ"
    },
    {
        "flight": "departure",
        "country": "Tanjung RedebBEJ",
        "code": "BEJ"
    },
    {
        "flight": "departure",
        "country": "TarakanTRK",
        "code": "TRK"
    },
    {
        "flight": "departure",
        "country": "TernateTTE",
        "code": "TTE"
    },
    {
        "flight": "departure",
        "country": "TimikaTIM",
        "code": "TIM"
    },
    {
        "flight": "departure",
        "country": "YogyakartaYIA",
        "code": "YIA"
    },
    {
        "flight": "departure",
        "country": "Kuala LumpurKUL",
        "code": "KUL"
    },
    {
        "flight": "departure",
        "country": "PenangPEN",
        "code": "PEN"
    },
    {
        "flight": "departure",
        "country": "SingaporeSIN",
        "code": "SIN"
    },
    {
        "flight": "departure",
        "country": "Bangkok (Don Muang)DMK",
        "code": "DMK"
    }
]