[
    {
        "flight": "destination",
        "country": "HeratHEA",
        "code": "HEA"
    },
    {
        "flight": "destination",
        "country": "KabulKBL",
        "code": "KBL"
    },
    {
        "flight": "destination",
        "country": "KandaharKDH",
        "code": "KDH"
    },
    {
        "flight": "destination",
        "country": "Mazar-e-SharifMZR",
        "code": "MZR"
    },
    {
        "flight": "destination",
        "country": "New DelhiDEL",
        "code": "DEL"
    },
    {
        "flight": "destination",
        "country": "Kuwait CityKWI",
        "code": "KWI"
    },
    {
        "flight": "destination",
        "country": "IslamabadISB",
        "code": "ISB"
    },
    {
        "flight": "destination",
        "country": "JeddahJED",
        "code": "JED"
    },
    {
        "flight": "destination",
        "country": "RiyadhRUH",
        "code": "RUH"
    },
    {
        "flight": "destination",
        "country": "IstanbulIST",
        "code": "IST"
    },
    {
        "flight": "destination",
        "country": "Abu DhabiAUH",
        "code": "AUH"
    },
    {
        "flight": "destination",
        "country": "DubaiDXB",
        "code": "DXB"
    },
    {
        "flight": "destination",
        "country": "TashkentTAS",
        "code": "TAS"
    },
    {
        "flight": "departure",
        "country": "HeratHEA",
        "code": "HEA"
    },
    {
        "flight": "departure",
        "country": "KabulKBL",
        "code": "KBL"
    },
    {
        "flight": "departure",
        "country": "KandaharKDH",
        "code": "KDH"
    },
    {
        "flight": "departure",
        "country": "Mazar-e-SharifMZR",
        "code": "MZR"
    },
    {
        "flight": "departure",
        "country": "New DelhiDEL",
        "code": "DEL"
    },
    {
        "flight": "departure",
        "country": "Kuwait CityKWI",
        "code": "KWI"
    },
    {
        "flight": "departure",
        "country": "IslamabadISB",
        "code": "ISB"
    },
    {
        "flight": "departure",
        "country": "JeddahJED",
        "code": "JED"
    },
    {
        "flight": "departure",
        "country": "RiyadhRUH",
        "code": "RUH"
    },
    {
        "flight": "departure",
        "country": "IstanbulIST",
        "code": "IST"
    },
    {
        "flight": "departure",
        "country": "Abu DhabiAUH",
        "code": "AUH"
    },
    {
        "flight": "departure",
        "country": "DubaiDXB",
        "code": "DXB"
    },
    {
        "flight": "departure",
        "country": "TashkentTAS",
        "code": "TAS"
    }
]