[
    {
        "flight": "destination",
        "country": "TiranaTIA",
        "code": "TIA"
    },
    {
        "flight": "destination",
        "country": "YerevanEVN",
        "code": "EVN"
    },
    {
        "flight": "destination",
        "country": "GrazGRZ",
        "code": "GRZ"
    },
    {
        "flight": "destination",
        "country": "InnsbruckINN",
        "code": "INN"
    },
    {
        "flight": "destination",
        "country": "LinzLNZ",
        "code": "LNZ"
    },
    {
        "flight": "destination",
        "country": "SalzburgSZG",
        "code": "SZG"
    },
    {
        "flight": "destination",
        "country": "ViennaVIE",
        "code": "VIE"
    },
    {
        "flight": "destination",
        "country": "SarajevoSJJ",
        "code": "SJJ"
    },
    {
        "flight": "destination",
        "country": "BurgasBOJ",
        "code": "BOJ"
    },
    {
        "flight": "destination",
        "country": "VarnaVAR",
        "code": "VAR"
    },
    {
        "flight": "destination",
        "country": "DubrovnikDBV",
        "code": "DBV"
    },
    {
        "flight": "destination",
        "country": "PulaPUY",
        "code": "PUY"
    },
    {
        "flight": "destination",
        "country": "RijekaRJK",
        "code": "RJK"
    },
    {
        "flight": "destination",
        "country": "SplitSPU",
        "code": "SPU"
    },
    {
        "flight": "destination",
        "country": "ZadarZAD",
        "code": "ZAD"
    },
    {
        "flight": "destination",
        "country": "ZagrebZAG",
        "code": "ZAG"
    },
    {
        "flight": "destination",
        "country": "LarnacaLCA",
        "code": "LCA"
    },
    {
        "flight": "destination",
        "country": "PraguePRG",
        "code": "PRG"
    },
    {
        "flight": "destination",
        "country": "CopenhagenCPH",
        "code": "CPH"
    },
    {
        "flight": "destination",
        "country": "HurghadaHRG",
        "code": "HRG"
    },
    {
        "flight": "destination",
        "country": "Marsa AlamRMF",
        "code": "RMF"
    },
    {
        "flight": "destination",
        "country": "HelsinkiHEL",
        "code": "HEL"
    },
    {
        "flight": "destination",
        "country": "IvaloIVL",
        "code": "IVL"
    },
    {
        "flight": "destination",
        "country": "KittiläKTT",
        "code": "KTT"
    },
    {
        "flight": "destination",
        "country": "KuusamoKAO",
        "code": "KAO"
    },
    {
        "flight": "destination",
        "country": "RovaniemiRVN",
        "code": "RVN"
    },
    {
        "flight": "destination",
        "country": "Bastia (Corsica)BIA",
        "code": "BIA"
    },
    {
        "flight": "destination",
        "country": "Calvi (Corsica)CLY",
        "code": "CLY"
    },
    {
        "flight": "destination",
        "country": "LyonLYS",
        "code": "LYS"
    },
    {
        "flight": "destination",
        "country": "MarseilleMRS",
        "code": "MRS"
    },
    {
        "flight": "destination",
        "country": "NiceNCE",
        "code": "NCE"
    },
    {
        "flight": "destination",
        "country": "ParisCDG",
        "code": "CDG"
    },
    {
        "flight": "destination",
        "country": "TbilisiTBS",
        "code": "TBS"
    },
    {
        "flight": "destination",
        "country": "BerlinBER",
        "code": "BER"
    },
    {
        "flight": "destination",
        "country": "BremenBRE",
        "code": "BRE"
    },
    {
        "flight": "destination",
        "country": "Cologne-BonnCGN",
        "code": "CGN"
    },
    {
        "flight": "destination",
        "country": "DortmundDTM",
        "code": "DTM"
    },
    {
        "flight": "destination",
        "country": "DresdenDRS",
        "code": "DRS"
    },
    {
        "flight": "destination",
        "country": "DüsseldorfDUS",
        "code": "DUS"
    },
    {
        "flight": "destination",
        "country": "FrankfurtFRA",
        "code": "FRA"
    },
    {
        "flight": "destination",
        "country": "HamburgHAM",
        "code": "HAM"
    },
    {
        "flight": "destination",
        "country": "HanoverHAJ",
        "code": "HAJ"
    },
    {
        "flight": "destination",
        "country": "Karlsruhe / Baden-BadenFKB",
        "code": "FKB"
    },
    {
        "flight": "destination",
        "country": "LeipzigLEJ",
        "code": "LEJ"
    },
    {
        "flight": "destination",
        "country": "MemmingenFMM",
        "code": "FMM"
    },
    {
        "flight": "destination",
        "country": "MunichMUC",
        "code": "MUC"
    },
    {
        "flight": "destination",
        "country": "Münster / OsnabrückFMO",
        "code": "FMO"
    },
    {
        "flight": "destination",
        "country": "NurembergNUE",
        "code": "NUE"
    },
    {
        "flight": "destination",
        "country": "PaderbornPAD",
        "code": "PAD"
    },
    {
        "flight": "destination",
        "country": "SaarbrückenSCN",
        "code": "SCN"
    },
    {
        "flight": "destination",
        "country": "StuttgartSTR",
        "code": "STR"
    },
    {
        "flight": "destination",
        "country": "Westerland / SyltGWT",
        "code": "GWT"
    },
    {
        "flight": "destination",
        "country": "AthensATH",
        "code": "ATH"
    },
    {
        "flight": "destination",
        "country": "Chania (Crete)CHQ",
        "code": "CHQ"
    },
    {
        "flight": "destination",
        "country": "Corfu (Kerkyra)CFU",
        "code": "CFU"
    },
    {
        "flight": "destination",
        "country": "Heraklion (Crete)HER",
        "code": "HER"
    },
    {
        "flight": "destination",
        "country": "KalamataKLX",
        "code": "KLX"
    },
    {
        "flight": "destination",
        "country": "KarpathosAOK",
        "code": "AOK"
    },
    {
        "flight": "destination",
        "country": "KavalaKVA",
        "code": "KVA"
    },
    {
        "flight": "destination",
        "country": "KosKGS",
        "code": "KGS"
    },
    {
        "flight": "destination",
        "country": "MykonosJMK",
        "code": "JMK"
    },
    {
        "flight": "destination",
        "country": "Preveza / LefkadaPVK",
        "code": "PVK"
    },
    {
        "flight": "destination",
        "country": "RhodesRHO",
        "code": "RHO"
    },
    {
        "flight": "destination",
        "country": "SamosSMI",
        "code": "SMI"
    },
    {
        "flight": "destination",
        "country": "SantoriniJTR",
        "code": "JTR"
    },
    {
        "flight": "destination",
        "country": "ThessalonikiSKG",
        "code": "SKG"
    },
    {
        "flight": "destination",
        "country": "VolosVOL",
        "code": "VOL"
    },
    {
        "flight": "destination",
        "country": "Zakynthos IslandZTH",
        "code": "ZTH"
    },
    {
        "flight": "destination",
        "country": "BudapestBUD",
        "code": "BUD"
    },
    {
        "flight": "destination",
        "country": "Reykjavik (Keflavik)KEF",
        "code": "KEF"
    },
    {
        "flight": "destination",
        "country": "ErbilEBL",
        "code": "EBL"
    },
    {
        "flight": "destination",
        "country": "DublinDUB",
        "code": "DUB"
    },
    {
        "flight": "destination",
        "country": "Tel AvivTLV",
        "code": "TLV"
    },
    {
        "flight": "destination",
        "country": "BariBRI",
        "code": "BRI"
    },
    {
        "flight": "destination",
        "country": "BolognaBLQ",
        "code": "BLQ"
    },
    {
        "flight": "destination",
        "country": "BrindisiBDS",
        "code": "BDS"
    },
    {
        "flight": "destination",
        "country": "Cagliari (Sardinia)CAG",
        "code": "CAG"
    },
    {
        "flight": "destination",
        "country": "CataniaCTA",
        "code": "CTA"
    },
    {
        "flight": "destination",
        "country": "Lamezia TermeSUF",
        "code": "SUF"
    },
    {
        "flight": "destination",
        "country": "Milan (Bergamo)BGY",
        "code": "BGY"
    },
    {
        "flight": "destination",
        "country": "Milan (Malpensa)MXP",
        "code": "MXP"
    },
    {
        "flight": "destination",
        "country": "NaplesNAP",
        "code": "NAP"
    },
    {
        "flight": "destination",
        "country": "Olbia (Sardinia)OLB",
        "code": "OLB"
    },
    {
        "flight": "destination",
        "country": "PalermoPMO",
        "code": "PMO"
    },
    {
        "flight": "destination",
        "country": "PisaPSA",
        "code": "PSA"
    },
    {
        "flight": "destination",
        "country": "Rome (Fiumicino)FCO",
        "code": "FCO"
    },
    {
        "flight": "destination",
        "country": "Venice Marco PoloVCE",
        "code": "VCE"
    },
    {
        "flight": "destination",
        "country": "VeronaVRN",
        "code": "VRN"
    },
    {
        "flight": "destination",
        "country": "JerseyJER",
        "code": "JER"
    },
    {
        "flight": "destination",
        "country": "BeirutBEY",
        "code": "BEY"
    },
    {
        "flight": "destination",
        "country": "MaltaMLA",
        "code": "MLA"
    },
    {
        "flight": "destination",
        "country": "TivatTIV",
        "code": "TIV"
    },
    {
        "flight": "destination",
        "country": "AgadirAGA",
        "code": "AGA"
    },
    {
        "flight": "destination",
        "country": "CasablancaCMN",
        "code": "CMN"
    },
    {
        "flight": "destination",
        "country": "MarrakechRAK",
        "code": "RAK"
    },
    {
        "flight": "destination",
        "country": "NadorNDR",
        "code": "NDR"
    },
    {
        "flight": "destination",
        "country": "TangierTNG",
        "code": "TNG"
    },
    {
        "flight": "destination",
        "country": "AmsterdamAMS",
        "code": "AMS"
    },
    {
        "flight": "destination",
        "country": "BergenBGO",
        "code": "BGO"
    },
    {
        "flight": "destination",
        "country": "OsloOSL",
        "code": "OSL"
    },
    {
        "flight": "destination",
        "country": "TromsøTOS",
        "code": "TOS"
    },
    {
        "flight": "destination",
        "country": "GdańskGDN",
        "code": "GDN"
    },
    {
        "flight": "destination",
        "country": "KrakowKRK",
        "code": "KRK"
    },
    {
        "flight": "destination",
        "country": "WrocławWRO",
        "code": "WRO"
    },
    {
        "flight": "destination",
        "country": "FaroFAO",
        "code": "FAO"
    },
    {
        "flight": "destination",
        "country": "Funchal (Madeira)FNC",
        "code": "FNC"
    },
    {
        "flight": "destination",
        "country": "LisbonLIS",
        "code": "LIS"
    },
    {
        "flight": "destination",
        "country": "PortoOPO",
        "code": "OPO"
    },
    {
        "flight": "destination",
        "country": "BucharestOTP",
        "code": "OTP"
    },
    {
        "flight": "destination",
        "country": "TimișoaraTSR",
        "code": "TSR"
    },
    {
        "flight": "destination",
        "country": "BelgradeBEG",
        "code": "BEG"
    },
    {
        "flight": "destination",
        "country": "PristinaPRN",
        "code": "PRN"
    },
    {
        "flight": "destination",
        "country": "AlicanteALC",
        "code": "ALC"
    },
    {
        "flight": "destination",
        "country": "BarcelonaBCN",
        "code": "BCN"
    },
    {
        "flight": "destination",
        "country": "BilbaoBIO",
        "code": "BIO"
    },
    {
        "flight": "destination",
        "country": "FuerteventuraFUE",
        "code": "FUE"
    },
    {
        "flight": "destination",
        "country": "Gran Canaria (Las Palmas)LPA",
        "code": "LPA"
    },
    {
        "flight": "destination",
        "country": "IbizaIBZ",
        "code": "IBZ"
    },
    {
        "flight": "destination",
        "country": "Jerez de la FronteraXRY",
        "code": "XRY"
    },
    {
        "flight": "destination",
        "country": "Lanzarote (Arrecife)ACE",
        "code": "ACE"
    },
    {
        "flight": "destination",
        "country": "MálagaAGP",
        "code": "AGP"
    },
    {
        "flight": "destination",
        "country": "Menorca (Mahon)MAH",
        "code": "MAH"
    },
    {
        "flight": "destination",
        "country": "Palma de MallorcaPMI",
        "code": "PMI"
    },
    {
        "flight": "destination",
        "country": "Santa Cruz de La PalmaSPC",
        "code": "SPC"
    },
    {
        "flight": "destination",
        "country": "Tenerife (Reina Sofía)TFS",
        "code": "TFS"
    },
    {
        "flight": "destination",
        "country": "ValenciaVLC",
        "code": "VLC"
    },
    {
        "flight": "destination",
        "country": "GothenburgGOT",
        "code": "GOT"
    },
    {
        "flight": "destination",
        "country": "KirunaKRN",
        "code": "KRN"
    },
    {
        "flight": "destination",
        "country": "Stockholm (Arlanda)ARN",
        "code": "ARN"
    },
    {
        "flight": "destination",
        "country": "Basel Mulhouse FreiburgBSL",
        "code": "BSL"
    },
    {
        "flight": "destination",
        "country": "GenevaGVA",
        "code": "GVA"
    },
    {
        "flight": "destination",
        "country": "ZürichZRH",
        "code": "ZRH"
    },
    {
        "flight": "destination",
        "country": "MonastirMIR",
        "code": "MIR"
    },
    {
        "flight": "destination",
        "country": "TunisTUN",
        "code": "TUN"
    },
    {
        "flight": "destination",
        "country": "AdanaADA",
        "code": "ADA"
    },
    {
        "flight": "destination",
        "country": "AntalyaAYT",
        "code": "AYT"
    },
    {
        "flight": "destination",
        "country": "IzmirADB",
        "code": "ADB"
    },
    {
        "flight": "destination",
        "country": "KütahyaKZR",
        "code": "KZR"
    },
    {
        "flight": "destination",
        "country": "SamsunSZF",
        "code": "SZF"
    },
    {
        "flight": "destination",
        "country": "DubaiDXB",
        "code": "DXB"
    },
    {
        "flight": "destination",
        "country": "BirminghamBHX",
        "code": "BHX"
    },
    {
        "flight": "destination",
        "country": "EdinburghEDI",
        "code": "EDI"
    },
    {
        "flight": "destination",
        "country": "London HeathrowLHR",
        "code": "LHR"
    },
    {
        "flight": "destination",
        "country": "ManchesterMAN",
        "code": "MAN"
    },
    {
        "flight": "destination",
        "country": "NewcastleNCL",
        "code": "NCL"
    },
    {
        "flight": "destination",
        "country": "NewquayNQY",
        "code": "NQY"
    },
    {
        "flight": "departure",
        "country": "TiranaTIA",
        "code": "TIA"
    },
    {
        "flight": "departure",
        "country": "YerevanEVN",
        "code": "EVN"
    },
    {
        "flight": "departure",
        "country": "GrazGRZ",
        "code": "GRZ"
    },
    {
        "flight": "departure",
        "country": "InnsbruckINN",
        "code": "INN"
    },
    {
        "flight": "departure",
        "country": "LinzLNZ",
        "code": "LNZ"
    },
    {
        "flight": "departure",
        "country": "SalzburgSZG",
        "code": "SZG"
    },
    {
        "flight": "departure",
        "country": "ViennaVIE",
        "code": "VIE"
    },
    {
        "flight": "departure",
        "country": "SarajevoSJJ",
        "code": "SJJ"
    },
    {
        "flight": "departure",
        "country": "BurgasBOJ",
        "code": "BOJ"
    },
    {
        "flight": "departure",
        "country": "VarnaVAR",
        "code": "VAR"
    },
    {
        "flight": "departure",
        "country": "DubrovnikDBV",
        "code": "DBV"
    },
    {
        "flight": "departure",
        "country": "PulaPUY",
        "code": "PUY"
    },
    {
        "flight": "departure",
        "country": "RijekaRJK",
        "code": "RJK"
    },
    {
        "flight": "departure",
        "country": "SplitSPU",
        "code": "SPU"
    },
    {
        "flight": "departure",
        "country": "ZadarZAD",
        "code": "ZAD"
    },
    {
        "flight": "departure",
        "country": "ZagrebZAG",
        "code": "ZAG"
    },
    {
        "flight": "departure",
        "country": "LarnacaLCA",
        "code": "LCA"
    },
    {
        "flight": "departure",
        "country": "PraguePRG",
        "code": "PRG"
    },
    {
        "flight": "departure",
        "country": "CopenhagenCPH",
        "code": "CPH"
    },
    {
        "flight": "departure",
        "country": "HurghadaHRG",
        "code": "HRG"
    },
    {
        "flight": "departure",
        "country": "Marsa AlamRMF",
        "code": "RMF"
    },
    {
        "flight": "departure",
        "country": "HelsinkiHEL",
        "code": "HEL"
    },
    {
        "flight": "departure",
        "country": "IvaloIVL",
        "code": "IVL"
    },
    {
        "flight": "departure",
        "country": "KittiläKTT",
        "code": "KTT"
    },
    {
        "flight": "departure",
        "country": "KuusamoKAO",
        "code": "KAO"
    },
    {
        "flight": "departure",
        "country": "RovaniemiRVN",
        "code": "RVN"
    },
    {
        "flight": "departure",
        "country": "Bastia (Corsica)BIA",
        "code": "BIA"
    },
    {
        "flight": "departure",
        "country": "Calvi (Corsica)CLY",
        "code": "CLY"
    },
    {
        "flight": "departure",
        "country": "LyonLYS",
        "code": "LYS"
    },
    {
        "flight": "departure",
        "country": "MarseilleMRS",
        "code": "MRS"
    },
    {
        "flight": "departure",
        "country": "NiceNCE",
        "code": "NCE"
    },
    {
        "flight": "departure",
        "country": "ParisCDG",
        "code": "CDG"
    },
    {
        "flight": "departure",
        "country": "TbilisiTBS",
        "code": "TBS"
    },
    {
        "flight": "departure",
        "country": "BerlinBER",
        "code": "BER"
    },
    {
        "flight": "departure",
        "country": "BremenBRE",
        "code": "BRE"
    },
    {
        "flight": "departure",
        "country": "Cologne-BonnCGN",
        "code": "CGN"
    },
    {
        "flight": "departure",
        "country": "DortmundDTM",
        "code": "DTM"
    },
    {
        "flight": "departure",
        "country": "DresdenDRS",
        "code": "DRS"
    },
    {
        "flight": "departure",
        "country": "DüsseldorfDUS",
        "code": "DUS"
    },
    {
        "flight": "departure",
        "country": "FrankfurtFRA",
        "code": "FRA"
    },
    {
        "flight": "departure",
        "country": "HamburgHAM",
        "code": "HAM"
    },
    {
        "flight": "departure",
        "country": "HanoverHAJ",
        "code": "HAJ"
    },
    {
        "flight": "departure",
        "country": "Karlsruhe / Baden-BadenFKB",
        "code": "FKB"
    },
    {
        "flight": "departure",
        "country": "LeipzigLEJ",
        "code": "LEJ"
    },
    {
        "flight": "departure",
        "country": "MemmingenFMM",
        "code": "FMM"
    },
    {
        "flight": "departure",
        "country": "MunichMUC",
        "code": "MUC"
    },
    {
        "flight": "departure",
        "country": "Münster / OsnabrückFMO",
        "code": "FMO"
    },
    {
        "flight": "departure",
        "country": "NurembergNUE",
        "code": "NUE"
    },
    {
        "flight": "departure",
        "country": "PaderbornPAD",
        "code": "PAD"
    },
    {
        "flight": "departure",
        "country": "SaarbrückenSCN",
        "code": "SCN"
    },
    {
        "flight": "departure",
        "country": "StuttgartSTR",
        "code": "STR"
    },
    {
        "flight": "departure",
        "country": "Westerland / SyltGWT",
        "code": "GWT"
    },
    {
        "flight": "departure",
        "country": "AthensATH",
        "code": "ATH"
    },
    {
        "flight": "departure",
        "country": "Chania (Crete)CHQ",
        "code": "CHQ"
    },
    {
        "flight": "departure",
        "country": "Corfu (Kerkyra)CFU",
        "code": "CFU"
    },
    {
        "flight": "departure",
        "country": "Heraklion (Crete)HER",
        "code": "HER"
    },
    {
        "flight": "departure",
        "country": "KalamataKLX",
        "code": "KLX"
    },
    {
        "flight": "departure",
        "country": "KarpathosAOK",
        "code": "AOK"
    },
    {
        "flight": "departure",
        "country": "KavalaKVA",
        "code": "KVA"
    },
    {
        "flight": "departure",
        "country": "KosKGS",
        "code": "KGS"
    },
    {
        "flight": "departure",
        "country": "MykonosJMK",
        "code": "JMK"
    },
    {
        "flight": "departure",
        "country": "Preveza / LefkadaPVK",
        "code": "PVK"
    },
    {
        "flight": "departure",
        "country": "RhodesRHO",
        "code": "RHO"
    },
    {
        "flight": "departure",
        "country": "SamosSMI",
        "code": "SMI"
    },
    {
        "flight": "departure",
        "country": "SantoriniJTR",
        "code": "JTR"
    },
    {
        "flight": "departure",
        "country": "ThessalonikiSKG",
        "code": "SKG"
    },
    {
        "flight": "departure",
        "country": "VolosVOL",
        "code": "VOL"
    },
    {
        "flight": "departure",
        "country": "Zakynthos IslandZTH",
        "code": "ZTH"
    },
    {
        "flight": "departure",
        "country": "BudapestBUD",
        "code": "BUD"
    },
    {
        "flight": "departure",
        "country": "Reykjavik (Keflavik)KEF",
        "code": "KEF"
    },
    {
        "flight": "departure",
        "country": "ErbilEBL",
        "code": "EBL"
    },
    {
        "flight": "departure",
        "country": "DublinDUB",
        "code": "DUB"
    },
    {
        "flight": "departure",
        "country": "Tel AvivTLV",
        "code": "TLV"
    },
    {
        "flight": "departure",
        "country": "BariBRI",
        "code": "BRI"
    },
    {
        "flight": "departure",
        "country": "BolognaBLQ",
        "code": "BLQ"
    },
    {
        "flight": "departure",
        "country": "BrindisiBDS",
        "code": "BDS"
    },
    {
        "flight": "departure",
        "country": "Cagliari (Sardinia)CAG",
        "code": "CAG"
    },
    {
        "flight": "departure",
        "country": "CataniaCTA",
        "code": "CTA"
    },
    {
        "flight": "departure",
        "country": "Lamezia TermeSUF",
        "code": "SUF"
    },
    {
        "flight": "departure",
        "country": "Milan (Bergamo)BGY",
        "code": "BGY"
    },
    {
        "flight": "departure",
        "country": "Milan (Malpensa)MXP",
        "code": "MXP"
    },
    {
        "flight": "departure",
        "country": "NaplesNAP",
        "code": "NAP"
    },
    {
        "flight": "departure",
        "country": "Olbia (Sardinia)OLB",
        "code": "OLB"
    },
    {
        "flight": "departure",
        "country": "PalermoPMO",
        "code": "PMO"
    },
    {
        "flight": "departure",
        "country": "PisaPSA",
        "code": "PSA"
    },
    {
        "flight": "departure",
        "country": "Rome (Fiumicino)FCO",
        "code": "FCO"
    },
    {
        "flight": "departure",
        "country": "Venice Marco PoloVCE",
        "code": "VCE"
    },
    {
        "flight": "departure",
        "country": "VeronaVRN",
        "code": "VRN"
    },
    {
        "flight": "departure",
        "country": "JerseyJER",
        "code": "JER"
    },
    {
        "flight": "departure",
        "country": "BeirutBEY",
        "code": "BEY"
    },
    {
        "flight": "departure",
        "country": "MaltaMLA",
        "code": "MLA"
    },
    {
        "flight": "departure",
        "country": "TivatTIV",
        "code": "TIV"
    },
    {
        "flight": "departure",
        "country": "AgadirAGA",
        "code": "AGA"
    },
    {
        "flight": "departure",
        "country": "CasablancaCMN",
        "code": "CMN"
    },
    {
        "flight": "departure",
        "country": "MarrakechRAK",
        "code": "RAK"
    },
    {
        "flight": "departure",
        "country": "NadorNDR",
        "code": "NDR"
    },
    {
        "flight": "departure",
        "country": "TangierTNG",
        "code": "TNG"
    },
    {
        "flight": "departure",
        "country": "AmsterdamAMS",
        "code": "AMS"
    },
    {
        "flight": "departure",
        "country": "BergenBGO",
        "code": "BGO"
    },
    {
        "flight": "departure",
        "country": "OsloOSL",
        "code": "OSL"
    },
    {
        "flight": "departure",
        "country": "TromsøTOS",
        "code": "TOS"
    },
    {
        "flight": "departure",
        "country": "GdańskGDN",
        "code": "GDN"
    },
    {
        "flight": "departure",
        "country": "KrakowKRK",
        "code": "KRK"
    },
    {
        "flight": "departure",
        "country": "WrocławWRO",
        "code": "WRO"
    },
    {
        "flight": "departure",
        "country": "FaroFAO",
        "code": "FAO"
    },
    {
        "flight": "departure",
        "country": "Funchal (Madeira)FNC",
        "code": "FNC"
    },
    {
        "flight": "departure",
        "country": "LisbonLIS",
        "code": "LIS"
    },
    {
        "flight": "departure",
        "country": "PortoOPO",
        "code": "OPO"
    },
    {
        "flight": "departure",
        "country": "BucharestOTP",
        "code": "OTP"
    },
    {
        "flight": "departure",
        "country": "TimișoaraTSR",
        "code": "TSR"
    },
    {
        "flight": "departure",
        "country": "BelgradeBEG",
        "code": "BEG"
    },
    {
        "flight": "departure",
        "country": "PristinaPRN",
        "code": "PRN"
    },
    {
        "flight": "departure",
        "country": "AlicanteALC",
        "code": "ALC"
    },
    {
        "flight": "departure",
        "country": "BarcelonaBCN",
        "code": "BCN"
    },
    {
        "flight": "departure",
        "country": "BilbaoBIO",
        "code": "BIO"
    },
    {
        "flight": "departure",
        "country": "FuerteventuraFUE",
        "code": "FUE"
    },
    {
        "flight": "departure",
        "country": "Gran Canaria (Las Palmas)LPA",
        "code": "LPA"
    },
    {
        "flight": "departure",
        "country": "IbizaIBZ",
        "code": "IBZ"
    },
    {
        "flight": "departure",
        "country": "Jerez de la FronteraXRY",
        "code": "XRY"
    },
    {
        "flight": "departure",
        "country": "Lanzarote (Arrecife)ACE",
        "code": "ACE"
    },
    {
        "flight": "departure",
        "country": "MálagaAGP",
        "code": "AGP"
    },
    {
        "flight": "departure",
        "country": "Menorca (Mahon)MAH",
        "code": "MAH"
    },
    {
        "flight": "departure",
        "country": "Palma de MallorcaPMI",
        "code": "PMI"
    },
    {
        "flight": "departure",
        "country": "Santa Cruz de La PalmaSPC",
        "code": "SPC"
    },
    {
        "flight": "departure",
        "country": "Tenerife (Reina Sofía)TFS",
        "code": "TFS"
    },
    {
        "flight": "departure",
        "country": "ValenciaVLC",
        "code": "VLC"
    },
    {
        "flight": "departure",
        "country": "GothenburgGOT",
        "code": "GOT"
    },
    {
        "flight": "departure",
        "country": "KirunaKRN",
        "code": "KRN"
    },
    {
        "flight": "departure",
        "country": "Stockholm (Arlanda)ARN",
        "code": "ARN"
    },
    {
        "flight": "departure",
        "country": "Basel Mulhouse FreiburgBSL",
        "code": "BSL"
    },
    {
        "flight": "departure",
        "country": "GenevaGVA",
        "code": "GVA"
    },
    {
        "flight": "departure",
        "country": "ZürichZRH",
        "code": "ZRH"
    },
    {
        "flight": "departure",
        "country": "MonastirMIR",
        "code": "MIR"
    },
    {
        "flight": "departure",
        "country": "TunisTUN",
        "code": "TUN"
    },
    {
        "flight": "departure",
        "country": "AdanaADA",
        "code": "ADA"
    },
    {
        "flight": "departure",
        "country": "AntalyaAYT",
        "code": "AYT"
    },
    {
        "flight": "departure",
        "country": "IzmirADB",
        "code": "ADB"
    },
    {
        "flight": "departure",
        "country": "KütahyaKZR",
        "code": "KZR"
    },
    {
        "flight": "departure",
        "country": "SamsunSZF",
        "code": "SZF"
    },
    {
        "flight": "departure",
        "country": "DubaiDXB",
        "code": "DXB"
    },
    {
        "flight": "departure",
        "country": "BirminghamBHX",
        "code": "BHX"
    },
    {
        "flight": "departure",
        "country": "EdinburghEDI",
        "code": "EDI"
    },
    {
        "flight": "departure",
        "country": "London HeathrowLHR",
        "code": "LHR"
    },
    {
        "flight": "departure",
        "country": "ManchesterMAN",
        "code": "MAN"
    },
    {
        "flight": "departure",
        "country": "NewcastleNCL",
        "code": "NCL"
    },
    {
        "flight": "departure",
        "country": "NewquayNQY",
        "code": "NQY"
    }
]