[
    {
        "flight": "destination",
        "country": "MaunMUB",
        "code": "MUB"
    },
    {
        "flight": "destination",
        "country": "JohannesburgJNB",
        "code": "JNB"
    },
    {
        "flight": "destination",
        "country": "NelspruitMQP",
        "code": "MQP"
    },
    {
        "flight": "destination",
        "country": "Victoria FallsVFA",
        "code": "VFA"
    },
    {
        "flight": "departure",
        "country": "MaunMUB",
        "code": "MUB"
    },
    {
        "flight": "departure",
        "country": "JohannesburgJNB",
        "code": "JNB"
    },
    {
        "flight": "departure",
        "country": "NelspruitMQP",
        "code": "MQP"
    },
    {
        "flight": "departure",
        "country": "Victoria FallsVFA",
        "code": "VFA"
    }
]