[
    {
        "flight": "destination",
        "country": "BridgetownBGI",
        "code": "BGI"
    },
    {
        "flight": "destination",
        "country": "Cayman BracCYB",
        "code": "CYB"
    },
    {
        "flight": "destination",
        "country": "Grand CaymanGCM",
        "code": "GCM"
    },
    {
        "flight": "destination",
        "country": "Little CaymanLYB",
        "code": "LYB"
    },
    {
        "flight": "destination",
        "country": "HavanaHAV",
        "code": "HAV"
    },
    {
        "flight": "destination",
        "country": "La CeibaLCE",
        "code": "LCE"
    },
    {
        "flight": "destination",
        "country": "KingstonKIN",
        "code": "KIN"
    },
    {
        "flight": "destination",
        "country": "Panama CityPTY",
        "code": "PTY"
    },
    {
        "flight": "destination",
        "country": "DenverDEN",
        "code": "DEN"
    },
    {
        "flight": "destination",
        "country": "Los AngelesLAX",
        "code": "LAX"
    },
    {
        "flight": "destination",
        "country": "MiamiMIA",
        "code": "MIA"
    },
    {
        "flight": "destination",
        "country": "New York CityJFK",
        "code": "JFK"
    },
    {
        "flight": "destination",
        "country": "TampaTPA",
        "code": "TPA"
    },
    {
        "flight": "departure",
        "country": "BridgetownBGI",
        "code": "BGI"
    },
    {
        "flight": "departure",
        "country": "Cayman BracCYB",
        "code": "CYB"
    },
    {
        "flight": "departure",
        "country": "Grand CaymanGCM",
        "code": "GCM"
    },
    {
        "flight": "departure",
        "country": "Little CaymanLYB",
        "code": "LYB"
    },
    {
        "flight": "departure",
        "country": "HavanaHAV",
        "code": "HAV"
    },
    {
        "flight": "departure",
        "country": "La CeibaLCE",
        "code": "LCE"
    },
    {
        "flight": "departure",
        "country": "KingstonKIN",
        "code": "KIN"
    },
    {
        "flight": "departure",
        "country": "Panama CityPTY",
        "code": "PTY"
    },
    {
        "flight": "departure",
        "country": "DenverDEN",
        "code": "DEN"
    },
    {
        "flight": "departure",
        "country": "Los AngelesLAX",
        "code": "LAX"
    },
    {
        "flight": "departure",
        "country": "MiamiMIA",
        "code": "MIA"
    },
    {
        "flight": "departure",
        "country": "New York CityJFK",
        "code": "JFK"
    },
    {
        "flight": "departure",
        "country": "TampaTPA",
        "code": "TPA"
    }
]