[
    {
        "flight": "destination",
        "country": "Changchun and Jilin CityCGQ",
        "code": "CGQ"
    },
    {
        "flight": "destination",
        "country": "ChangshaCSX",
        "code": "CSX"
    },
    {
        "flight": "destination",
        "country": "ChengdeCDE",
        "code": "CDE"
    },
    {
        "flight": "destination",
        "country": "ChengduTFU",
        "code": "TFU"
    },
    {
        "flight": "destination",
        "country": "ChongqingCKG",
        "code": "CKG"
    },
    {
        "flight": "destination",
        "country": "DalianDLC",
        "code": "DLC"
    },
    {
        "flight": "destination",
        "country": "EzhouEHU",
        "code": "EHU"
    },
    {
        "flight": "destination",
        "country": "FuzhouFOC",
        "code": "FOC"
    },
    {
        "flight": "destination",
        "country": "GuangzhouCAN",
        "code": "CAN"
    },
    {
        "flight": "destination",
        "country": "GuiyangKWE",
        "code": "KWE"
    },
    {
        "flight": "destination",
        "country": "HaikouHAK",
        "code": "HAK"
    },
    {
        "flight": "destination",
        "country": "HangzhouHGH",
        "code": "HGH"
    },
    {
        "flight": "destination",
        "country": "HarbinHRB",
        "code": "HRB"
    },
    {
        "flight": "destination",
        "country": "HefeiHFE",
        "code": "HFE"
    },
    {
        "flight": "destination",
        "country": "HengyangHNY",
        "code": "HNY"
    },
    {
        "flight": "destination",
        "country": "HohhotHET",
        "code": "HET"
    },
    {
        "flight": "destination",
        "country": "Huai'anHIA",
        "code": "HIA"
    },
    {
        "flight": "destination",
        "country": "JinchangJIC",
        "code": "JIC"
    },
    {
        "flight": "destination",
        "country": "JinghongJHG",
        "code": "JHG"
    },
    {
        "flight": "destination",
        "country": "LanzhouLHW",
        "code": "LHW"
    },
    {
        "flight": "destination",
        "country": "LianyungangLYG",
        "code": "LYG"
    },
    {
        "flight": "destination",
        "country": "NanchangKHN",
        "code": "KHN"
    },
    {
        "flight": "destination",
        "country": "NanjingNKG",
        "code": "NKG"
    },
    {
        "flight": "destination",
        "country": "NanningNNG",
        "code": "NNG"
    },
    {
        "flight": "destination",
        "country": "NingboNGB",
        "code": "NGB"
    },
    {
        "flight": "destination",
        "country": "QingdaoTAO",
        "code": "TAO"
    },
    {
        "flight": "destination",
        "country": "QionghaiBAR",
        "code": "BAR"
    },
    {
        "flight": "destination",
        "country": "QuanzhouJJN",
        "code": "JJN"
    },
    {
        "flight": "destination",
        "country": "RizhaoRIZ",
        "code": "RIZ"
    },
    {
        "flight": "destination",
        "country": "SanyaSYX",
        "code": "SYX"
    },
    {
        "flight": "destination",
        "country": "ShanghaiPVG",
        "code": "PVG"
    },
    {
        "flight": "destination",
        "country": "ShenyangSHE",
        "code": "SHE"
    },
    {
        "flight": "destination",
        "country": "ShiheziSHF",
        "code": "SHF"
    },
    {
        "flight": "destination",
        "country": "TangshanTVS",
        "code": "TVS"
    },
    {
        "flight": "destination",
        "country": "TekirdagTEN",
        "code": "TEN"
    },
    {
        "flight": "destination",
        "country": "TumxukTWC",
        "code": "TWC"
    },
    {
        "flight": "destination",
        "country": "UrumqiURC",
        "code": "URC"
    },
    {
        "flight": "destination",
        "country": "WeihaiWEH",
        "code": "WEH"
    },
    {
        "flight": "destination",
        "country": "WenzhouWNZ",
        "code": "WNZ"
    },
    {
        "flight": "destination",
        "country": "WuhanWUH",
        "code": "WUH"
    },
    {
        "flight": "destination",
        "country": "Wuxi / SuzhouWUX",
        "code": "WUX"
    },
    {
        "flight": "destination",
        "country": "Xi'anXIY",
        "code": "XIY"
    },
    {
        "flight": "destination",
        "country": "XiamenXMN",
        "code": "XMN"
    },
    {
        "flight": "destination",
        "country": "Xingyi, GuizhouACX",
        "code": "ACX"
    },
    {
        "flight": "destination",
        "country": "XiningXNN",
        "code": "XNN"
    },
    {
        "flight": "destination",
        "country": "XinzhouWUT",
        "code": "WUT"
    },
    {
        "flight": "destination",
        "country": "YanchengYNZ",
        "code": "YNZ"
    },
    {
        "flight": "destination",
        "country": "YichangYIH",
        "code": "YIH"
    },
    {
        "flight": "destination",
        "country": "YingkouYKH",
        "code": "YKH"
    },
    {
        "flight": "destination",
        "country": "ZhangjiajieDYG",
        "code": "DYG"
    },
    {
        "flight": "destination",
        "country": "ZhangyeYZY",
        "code": "YZY"
    },
    {
        "flight": "destination",
        "country": "ZhengzhouCGO",
        "code": "CGO"
    },
    {
        "flight": "destination",
        "country": "ZhongweiZHY",
        "code": "ZHY"
    },
    {
        "flight": "destination",
        "country": "OsakaKIX",
        "code": "KIX"
    },
    {
        "flight": "destination",
        "country": "BangkokBKK",
        "code": "BKK"
    },
    {
        "flight": "destination",
        "country": "Bangkok (Don Muang)DMK",
        "code": "DMK"
    },
    {
        "flight": "destination",
        "country": "PhuketHKT",
        "code": "HKT"
    },
    {
        "flight": "departure",
        "country": "Changchun and Jilin CityCGQ",
        "code": "CGQ"
    },
    {
        "flight": "departure",
        "country": "ChangshaCSX",
        "code": "CSX"
    },
    {
        "flight": "departure",
        "country": "ChengdeCDE",
        "code": "CDE"
    },
    {
        "flight": "departure",
        "country": "ChengduTFU",
        "code": "TFU"
    },
    {
        "flight": "departure",
        "country": "ChongqingCKG",
        "code": "CKG"
    },
    {
        "flight": "departure",
        "country": "DalianDLC",
        "code": "DLC"
    },
    {
        "flight": "departure",
        "country": "EzhouEHU",
        "code": "EHU"
    },
    {
        "flight": "departure",
        "country": "FuzhouFOC",
        "code": "FOC"
    },
    {
        "flight": "departure",
        "country": "GuangzhouCAN",
        "code": "CAN"
    },
    {
        "flight": "departure",
        "country": "GuiyangKWE",
        "code": "KWE"
    },
    {
        "flight": "departure",
        "country": "HaikouHAK",
        "code": "HAK"
    },
    {
        "flight": "departure",
        "country": "HangzhouHGH",
        "code": "HGH"
    },
    {
        "flight": "departure",
        "country": "HarbinHRB",
        "code": "HRB"
    },
    {
        "flight": "departure",
        "country": "HefeiHFE",
        "code": "HFE"
    },
    {
        "flight": "departure",
        "country": "HengyangHNY",
        "code": "HNY"
    },
    {
        "flight": "departure",
        "country": "HohhotHET",
        "code": "HET"
    },
    {
        "flight": "departure",
        "country": "Huai'anHIA",
        "code": "HIA"
    },
    {
        "flight": "departure",
        "country": "JinchangJIC",
        "code": "JIC"
    },
    {
        "flight": "departure",
        "country": "JinghongJHG",
        "code": "JHG"
    },
    {
        "flight": "departure",
        "country": "LanzhouLHW",
        "code": "LHW"
    },
    {
        "flight": "departure",
        "country": "LianyungangLYG",
        "code": "LYG"
    },
    {
        "flight": "departure",
        "country": "NanchangKHN",
        "code": "KHN"
    },
    {
        "flight": "departure",
        "country": "NanjingNKG",
        "code": "NKG"
    },
    {
        "flight": "departure",
        "country": "NanningNNG",
        "code": "NNG"
    },
    {
        "flight": "departure",
        "country": "NingboNGB",
        "code": "NGB"
    },
    {
        "flight": "departure",
        "country": "QingdaoTAO",
        "code": "TAO"
    },
    {
        "flight": "departure",
        "country": "QionghaiBAR",
        "code": "BAR"
    },
    {
        "flight": "departure",
        "country": "QuanzhouJJN",
        "code": "JJN"
    },
    {
        "flight": "departure",
        "country": "RizhaoRIZ",
        "code": "RIZ"
    },
    {
        "flight": "departure",
        "country": "SanyaSYX",
        "code": "SYX"
    },
    {
        "flight": "departure",
        "country": "ShanghaiPVG",
        "code": "PVG"
    },
    {
        "flight": "departure",
        "country": "ShenyangSHE",
        "code": "SHE"
    },
    {
        "flight": "departure",
        "country": "ShiheziSHF",
        "code": "SHF"
    },
    {
        "flight": "departure",
        "country": "TangshanTVS",
        "code": "TVS"
    },
    {
        "flight": "departure",
        "country": "TekirdagTEN",
        "code": "TEN"
    },
    {
        "flight": "departure",
        "country": "TumxukTWC",
        "code": "TWC"
    },
    {
        "flight": "departure",
        "country": "UrumqiURC",
        "code": "URC"
    },
    {
        "flight": "departure",
        "country": "WeihaiWEH",
        "code": "WEH"
    },
    {
        "flight": "departure",
        "country": "WenzhouWNZ",
        "code": "WNZ"
    },
    {
        "flight": "departure",
        "country": "WuhanWUH",
        "code": "WUH"
    },
    {
        "flight": "departure",
        "country": "Wuxi / SuzhouWUX",
        "code": "WUX"
    },
    {
        "flight": "departure",
        "country": "Xi'anXIY",
        "code": "XIY"
    },
    {
        "flight": "departure",
        "country": "XiamenXMN",
        "code": "XMN"
    },
    {
        "flight": "departure",
        "country": "Xingyi, GuizhouACX",
        "code": "ACX"
    },
    {
        "flight": "departure",
        "country": "XiningXNN",
        "code": "XNN"
    },
    {
        "flight": "departure",
        "country": "XinzhouWUT",
        "code": "WUT"
    },
    {
        "flight": "departure",
        "country": "YanchengYNZ",
        "code": "YNZ"
    },
    {
        "flight": "departure",
        "country": "YichangYIH",
        "code": "YIH"
    },
    {
        "flight": "departure",
        "country": "YingkouYKH",
        "code": "YKH"
    },
    {
        "flight": "departure",
        "country": "ZhangjiajieDYG",
        "code": "DYG"
    },
    {
        "flight": "departure",
        "country": "ZhangyeYZY",
        "code": "YZY"
    },
    {
        "flight": "departure",
        "country": "ZhengzhouCGO",
        "code": "CGO"
    },
    {
        "flight": "departure",
        "country": "ZhongweiZHY",
        "code": "ZHY"
    },
    {
        "flight": "departure",
        "country": "OsakaKIX",
        "code": "KIX"
    },
    {
        "flight": "departure",
        "country": "BangkokBKK",
        "code": "BKK"
    },
    {
        "flight": "departure",
        "country": "Bangkok (Don Muang)DMK",
        "code": "DMK"
    },
    {
        "flight": "departure",
        "country": "PhuketHKT",
        "code": "HKT"
    }
]