[
    {
        "flight": "destination",
        "country": "AlgiersALG",
        "code": "ALG"
    },
    {
        "flight": "destination",
        "country": "LuandaLAD",
        "code": "LAD"
    },
    {
        "flight": "destination",
        "country": "BrusselsBRU",
        "code": "BRU"
    },
    {
        "flight": "destination",
        "country": "CotonouCOO",
        "code": "COO"
    },
    {
        "flight": "destination",
        "country": "OuagadougouOUA",
        "code": "OUA"
    },
    {
        "flight": "destination",
        "country": "DoualaDLA",
        "code": "DLA"
    },
    {
        "flight": "destination",
        "country": "YaoundéNSI",
        "code": "NSI"
    },
    {
        "flight": "destination",
        "country": "MontrealYUL",
        "code": "YUL"
    },
    {
        "flight": "destination",
        "country": "PraiaRAI",
        "code": "RAI"
    },
    {
        "flight": "destination",
        "country": "BanguiBGF",
        "code": "BGF"
    },
    {
        "flight": "destination",
        "country": "AbidjanABJ",
        "code": "ABJ"
    },
    {
        "flight": "destination",
        "country": "KinshasaFIH",
        "code": "FIH"
    },
    {
        "flight": "destination",
        "country": "CairoCAI",
        "code": "CAI"
    },
    {
        "flight": "destination",
        "country": "MalaboSSG",
        "code": "SSG"
    },
    {
        "flight": "destination",
        "country": "BordeauxBOD",
        "code": "BOD"
    },
    {
        "flight": "destination",
        "country": "LyonLYS",
        "code": "LYS"
    },
    {
        "flight": "destination",
        "country": "MarseilleMRS",
        "code": "MRS"
    },
    {
        "flight": "destination",
        "country": "MontpellierMPL",
        "code": "MPL"
    },
    {
        "flight": "destination",
        "country": "NantesNTE",
        "code": "NTE"
    },
    {
        "flight": "destination",
        "country": "NiceNCE",
        "code": "NCE"
    },
    {
        "flight": "destination",
        "country": "ParisCDG",
        "code": "CDG"
    },
    {
        "flight": "destination",
        "country": "Paris (Orly)ORY",
        "code": "ORY"
    },
    {
        "flight": "destination",
        "country": "StrasbourgSXB",
        "code": "SXB"
    },
    {
        "flight": "destination",
        "country": "ToulouseTLS",
        "code": "TLS"
    },
    {
        "flight": "destination",
        "country": "LibrevilleLBV",
        "code": "LBV"
    },
    {
        "flight": "destination",
        "country": "BanjulBJL",
        "code": "BJL"
    },
    {
        "flight": "destination",
        "country": "FrankfurtFRA",
        "code": "FRA"
    },
    {
        "flight": "destination",
        "country": "AccraACC",
        "code": "ACC"
    },
    {
        "flight": "destination",
        "country": "ConakryCKY",
        "code": "CKY"
    },
    {
        "flight": "destination",
        "country": "BissauOXB",
        "code": "OXB"
    },
    {
        "flight": "destination",
        "country": "Tel AvivTLV",
        "code": "TLV"
    },
    {
        "flight": "destination",
        "country": "BolognaBLQ",
        "code": "BLQ"
    },
    {
        "flight": "destination",
        "country": "Milan (Malpensa)MXP",
        "code": "MXP"
    },
    {
        "flight": "destination",
        "country": "Rome (Fiumicino)FCO",
        "code": "FCO"
    },
    {
        "flight": "destination",
        "country": "TurinTRN",
        "code": "TRN"
    },
    {
        "flight": "destination",
        "country": "Venice Marco PoloVCE",
        "code": "VCE"
    },
    {
        "flight": "destination",
        "country": "MonroviaROB",
        "code": "ROB"
    },
    {
        "flight": "destination",
        "country": "BamakoBKO",
        "code": "BKO"
    },
    {
        "flight": "destination",
        "country": "NouakchottNKC",
        "code": "NKC"
    },
    {
        "flight": "destination",
        "country": "AgadirAGA",
        "code": "AGA"
    },
    {
        "flight": "destination",
        "country": "Al HoceimaAHU",
        "code": "AHU"
    },
    {
        "flight": "destination",
        "country": "CasablancaCMN",
        "code": "CMN"
    },
    {
        "flight": "destination",
        "country": "Er-Rachidia (Errachidia)ERH",
        "code": "ERH"
    },
    {
        "flight": "destination",
        "country": "FesFEZ",
        "code": "FEZ"
    },
    {
        "flight": "destination",
        "country": "GuelmimGLN",
        "code": "GLN"
    },
    {
        "flight": "destination",
        "country": "LaayouneEUN",
        "code": "EUN"
    },
    {
        "flight": "destination",
        "country": "MarrakechRAK",
        "code": "RAK"
    },
    {
        "flight": "destination",
        "country": "NadorNDR",
        "code": "NDR"
    },
    {
        "flight": "destination",
        "country": "OuarzazateOZZ",
        "code": "OZZ"
    },
    {
        "flight": "destination",
        "country": "OujdaOUD",
        "code": "OUD"
    },
    {
        "flight": "destination",
        "country": "RabatRBA",
        "code": "RBA"
    },
    {
        "flight": "destination",
        "country": "Tan-TanTTA",
        "code": "TTA"
    },
    {
        "flight": "destination",
        "country": "TangierTNG",
        "code": "TNG"
    },
    {
        "flight": "destination",
        "country": "TétouanTTU",
        "code": "TTU"
    },
    {
        "flight": "destination",
        "country": "ZagoraOZG",
        "code": "OZG"
    },
    {
        "flight": "destination",
        "country": "AmsterdamAMS",
        "code": "AMS"
    },
    {
        "flight": "destination",
        "country": "NiameyNIM",
        "code": "NIM"
    },
    {
        "flight": "destination",
        "country": "LagosLOS",
        "code": "LOS"
    },
    {
        "flight": "destination",
        "country": "LisbonLIS",
        "code": "LIS"
    },
    {
        "flight": "destination",
        "country": "PortoOPO",
        "code": "OPO"
    },
    {
        "flight": "destination",
        "country": "DohaDOH",
        "code": "DOH"
    },
    {
        "flight": "destination",
        "country": "BrazzavilleBZV",
        "code": "BZV"
    },
    {
        "flight": "destination",
        "country": "Moscow DomodedovoDME",
        "code": "DME"
    },
    {
        "flight": "destination",
        "country": "JeddahJED",
        "code": "JED"
    },
    {
        "flight": "destination",
        "country": "MedinaMED",
        "code": "MED"
    },
    {
        "flight": "destination",
        "country": "RiyadhRUH",
        "code": "RUH"
    },
    {
        "flight": "destination",
        "country": "DakarDSS",
        "code": "DSS"
    },
    {
        "flight": "destination",
        "country": "FreetownFNA",
        "code": "FNA"
    },
    {
        "flight": "destination",
        "country": "BarcelonaBCN",
        "code": "BCN"
    },
    {
        "flight": "destination",
        "country": "Gran Canaria (Las Palmas)LPA",
        "code": "LPA"
    },
    {
        "flight": "destination",
        "country": "MadridMAD",
        "code": "MAD"
    },
    {
        "flight": "destination",
        "country": "MálagaAGP",
        "code": "AGP"
    },
    {
        "flight": "destination",
        "country": "SevilleSVQ",
        "code": "SVQ"
    },
    {
        "flight": "destination",
        "country": "Tenerife (Reina Sofía)TFS",
        "code": "TFS"
    },
    {
        "flight": "destination",
        "country": "ValenciaVLC",
        "code": "VLC"
    },
    {
        "flight": "destination",
        "country": "GenevaGVA",
        "code": "GVA"
    },
    {
        "flight": "destination",
        "country": "LoméLFW",
        "code": "LFW"
    },
    {
        "flight": "destination",
        "country": "TunisTUN",
        "code": "TUN"
    },
    {
        "flight": "destination",
        "country": "IstanbulIST",
        "code": "IST"
    },
    {
        "flight": "destination",
        "country": "Istanbul (Sabiha)SAW",
        "code": "SAW"
    },
    {
        "flight": "destination",
        "country": "DubaiDXB",
        "code": "DXB"
    },
    {
        "flight": "destination",
        "country": "London GatwickLGW",
        "code": "LGW"
    },
    {
        "flight": "destination",
        "country": "London HeathrowLHR",
        "code": "LHR"
    },
    {
        "flight": "destination",
        "country": "MiamiMIA",
        "code": "MIA"
    },
    {
        "flight": "destination",
        "country": "New York CityJFK",
        "code": "JFK"
    },
    {
        "flight": "destination",
        "country": "WashingtonIAD",
        "code": "IAD"
    },
    {
        "flight": "destination",
        "country": "DakhlaVIL",
        "code": "VIL"
    },
    {
        "flight": "departure",
        "country": "AlgiersALG",
        "code": "ALG"
    },
    {
        "flight": "departure",
        "country": "LuandaLAD",
        "code": "LAD"
    },
    {
        "flight": "departure",
        "country": "BrusselsBRU",
        "code": "BRU"
    },
    {
        "flight": "departure",
        "country": "CotonouCOO",
        "code": "COO"
    },
    {
        "flight": "departure",
        "country": "OuagadougouOUA",
        "code": "OUA"
    },
    {
        "flight": "departure",
        "country": "DoualaDLA",
        "code": "DLA"
    },
    {
        "flight": "departure",
        "country": "YaoundéNSI",
        "code": "NSI"
    },
    {
        "flight": "departure",
        "country": "MontrealYUL",
        "code": "YUL"
    },
    {
        "flight": "departure",
        "country": "PraiaRAI",
        "code": "RAI"
    },
    {
        "flight": "departure",
        "country": "BanguiBGF",
        "code": "BGF"
    },
    {
        "flight": "departure",
        "country": "AbidjanABJ",
        "code": "ABJ"
    },
    {
        "flight": "departure",
        "country": "KinshasaFIH",
        "code": "FIH"
    },
    {
        "flight": "departure",
        "country": "CairoCAI",
        "code": "CAI"
    },
    {
        "flight": "departure",
        "country": "MalaboSSG",
        "code": "SSG"
    },
    {
        "flight": "departure",
        "country": "BordeauxBOD",
        "code": "BOD"
    },
    {
        "flight": "departure",
        "country": "LyonLYS",
        "code": "LYS"
    },
    {
        "flight": "departure",
        "country": "MarseilleMRS",
        "code": "MRS"
    },
    {
        "flight": "departure",
        "country": "MontpellierMPL",
        "code": "MPL"
    },
    {
        "flight": "departure",
        "country": "NantesNTE",
        "code": "NTE"
    },
    {
        "flight": "departure",
        "country": "NiceNCE",
        "code": "NCE"
    },
    {
        "flight": "departure",
        "country": "ParisCDG",
        "code": "CDG"
    },
    {
        "flight": "departure",
        "country": "Paris (Orly)ORY",
        "code": "ORY"
    },
    {
        "flight": "departure",
        "country": "StrasbourgSXB",
        "code": "SXB"
    },
    {
        "flight": "departure",
        "country": "ToulouseTLS",
        "code": "TLS"
    },
    {
        "flight": "departure",
        "country": "LibrevilleLBV",
        "code": "LBV"
    },
    {
        "flight": "departure",
        "country": "BanjulBJL",
        "code": "BJL"
    },
    {
        "flight": "departure",
        "country": "FrankfurtFRA",
        "code": "FRA"
    },
    {
        "flight": "departure",
        "country": "AccraACC",
        "code": "ACC"
    },
    {
        "flight": "departure",
        "country": "ConakryCKY",
        "code": "CKY"
    },
    {
        "flight": "departure",
        "country": "BissauOXB",
        "code": "OXB"
    },
    {
        "flight": "departure",
        "country": "Tel AvivTLV",
        "code": "TLV"
    },
    {
        "flight": "departure",
        "country": "BolognaBLQ",
        "code": "BLQ"
    },
    {
        "flight": "departure",
        "country": "Milan (Malpensa)MXP",
        "code": "MXP"
    },
    {
        "flight": "departure",
        "country": "Rome (Fiumicino)FCO",
        "code": "FCO"
    },
    {
        "flight": "departure",
        "country": "TurinTRN",
        "code": "TRN"
    },
    {
        "flight": "departure",
        "country": "Venice Marco PoloVCE",
        "code": "VCE"
    },
    {
        "flight": "departure",
        "country": "MonroviaROB",
        "code": "ROB"
    },
    {
        "flight": "departure",
        "country": "BamakoBKO",
        "code": "BKO"
    },
    {
        "flight": "departure",
        "country": "NouakchottNKC",
        "code": "NKC"
    },
    {
        "flight": "departure",
        "country": "AgadirAGA",
        "code": "AGA"
    },
    {
        "flight": "departure",
        "country": "Al HoceimaAHU",
        "code": "AHU"
    },
    {
        "flight": "departure",
        "country": "CasablancaCMN",
        "code": "CMN"
    },
    {
        "flight": "departure",
        "country": "Er-Rachidia (Errachidia)ERH",
        "code": "ERH"
    },
    {
        "flight": "departure",
        "country": "FesFEZ",
        "code": "FEZ"
    },
    {
        "flight": "departure",
        "country": "GuelmimGLN",
        "code": "GLN"
    },
    {
        "flight": "departure",
        "country": "LaayouneEUN",
        "code": "EUN"
    },
    {
        "flight": "departure",
        "country": "MarrakechRAK",
        "code": "RAK"
    },
    {
        "flight": "departure",
        "country": "NadorNDR",
        "code": "NDR"
    },
    {
        "flight": "departure",
        "country": "OuarzazateOZZ",
        "code": "OZZ"
    },
    {
        "flight": "departure",
        "country": "OujdaOUD",
        "code": "OUD"
    },
    {
        "flight": "departure",
        "country": "RabatRBA",
        "code": "RBA"
    },
    {
        "flight": "departure",
        "country": "Tan-TanTTA",
        "code": "TTA"
    },
    {
        "flight": "departure",
        "country": "TangierTNG",
        "code": "TNG"
    },
    {
        "flight": "departure",
        "country": "TétouanTTU",
        "code": "TTU"
    },
    {
        "flight": "departure",
        "country": "ZagoraOZG",
        "code": "OZG"
    },
    {
        "flight": "departure",
        "country": "AmsterdamAMS",
        "code": "AMS"
    },
    {
        "flight": "departure",
        "country": "NiameyNIM",
        "code": "NIM"
    },
    {
        "flight": "departure",
        "country": "LagosLOS",
        "code": "LOS"
    },
    {
        "flight": "departure",
        "country": "LisbonLIS",
        "code": "LIS"
    },
    {
        "flight": "departure",
        "country": "PortoOPO",
        "code": "OPO"
    },
    {
        "flight": "departure",
        "country": "DohaDOH",
        "code": "DOH"
    },
    {
        "flight": "departure",
        "country": "BrazzavilleBZV",
        "code": "BZV"
    },
    {
        "flight": "departure",
        "country": "Moscow DomodedovoDME",
        "code": "DME"
    },
    {
        "flight": "departure",
        "country": "JeddahJED",
        "code": "JED"
    },
    {
        "flight": "departure",
        "country": "MedinaMED",
        "code": "MED"
    },
    {
        "flight": "departure",
        "country": "RiyadhRUH",
        "code": "RUH"
    },
    {
        "flight": "departure",
        "country": "DakarDSS",
        "code": "DSS"
    },
    {
        "flight": "departure",
        "country": "FreetownFNA",
        "code": "FNA"
    },
    {
        "flight": "departure",
        "country": "BarcelonaBCN",
        "code": "BCN"
    },
    {
        "flight": "departure",
        "country": "Gran Canaria (Las Palmas)LPA",
        "code": "LPA"
    },
    {
        "flight": "departure",
        "country": "MadridMAD",
        "code": "MAD"
    },
    {
        "flight": "departure",
        "country": "MálagaAGP",
        "code": "AGP"
    },
    {
        "flight": "departure",
        "country": "SevilleSVQ",
        "code": "SVQ"
    },
    {
        "flight": "departure",
        "country": "Tenerife (Reina Sofía)TFS",
        "code": "TFS"
    },
    {
        "flight": "departure",
        "country": "ValenciaVLC",
        "code": "VLC"
    },
    {
        "flight": "departure",
        "country": "GenevaGVA",
        "code": "GVA"
    },
    {
        "flight": "departure",
        "country": "LoméLFW",
        "code": "LFW"
    },
    {
        "flight": "departure",
        "country": "TunisTUN",
        "code": "TUN"
    },
    {
        "flight": "departure",
        "country": "IstanbulIST",
        "code": "IST"
    },
    {
        "flight": "departure",
        "country": "Istanbul (Sabiha)SAW",
        "code": "SAW"
    },
    {
        "flight": "departure",
        "country": "DubaiDXB",
        "code": "DXB"
    },
    {
        "flight": "departure",
        "country": "London GatwickLGW",
        "code": "LGW"
    },
    {
        "flight": "departure",
        "country": "London HeathrowLHR",
        "code": "LHR"
    },
    {
        "flight": "departure",
        "country": "MiamiMIA",
        "code": "MIA"
    },
    {
        "flight": "departure",
        "country": "New York CityJFK",
        "code": "JFK"
    },
    {
        "flight": "departure",
        "country": "WashingtonIAD",
        "code": "IAD"
    },
    {
        "flight": "departure",
        "country": "DakhlaVIL",
        "code": "VIL"
    }
]