[
    {
        "flight": "destination",
        "country": "AbadanABD",
        "code": "ABD"
    },
    {
        "flight": "destination",
        "country": "AhwazAWZ",
        "code": "AWZ"
    },
    {
        "flight": "destination",
        "country": "Bandar AbbasBND",
        "code": "BND"
    },
    {
        "flight": "destination",
        "country": "BushehrBUZ",
        "code": "BUZ"
    },
    {
        "flight": "destination",
        "country": "KermanshahKSH",
        "code": "KSH"
    },
    {
        "flight": "destination",
        "country": "Kish IslandKIH",
        "code": "KIH"
    },
    {
        "flight": "destination",
        "country": "MashhadMHD",
        "code": "MHD"
    },
    {
        "flight": "destination",
        "country": "RashtRAS",
        "code": "RAS"
    },
    {
        "flight": "destination",
        "country": "ShirazSYZ",
        "code": "SYZ"
    },
    {
        "flight": "destination",
        "country": "TabrizTBZ",
        "code": "TBZ"
    },
    {
        "flight": "destination",
        "country": "TehranTHR",
        "code": "THR"
    },
    {
        "flight": "destination",
        "country": "ZahedanZAH",
        "code": "ZAH"
    },
    {
        "flight": "destination",
        "country": "Al NajafNJF",
        "code": "NJF"
    },
    {
        "flight": "destination",
        "country": "BaghdadBGW",
        "code": "BGW"
    },
    {
        "flight": "destination",
        "country": "Kuwait CityKWI",
        "code": "KWI"
    },
    {
        "flight": "departure",
        "country": "AbadanABD",
        "code": "ABD"
    },
    {
        "flight": "departure",
        "country": "AhwazAWZ",
        "code": "AWZ"
    },
    {
        "flight": "departure",
        "country": "Bandar AbbasBND",
        "code": "BND"
    },
    {
        "flight": "departure",
        "country": "BushehrBUZ",
        "code": "BUZ"
    },
    {
        "flight": "departure",
        "country": "KermanshahKSH",
        "code": "KSH"
    },
    {
        "flight": "departure",
        "country": "Kish IslandKIH",
        "code": "KIH"
    },
    {
        "flight": "departure",
        "country": "MashhadMHD",
        "code": "MHD"
    },
    {
        "flight": "departure",
        "country": "RashtRAS",
        "code": "RAS"
    },
    {
        "flight": "departure",
        "country": "ShirazSYZ",
        "code": "SYZ"
    },
    {
        "flight": "departure",
        "country": "TabrizTBZ",
        "code": "TBZ"
    },
    {
        "flight": "departure",
        "country": "TehranTHR",
        "code": "THR"
    },
    {
        "flight": "departure",
        "country": "ZahedanZAH",
        "code": "ZAH"
    },
    {
        "flight": "departure",
        "country": "Al NajafNJF",
        "code": "NJF"
    },
    {
        "flight": "departure",
        "country": "BaghdadBGW",
        "code": "BGW"
    },
    {
        "flight": "departure",
        "country": "Kuwait CityKWI",
        "code": "KWI"
    }
]