[
    {
        "flight": "destination",
        "country": "ChangshaCSX",
        "code": "CSX"
    },
    {
        "flight": "destination",
        "country": "ChangzhouCZX",
        "code": "CZX"
    },
    {
        "flight": "destination",
        "country": "ChifengCIF",
        "code": "CIF"
    },
    {
        "flight": "destination",
        "country": "ChongqingCKG",
        "code": "CKG"
    },
    {
        "flight": "destination",
        "country": "GuilinKWL",
        "code": "KWL"
    },
    {
        "flight": "destination",
        "country": "GuiyangKWE",
        "code": "KWE"
    },
    {
        "flight": "destination",
        "country": "HaikouHAK",
        "code": "HAK"
    },
    {
        "flight": "destination",
        "country": "HarbinHRB",
        "code": "HRB"
    },
    {
        "flight": "destination",
        "country": "HefeiHFE",
        "code": "HFE"
    },
    {
        "flight": "destination",
        "country": "LinfenLFQ",
        "code": "LFQ"
    },
    {
        "flight": "destination",
        "country": "NanjingNKG",
        "code": "NKG"
    },
    {
        "flight": "destination",
        "country": "NingboNGB",
        "code": "NGB"
    },
    {
        "flight": "destination",
        "country": "ShenyangSHE",
        "code": "SHE"
    },
    {
        "flight": "destination",
        "country": "ShenzhenSZX",
        "code": "SZX"
    },
    {
        "flight": "destination",
        "country": "UrumqiURC",
        "code": "URC"
    },
    {
        "flight": "destination",
        "country": "Wuhu XuanzhouWHA",
        "code": "WHA"
    },
    {
        "flight": "destination",
        "country": "XiningXNN",
        "code": "XNN"
    },
    {
        "flight": "destination",
        "country": "YinchuanINC",
        "code": "INC"
    },
    {
        "flight": "destination",
        "country": "ZhongweiZHY",
        "code": "ZHY"
    },
    {
        "flight": "destination",
        "country": "ZhuhaiZUH",
        "code": "ZUH"
    },
    {
        "flight": "departure",
        "country": "ChangshaCSX",
        "code": "CSX"
    },
    {
        "flight": "departure",
        "country": "ChangzhouCZX",
        "code": "CZX"
    },
    {
        "flight": "departure",
        "country": "ChifengCIF",
        "code": "CIF"
    },
    {
        "flight": "departure",
        "country": "ChongqingCKG",
        "code": "CKG"
    },
    {
        "flight": "departure",
        "country": "GuilinKWL",
        "code": "KWL"
    },
    {
        "flight": "departure",
        "country": "GuiyangKWE",
        "code": "KWE"
    },
    {
        "flight": "departure",
        "country": "HaikouHAK",
        "code": "HAK"
    },
    {
        "flight": "departure",
        "country": "HarbinHRB",
        "code": "HRB"
    },
    {
        "flight": "departure",
        "country": "HefeiHFE",
        "code": "HFE"
    },
    {
        "flight": "departure",
        "country": "LinfenLFQ",
        "code": "LFQ"
    },
    {
        "flight": "departure",
        "country": "NanjingNKG",
        "code": "NKG"
    },
    {
        "flight": "departure",
        "country": "NingboNGB",
        "code": "NGB"
    },
    {
        "flight": "departure",
        "country": "ShenyangSHE",
        "code": "SHE"
    },
    {
        "flight": "departure",
        "country": "ShenzhenSZX",
        "code": "SZX"
    },
    {
        "flight": "departure",
        "country": "UrumqiURC",
        "code": "URC"
    },
    {
        "flight": "departure",
        "country": "Wuhu XuanzhouWHA",
        "code": "WHA"
    },
    {
        "flight": "departure",
        "country": "XiningXNN",
        "code": "XNN"
    },
    {
        "flight": "departure",
        "country": "YinchuanINC",
        "code": "INC"
    },
    {
        "flight": "departure",
        "country": "ZhongweiZHY",
        "code": "ZHY"
    },
    {
        "flight": "departure",
        "country": "ZhuhaiZUH",
        "code": "ZUH"
    }
]