[
    {
        "flight": "destination",
        "country": "NanningNNG",
        "code": "NNG"
    },
    {
        "flight": "destination",
        "country": "Hong KongHKG",
        "code": "HKG"
    },
    {
        "flight": "destination",
        "country": "Angeles CityCRK",
        "code": "CRK"
    },
    {
        "flight": "destination",
        "country": "CaticlanMPH",
        "code": "MPH"
    },
    {
        "flight": "destination",
        "country": "CebuCEB",
        "code": "CEB"
    },
    {
        "flight": "destination",
        "country": "Davao CityDVO",
        "code": "DVO"
    },
    {
        "flight": "destination",
        "country": "ManilaMNL",
        "code": "MNL"
    },
    {
        "flight": "destination",
        "country": "TaipeiTPE",
        "code": "TPE"
    },
    {
        "flight": "departure",
        "country": "NanningNNG",
        "code": "NNG"
    },
    {
        "flight": "departure",
        "country": "Hong KongHKG",
        "code": "HKG"
    },
    {
        "flight": "departure",
        "country": "Angeles CityCRK",
        "code": "CRK"
    },
    {
        "flight": "departure",
        "country": "CaticlanMPH",
        "code": "MPH"
    },
    {
        "flight": "departure",
        "country": "CebuCEB",
        "code": "CEB"
    },
    {
        "flight": "departure",
        "country": "Davao CityDVO",
        "code": "DVO"
    },
    {
        "flight": "departure",
        "country": "ManilaMNL",
        "code": "MNL"
    },
    {
        "flight": "departure",
        "country": "TaipeiTPE",
        "code": "TPE"
    }
]