[
    {
        "flight": "destination",
        "country": "BurgasBOJ",
        "code": "BOJ"
    },
    {
        "flight": "destination",
        "country": "VarnaVAR",
        "code": "VAR"
    },
    {
        "flight": "destination",
        "country": "CalgaryYYC",
        "code": "YYC"
    },
    {
        "flight": "destination",
        "country": "HalifaxYHZ",
        "code": "YHZ"
    },
    {
        "flight": "destination",
        "country": "DubrovnikDBV",
        "code": "DBV"
    },
    {
        "flight": "destination",
        "country": "SplitSPU",
        "code": "SPU"
    },
    {
        "flight": "destination",
        "country": "ZadarZAD",
        "code": "ZAD"
    },
    {
        "flight": "destination",
        "country": "Punta CanaPUJ",
        "code": "PUJ"
    },
    {
        "flight": "destination",
        "country": "HurghadaHRG",
        "code": "HRG"
    },
    {
        "flight": "destination",
        "country": "Marsa AlamRMF",
        "code": "RMF"
    },
    {
        "flight": "destination",
        "country": "MontpellierMPL",
        "code": "MPL"
    },
    {
        "flight": "destination",
        "country": "FrankfurtFRA",
        "code": "FRA"
    },
    {
        "flight": "destination",
        "country": "MunichMUC",
        "code": "MUC"
    },
    {
        "flight": "destination",
        "country": "Chania (Crete)CHQ",
        "code": "CHQ"
    },
    {
        "flight": "destination",
        "country": "Corfu (Kerkyra)CFU",
        "code": "CFU"
    },
    {
        "flight": "destination",
        "country": "Heraklion (Crete)HER",
        "code": "HER"
    },
    {
        "flight": "destination",
        "country": "KalamataKLX",
        "code": "KLX"
    },
    {
        "flight": "destination",
        "country": "KavalaKVA",
        "code": "KVA"
    },
    {
        "flight": "destination",
        "country": "KefaloniaEFL",
        "code": "EFL"
    },
    {
        "flight": "destination",
        "country": "KosKGS",
        "code": "KGS"
    },
    {
        "flight": "destination",
        "country": "MykonosJMK",
        "code": "JMK"
    },
    {
        "flight": "destination",
        "country": "RhodesRHO",
        "code": "RHO"
    },
    {
        "flight": "destination",
        "country": "SamosSMI",
        "code": "SMI"
    },
    {
        "flight": "destination",
        "country": "SantoriniJTR",
        "code": "JTR"
    },
    {
        "flight": "destination",
        "country": "SkiathosJSI",
        "code": "JSI"
    },
    {
        "flight": "destination",
        "country": "Zakynthos IslandZTH",
        "code": "ZTH"
    },
    {
        "flight": "destination",
        "country": "BariBRI",
        "code": "BRI"
    },
    {
        "flight": "destination",
        "country": "MombasaMBA",
        "code": "MBA"
    },
    {
        "flight": "destination",
        "country": "MaléMLE",
        "code": "MLE"
    },
    {
        "flight": "destination",
        "country": "MauritiusMRU",
        "code": "MRU"
    },
    {
        "flight": "destination",
        "country": "CancúnCUN",
        "code": "CUN"
    },
    {
        "flight": "destination",
        "country": "MarrakechRAK",
        "code": "RAK"
    },
    {
        "flight": "destination",
        "country": "WindhoekWDH",
        "code": "WDH"
    },
    {
        "flight": "destination",
        "country": "Harstad-NarvikEVE",
        "code": "EVE"
    },
    {
        "flight": "destination",
        "country": "Funchal (Madeira)FNC",
        "code": "FNC"
    },
    {
        "flight": "destination",
        "country": "FuerteventuraFUE",
        "code": "FUE"
    },
    {
        "flight": "destination",
        "country": "Gran Canaria (Las Palmas)LPA",
        "code": "LPA"
    },
    {
        "flight": "destination",
        "country": "IbizaIBZ",
        "code": "IBZ"
    },
    {
        "flight": "destination",
        "country": "Jerez de la FronteraXRY",
        "code": "XRY"
    },
    {
        "flight": "destination",
        "country": "Lanzarote (Arrecife)ACE",
        "code": "ACE"
    },
    {
        "flight": "destination",
        "country": "Menorca (Mahon)MAH",
        "code": "MAH"
    },
    {
        "flight": "destination",
        "country": "Palma de MallorcaPMI",
        "code": "PMI"
    },
    {
        "flight": "destination",
        "country": "Santa Cruz de La PalmaSPC",
        "code": "SPC"
    },
    {
        "flight": "destination",
        "country": "Tenerife (Reina Sofía)TFS",
        "code": "TFS"
    },
    {
        "flight": "destination",
        "country": "KilimanjaroJRO",
        "code": "JRO"
    },
    {
        "flight": "destination",
        "country": "ZanzibarZNZ",
        "code": "ZNZ"
    },
    {
        "flight": "destination",
        "country": "DjerbaDJE",
        "code": "DJE"
    },
    {
        "flight": "destination",
        "country": "MonastirMIR",
        "code": "MIR"
    },
    {
        "flight": "destination",
        "country": "AntalyaAYT",
        "code": "AYT"
    },
    {
        "flight": "destination",
        "country": "BodrumBJV",
        "code": "BJV"
    },
    {
        "flight": "destination",
        "country": "AnchorageANC",
        "code": "ANC"
    },
    {
        "flight": "destination",
        "country": "Fort MyersRSW",
        "code": "RSW"
    },
    {
        "flight": "destination",
        "country": "Las VegasLAS",
        "code": "LAS"
    },
    {
        "flight": "destination",
        "country": "OrlandoMCO",
        "code": "MCO"
    },
    {
        "flight": "destination",
        "country": "PhiladelphiaPHL",
        "code": "PHL"
    },
    {
        "flight": "destination",
        "country": "Salt Lake CitySLC",
        "code": "SLC"
    },
    {
        "flight": "destination",
        "country": "TampaTPA",
        "code": "TPA"
    },
    {
        "flight": "destination",
        "country": "Victoria FallsVFA",
        "code": "VFA"
    },
    {
        "flight": "departure",
        "country": "BurgasBOJ",
        "code": "BOJ"
    },
    {
        "flight": "departure",
        "country": "VarnaVAR",
        "code": "VAR"
    },
    {
        "flight": "departure",
        "country": "CalgaryYYC",
        "code": "YYC"
    },
    {
        "flight": "departure",
        "country": "HalifaxYHZ",
        "code": "YHZ"
    },
    {
        "flight": "departure",
        "country": "DubrovnikDBV",
        "code": "DBV"
    },
    {
        "flight": "departure",
        "country": "SplitSPU",
        "code": "SPU"
    },
    {
        "flight": "departure",
        "country": "ZadarZAD",
        "code": "ZAD"
    },
    {
        "flight": "departure",
        "country": "Punta CanaPUJ",
        "code": "PUJ"
    },
    {
        "flight": "departure",
        "country": "HurghadaHRG",
        "code": "HRG"
    },
    {
        "flight": "departure",
        "country": "Marsa AlamRMF",
        "code": "RMF"
    },
    {
        "flight": "departure",
        "country": "MontpellierMPL",
        "code": "MPL"
    },
    {
        "flight": "departure",
        "country": "FrankfurtFRA",
        "code": "FRA"
    },
    {
        "flight": "departure",
        "country": "MunichMUC",
        "code": "MUC"
    },
    {
        "flight": "departure",
        "country": "Chania (Crete)CHQ",
        "code": "CHQ"
    },
    {
        "flight": "departure",
        "country": "Corfu (Kerkyra)CFU",
        "code": "CFU"
    },
    {
        "flight": "departure",
        "country": "Heraklion (Crete)HER",
        "code": "HER"
    },
    {
        "flight": "departure",
        "country": "KalamataKLX",
        "code": "KLX"
    },
    {
        "flight": "departure",
        "country": "KavalaKVA",
        "code": "KVA"
    },
    {
        "flight": "departure",
        "country": "KefaloniaEFL",
        "code": "EFL"
    },
    {
        "flight": "departure",
        "country": "KosKGS",
        "code": "KGS"
    },
    {
        "flight": "departure",
        "country": "MykonosJMK",
        "code": "JMK"
    },
    {
        "flight": "departure",
        "country": "RhodesRHO",
        "code": "RHO"
    },
    {
        "flight": "departure",
        "country": "SamosSMI",
        "code": "SMI"
    },
    {
        "flight": "departure",
        "country": "SantoriniJTR",
        "code": "JTR"
    },
    {
        "flight": "departure",
        "country": "SkiathosJSI",
        "code": "JSI"
    },
    {
        "flight": "departure",
        "country": "Zakynthos IslandZTH",
        "code": "ZTH"
    },
    {
        "flight": "departure",
        "country": "BariBRI",
        "code": "BRI"
    },
    {
        "flight": "departure",
        "country": "MombasaMBA",
        "code": "MBA"
    },
    {
        "flight": "departure",
        "country": "MaléMLE",
        "code": "MLE"
    },
    {
        "flight": "departure",
        "country": "MauritiusMRU",
        "code": "MRU"
    },
    {
        "flight": "departure",
        "country": "CancúnCUN",
        "code": "CUN"
    },
    {
        "flight": "departure",
        "country": "MarrakechRAK",
        "code": "RAK"
    },
    {
        "flight": "departure",
        "country": "WindhoekWDH",
        "code": "WDH"
    },
    {
        "flight": "departure",
        "country": "Harstad-NarvikEVE",
        "code": "EVE"
    },
    {
        "flight": "departure",
        "country": "Funchal (Madeira)FNC",
        "code": "FNC"
    },
    {
        "flight": "departure",
        "country": "FuerteventuraFUE",
        "code": "FUE"
    },
    {
        "flight": "departure",
        "country": "Gran Canaria (Las Palmas)LPA",
        "code": "LPA"
    },
    {
        "flight": "departure",
        "country": "IbizaIBZ",
        "code": "IBZ"
    },
    {
        "flight": "departure",
        "country": "Jerez de la FronteraXRY",
        "code": "XRY"
    },
    {
        "flight": "departure",
        "country": "Lanzarote (Arrecife)ACE",
        "code": "ACE"
    },
    {
        "flight": "departure",
        "country": "Menorca (Mahon)MAH",
        "code": "MAH"
    },
    {
        "flight": "departure",
        "country": "Palma de MallorcaPMI",
        "code": "PMI"
    },
    {
        "flight": "departure",
        "country": "Santa Cruz de La PalmaSPC",
        "code": "SPC"
    },
    {
        "flight": "departure",
        "country": "Tenerife (Reina Sofía)TFS",
        "code": "TFS"
    },
    {
        "flight": "departure",
        "country": "KilimanjaroJRO",
        "code": "JRO"
    },
    {
        "flight": "departure",
        "country": "ZanzibarZNZ",
        "code": "ZNZ"
    },
    {
        "flight": "departure",
        "country": "DjerbaDJE",
        "code": "DJE"
    },
    {
        "flight": "departure",
        "country": "MonastirMIR",
        "code": "MIR"
    },
    {
        "flight": "departure",
        "country": "AntalyaAYT",
        "code": "AYT"
    },
    {
        "flight": "departure",
        "country": "BodrumBJV",
        "code": "BJV"
    },
    {
        "flight": "departure",
        "country": "AnchorageANC",
        "code": "ANC"
    },
    {
        "flight": "departure",
        "country": "Fort MyersRSW",
        "code": "RSW"
    },
    {
        "flight": "departure",
        "country": "Las VegasLAS",
        "code": "LAS"
    },
    {
        "flight": "departure",
        "country": "OrlandoMCO",
        "code": "MCO"
    },
    {
        "flight": "departure",
        "country": "PhiladelphiaPHL",
        "code": "PHL"
    },
    {
        "flight": "departure",
        "country": "Salt Lake CitySLC",
        "code": "SLC"
    },
    {
        "flight": "departure",
        "country": "TampaTPA",
        "code": "TPA"
    },
    {
        "flight": "departure",
        "country": "Victoria FallsVFA",
        "code": "VFA"
    }
]