[
    {
        "flight": "destination",
        "country": "AccraACC",
        "code": "ACC"
    },
    {
        "flight": "destination",
        "country": "KumasiKMS",
        "code": "KMS"
    },
    {
        "flight": "destination",
        "country": "Sekondi-TakoradiTKD",
        "code": "TKD"
    },
    {
        "flight": "destination",
        "country": "TamaleTML",
        "code": "TML"
    },
    {
        "flight": "destination",
        "country": "AbujaABV",
        "code": "ABV"
    },
    {
        "flight": "destination",
        "country": "LagosLOS",
        "code": "LOS"
    },
    {
        "flight": "departure",
        "country": "AccraACC",
        "code": "ACC"
    },
    {
        "flight": "departure",
        "country": "KumasiKMS",
        "code": "KMS"
    },
    {
        "flight": "departure",
        "country": "Sekondi-TakoradiTKD",
        "code": "TKD"
    },
    {
        "flight": "departure",
        "country": "TamaleTML",
        "code": "TML"
    },
    {
        "flight": "departure",
        "country": "AbujaABV",
        "code": "ABV"
    },
    {
        "flight": "departure",
        "country": "LagosLOS",
        "code": "LOS"
    }
]