[
    {
        "flight": "destination",
        "country": "BeihaiBHY",
        "code": "BHY"
    },
    {
        "flight": "destination",
        "country": "ChangshaCSX",
        "code": "CSX"
    },
    {
        "flight": "destination",
        "country": "DalianDLC",
        "code": "DLC"
    },
    {
        "flight": "destination",
        "country": "FuzhouFOC",
        "code": "FOC"
    },
    {
        "flight": "destination",
        "country": "GuiyangKWE",
        "code": "KWE"
    },
    {
        "flight": "destination",
        "country": "HarbinHRB",
        "code": "HRB"
    },
    {
        "flight": "destination",
        "country": "Huai'anHIA",
        "code": "HIA"
    },
    {
        "flight": "destination",
        "country": "QuanzhouJJN",
        "code": "JJN"
    },
    {
        "flight": "destination",
        "country": "TaiyuanTYN",
        "code": "TYN"
    },
    {
        "flight": "destination",
        "country": "TianjinTSN",
        "code": "TSN"
    },
    {
        "flight": "destination",
        "country": "WeihaiWEH",
        "code": "WEH"
    },
    {
        "flight": "destination",
        "country": "Xi'anXIY",
        "code": "XIY"
    },
    {
        "flight": "destination",
        "country": "YantaiYNT",
        "code": "YNT"
    },
    {
        "flight": "departure",
        "country": "BeihaiBHY",
        "code": "BHY"
    },
    {
        "flight": "departure",
        "country": "ChangshaCSX",
        "code": "CSX"
    },
    {
        "flight": "departure",
        "country": "DalianDLC",
        "code": "DLC"
    },
    {
        "flight": "departure",
        "country": "FuzhouFOC",
        "code": "FOC"
    },
    {
        "flight": "departure",
        "country": "GuiyangKWE",
        "code": "KWE"
    },
    {
        "flight": "departure",
        "country": "HarbinHRB",
        "code": "HRB"
    },
    {
        "flight": "departure",
        "country": "Huai'anHIA",
        "code": "HIA"
    },
    {
        "flight": "departure",
        "country": "QuanzhouJJN",
        "code": "JJN"
    },
    {
        "flight": "departure",
        "country": "TaiyuanTYN",
        "code": "TYN"
    },
    {
        "flight": "departure",
        "country": "TianjinTSN",
        "code": "TSN"
    },
    {
        "flight": "departure",
        "country": "WeihaiWEH",
        "code": "WEH"
    },
    {
        "flight": "departure",
        "country": "Xi'anXIY",
        "code": "XIY"
    },
    {
        "flight": "departure",
        "country": "YantaiYNT",
        "code": "YNT"
    }
]