[
    {
        "flight": "destination",
        "country": "MelbourneMEL",
        "code": "MEL"
    },
    {
        "flight": "destination",
        "country": "SydneySYD",
        "code": "SYD"
    },
    {
        "flight": "destination",
        "country": "DhakaDAC",
        "code": "DAC"
    },
    {
        "flight": "destination",
        "country": "Phnom PenhPNH",
        "code": "PNH"
    },
    {
        "flight": "destination",
        "country": "Siem ReapREP",
        "code": "REP"
    },
    {
        "flight": "destination",
        "country": "Siem ReapSAI",
        "code": "SAI"
    },
    {
        "flight": "destination",
        "country": "TorontoYYZ",
        "code": "YYZ"
    },
    {
        "flight": "destination",
        "country": "AksuAKU",
        "code": "AKU"
    },
    {
        "flight": "destination",
        "country": "AltayAAT",
        "code": "AAT"
    },
    {
        "flight": "destination",
        "country": "AnkangAKA",
        "code": "AKA"
    },
    {
        "flight": "destination",
        "country": "AnqingAQG",
        "code": "AQG"
    },
    {
        "flight": "destination",
        "country": "BaiseAEB",
        "code": "AEB"
    },
    {
        "flight": "destination",
        "country": "BaishanNBS",
        "code": "NBS"
    },
    {
        "flight": "destination",
        "country": "Baoshan, YunnanBSD",
        "code": "BSD"
    },
    {
        "flight": "destination",
        "country": "BaotouBAV",
        "code": "BAV"
    },
    {
        "flight": "destination",
        "country": "BeihaiBHY",
        "code": "BHY"
    },
    {
        "flight": "destination",
        "country": "BeijingPEK",
        "code": "PEK"
    },
    {
        "flight": "destination",
        "country": "Beijing DaxingPKX",
        "code": "PKX"
    },
    {
        "flight": "destination",
        "country": "BoleBPL",
        "code": "BPL"
    },
    {
        "flight": "destination",
        "country": "CangyuanCWJ",
        "code": "CWJ"
    },
    {
        "flight": "destination",
        "country": "Changchun and Jilin CityCGQ",
        "code": "CGQ"
    },
    {
        "flight": "destination",
        "country": "ChangdeCGD",
        "code": "CGD"
    },
    {
        "flight": "destination",
        "country": "ChangshaCSX",
        "code": "CSX"
    },
    {
        "flight": "destination",
        "country": "ChangzhouCZX",
        "code": "CZX"
    },
    {
        "flight": "destination",
        "country": "Chaoyang, LiaoningCHG",
        "code": "CHG"
    },
    {
        "flight": "destination",
        "country": "ChengduCTU",
        "code": "CTU"
    },
    {
        "flight": "destination",
        "country": "ChengduTFU",
        "code": "TFU"
    },
    {
        "flight": "destination",
        "country": "ChongqingCKG",
        "code": "CKG"
    },
    {
        "flight": "destination",
        "country": "DaliDLU",
        "code": "DLU"
    },
    {
        "flight": "destination",
        "country": "DalianDLC",
        "code": "DLC"
    },
    {
        "flight": "destination",
        "country": "DaqingDQA",
        "code": "DQA"
    },
    {
        "flight": "destination",
        "country": "DatongDAT",
        "code": "DAT"
    },
    {
        "flight": "destination",
        "country": "DazhouDZH",
        "code": "DZH"
    },
    {
        "flight": "destination",
        "country": "DelinghaHXD",
        "code": "HXD"
    },
    {
        "flight": "destination",
        "country": "DiqingDIG",
        "code": "DIG"
    },
    {
        "flight": "destination",
        "country": "DongyingDOY",
        "code": "DOY"
    },
    {
        "flight": "destination",
        "country": "DunhuangDNH",
        "code": "DNH"
    },
    {
        "flight": "destination",
        "country": "Enshi CityENH",
        "code": "ENH"
    },
    {
        "flight": "destination",
        "country": "EzhouEHU",
        "code": "EHU"
    },
    {
        "flight": "destination",
        "country": "FuyangFUG",
        "code": "FUG"
    },
    {
        "flight": "destination",
        "country": "FuzhouFOC",
        "code": "FOC"
    },
    {
        "flight": "destination",
        "country": "GanzhouKOW",
        "code": "KOW"
    },
    {
        "flight": "destination",
        "country": "GolmudGOQ",
        "code": "GOQ"
    },
    {
        "flight": "destination",
        "country": "GologGMQ",
        "code": "GMQ"
    },
    {
        "flight": "destination",
        "country": "GuangzhouCAN",
        "code": "CAN"
    },
    {
        "flight": "destination",
        "country": "GuilinKWL",
        "code": "KWL"
    },
    {
        "flight": "destination",
        "country": "GuiyangKWE",
        "code": "KWE"
    },
    {
        "flight": "destination",
        "country": "HaikouHAK",
        "code": "HAK"
    },
    {
        "flight": "destination",
        "country": "HandanHDG",
        "code": "HDG"
    },
    {
        "flight": "destination",
        "country": "HangzhouHGH",
        "code": "HGH"
    },
    {
        "flight": "destination",
        "country": "HarbinHRB",
        "code": "HRB"
    },
    {
        "flight": "destination",
        "country": "HefeiHFE",
        "code": "HFE"
    },
    {
        "flight": "destination",
        "country": "HeiheHEK",
        "code": "HEK"
    },
    {
        "flight": "destination",
        "country": "HengyangHNY",
        "code": "HNY"
    },
    {
        "flight": "destination",
        "country": "HohhotHET",
        "code": "HET"
    },
    {
        "flight": "destination",
        "country": "HotanHTN",
        "code": "HTN"
    },
    {
        "flight": "destination",
        "country": "Huai'anHIA",
        "code": "HIA"
    },
    {
        "flight": "destination",
        "country": "Huangshan CityTXN",
        "code": "TXN"
    },
    {
        "flight": "destination",
        "country": "HuizhouHUZ",
        "code": "HUZ"
    },
    {
        "flight": "destination",
        "country": "Ji'anJGS",
        "code": "JGS"
    },
    {
        "flight": "destination",
        "country": "JiagedaqiJGD",
        "code": "JGD"
    },
    {
        "flight": "destination",
        "country": "JiamusiJMU",
        "code": "JMU"
    },
    {
        "flight": "destination",
        "country": "Jiayuguan and JiuquanJGN",
        "code": "JGN"
    },
    {
        "flight": "destination",
        "country": "JinanTNA",
        "code": "TNA"
    },
    {
        "flight": "destination",
        "country": "JinchangJIC",
        "code": "JIC"
    },
    {
        "flight": "destination",
        "country": "JinghongJHG",
        "code": "JHG"
    },
    {
        "flight": "destination",
        "country": "JingzhouSHS",
        "code": "SHS"
    },
    {
        "flight": "destination",
        "country": "JiningJNG",
        "code": "JNG"
    },
    {
        "flight": "destination",
        "country": "JinzhouJNZ",
        "code": "JNZ"
    },
    {
        "flight": "destination",
        "country": "KaramayKRY",
        "code": "KRY"
    },
    {
        "flight": "destination",
        "country": "KashgarKHG",
        "code": "KHG"
    },
    {
        "flight": "destination",
        "country": "KorlaKRL",
        "code": "KRL"
    },
    {
        "flight": "destination",
        "country": "KunmingKMG",
        "code": "KMG"
    },
    {
        "flight": "destination",
        "country": "KuqaKCA",
        "code": "KCA"
    },
    {
        "flight": "destination",
        "country": "LancangJMJ",
        "code": "JMJ"
    },
    {
        "flight": "destination",
        "country": "LanzhouLHW",
        "code": "LHW"
    },
    {
        "flight": "destination",
        "country": "LhasaLXA",
        "code": "LXA"
    },
    {
        "flight": "destination",
        "country": "LianyungangLYG",
        "code": "LYG"
    },
    {
        "flight": "destination",
        "country": "LijiangLJG",
        "code": "LJG"
    },
    {
        "flight": "destination",
        "country": "LincangLNJ",
        "code": "LNJ"
    },
    {
        "flight": "destination",
        "country": "LinyiLYI",
        "code": "LYI"
    },
    {
        "flight": "destination",
        "country": "LiuzhouLZH",
        "code": "LZH"
    },
    {
        "flight": "destination",
        "country": "LüliangLLV",
        "code": "LLV"
    },
    {
        "flight": "destination",
        "country": "LuoyangLYA",
        "code": "LYA"
    },
    {
        "flight": "destination",
        "country": "LuzhouLZO",
        "code": "LZO"
    },
    {
        "flight": "destination",
        "country": "Mang CityLUM",
        "code": "LUM"
    },
    {
        "flight": "destination",
        "country": "MangnaiHTT",
        "code": "HTT"
    },
    {
        "flight": "destination",
        "country": "ManzhouliNZH",
        "code": "NZH"
    },
    {
        "flight": "destination",
        "country": "MianyangMIG",
        "code": "MIG"
    },
    {
        "flight": "destination",
        "country": "MudanjiangMDG",
        "code": "MDG"
    },
    {
        "flight": "destination",
        "country": "NanchangKHN",
        "code": "KHN"
    },
    {
        "flight": "destination",
        "country": "NanchongNAO",
        "code": "NAO"
    },
    {
        "flight": "destination",
        "country": "NanjingNKG",
        "code": "NKG"
    },
    {
        "flight": "destination",
        "country": "NanningNNG",
        "code": "NNG"
    },
    {
        "flight": "destination",
        "country": "NantongNTG",
        "code": "NTG"
    },
    {
        "flight": "destination",
        "country": "NingboNGB",
        "code": "NGB"
    },
    {
        "flight": "destination",
        "country": "NinglangNLH",
        "code": "NLH"
    },
    {
        "flight": "destination",
        "country": "Ordos CityDSN",
        "code": "DSN"
    },
    {
        "flight": "destination",
        "country": "QilianHBQ",
        "code": "HBQ"
    },
    {
        "flight": "destination",
        "country": "QingdaoTAO",
        "code": "TAO"
    },
    {
        "flight": "destination",
        "country": "QionghaiBAR",
        "code": "BAR"
    },
    {
        "flight": "destination",
        "country": "QiqiharNDG",
        "code": "NDG"
    },
    {
        "flight": "destination",
        "country": "QuanzhouJJN",
        "code": "JJN"
    },
    {
        "flight": "destination",
        "country": "RizhaoRIZ",
        "code": "RIZ"
    },
    {
        "flight": "destination",
        "country": "SanyaSYX",
        "code": "SYX"
    },
    {
        "flight": "destination",
        "country": "ShanghaiSHA",
        "code": "SHA"
    },
    {
        "flight": "destination",
        "country": "ShanghaiPVG",
        "code": "PVG"
    },
    {
        "flight": "destination",
        "country": "ShangraoSQD",
        "code": "SQD"
    },
    {
        "flight": "destination",
        "country": "ShantouSWA",
        "code": "SWA"
    },
    {
        "flight": "destination",
        "country": "ShenyangSHE",
        "code": "SHE"
    },
    {
        "flight": "destination",
        "country": "ShenzhenSZX",
        "code": "SZX"
    },
    {
        "flight": "destination",
        "country": "ShigatseRKZ",
        "code": "RKZ"
    },
    {
        "flight": "destination",
        "country": "ShijiazhuangSJW",
        "code": "SJW"
    },
    {
        "flight": "destination",
        "country": "Shiquanhe, NgariNGQ",
        "code": "NGQ"
    },
    {
        "flight": "destination",
        "country": "ShiyanWDS",
        "code": "WDS"
    },
    {
        "flight": "destination",
        "country": "SimaoSYM",
        "code": "SYM"
    },
    {
        "flight": "destination",
        "country": "TaiyuanTYN",
        "code": "TYN"
    },
    {
        "flight": "destination",
        "country": "TaizhouHYN",
        "code": "HYN"
    },
    {
        "flight": "destination",
        "country": "TengchongTCZ",
        "code": "TCZ"
    },
    {
        "flight": "destination",
        "country": "TianjinTSN",
        "code": "TSN"
    },
    {
        "flight": "destination",
        "country": "TonghuaTNH",
        "code": "TNH"
    },
    {
        "flight": "destination",
        "country": "TumxukTWC",
        "code": "TWC"
    },
    {
        "flight": "destination",
        "country": "UlanqabUCB",
        "code": "UCB"
    },
    {
        "flight": "destination",
        "country": "UrumqiURC",
        "code": "URC"
    },
    {
        "flight": "destination",
        "country": "WeihaiWEH",
        "code": "WEH"
    },
    {
        "flight": "destination",
        "country": "WenzhouWNZ",
        "code": "WNZ"
    },
    {
        "flight": "destination",
        "country": "WuhaiWUA",
        "code": "WUA"
    },
    {
        "flight": "destination",
        "country": "WuhanWUH",
        "code": "WUH"
    },
    {
        "flight": "destination",
        "country": "Wuhu XuanzhouWHA",
        "code": "WHA"
    },
    {
        "flight": "destination",
        "country": "Wuxi / SuzhouWUX",
        "code": "WUX"
    },
    {
        "flight": "destination",
        "country": "Xi'anXIY",
        "code": "XIY"
    },
    {
        "flight": "destination",
        "country": "XiamenXMN",
        "code": "XMN"
    },
    {
        "flight": "destination",
        "country": "XiangyangXFN",
        "code": "XFN"
    },
    {
        "flight": "destination",
        "country": "XichangXIC",
        "code": "XIC"
    },
    {
        "flight": "destination",
        "country": "Xingyi, GuizhouACX",
        "code": "ACX"
    },
    {
        "flight": "destination",
        "country": "XiningXNN",
        "code": "XNN"
    },
    {
        "flight": "destination",
        "country": "XinyangXAI",
        "code": "XAI"
    },
    {
        "flight": "destination",
        "country": "XuzhouXUZ",
        "code": "XUZ"
    },
    {
        "flight": "destination",
        "country": "Yan'anENY",
        "code": "ENY"
    },
    {
        "flight": "destination",
        "country": "YanchengYNZ",
        "code": "YNZ"
    },
    {
        "flight": "destination",
        "country": "YanjiYNJ",
        "code": "YNJ"
    },
    {
        "flight": "destination",
        "country": "YantaiYNT",
        "code": "YNT"
    },
    {
        "flight": "destination",
        "country": "Yarkant (Shache)QSZ",
        "code": "QSZ"
    },
    {
        "flight": "destination",
        "country": "YibinYBP",
        "code": "YBP"
    },
    {
        "flight": "destination",
        "country": "YichangYIH",
        "code": "YIH"
    },
    {
        "flight": "destination",
        "country": "Yichun (Heilongjiang)LDS",
        "code": "LDS"
    },
    {
        "flight": "destination",
        "country": "YinchuanINC",
        "code": "INC"
    },
    {
        "flight": "destination",
        "country": "YiningYIN",
        "code": "YIN"
    },
    {
        "flight": "destination",
        "country": "YiwuYIW",
        "code": "YIW"
    },
    {
        "flight": "destination",
        "country": "YulinUYN",
        "code": "UYN"
    },
    {
        "flight": "destination",
        "country": "YunchengYCU",
        "code": "YCU"
    },
    {
        "flight": "destination",
        "country": "Yushu City, QinghaiYUS",
        "code": "YUS"
    },
    {
        "flight": "destination",
        "country": "ZhangjiajieDYG",
        "code": "DYG"
    },
    {
        "flight": "destination",
        "country": "ZhangjiakouZQZ",
        "code": "ZQZ"
    },
    {
        "flight": "destination",
        "country": "ZhangyeYZY",
        "code": "YZY"
    },
    {
        "flight": "destination",
        "country": "ZhanjiangZHA",
        "code": "ZHA"
    },
    {
        "flight": "destination",
        "country": "ZhaotongZAT",
        "code": "ZAT"
    },
    {
        "flight": "destination",
        "country": "ZhengzhouCGO",
        "code": "CGO"
    },
    {
        "flight": "destination",
        "country": "ZhoushanHSN",
        "code": "HSN"
    },
    {
        "flight": "destination",
        "country": "ZhuhaiZUH",
        "code": "ZUH"
    },
    {
        "flight": "destination",
        "country": "ZunyiZYI",
        "code": "ZYI"
    },
    {
        "flight": "destination",
        "country": "ZunyiWMT",
        "code": "WMT"
    },
    {
        "flight": "destination",
        "country": "ParisCDG",
        "code": "CDG"
    },
    {
        "flight": "destination",
        "country": "FrankfurtFRA",
        "code": "FRA"
    },
    {
        "flight": "destination",
        "country": "Hong KongHKG",
        "code": "HKG"
    },
    {
        "flight": "destination",
        "country": "DenpasarDPS",
        "code": "DPS"
    },
    {
        "flight": "destination",
        "country": "JakartaCGK",
        "code": "CGK"
    },
    {
        "flight": "destination",
        "country": "Rome (Fiumicino)FCO",
        "code": "FCO"
    },
    {
        "flight": "destination",
        "country": "FukuokaFUK",
        "code": "FUK"
    },
    {
        "flight": "destination",
        "country": "HiroshimaHIJ",
        "code": "HIJ"
    },
    {
        "flight": "destination",
        "country": "KomatsuKMQ",
        "code": "KMQ"
    },
    {
        "flight": "destination",
        "country": "NagasakiNGS",
        "code": "NGS"
    },
    {
        "flight": "destination",
        "country": "NagoyaNGO",
        "code": "NGO"
    },
    {
        "flight": "destination",
        "country": "NiigataKIJ",
        "code": "KIJ"
    },
    {
        "flight": "destination",
        "country": "OkayamaOKJ",
        "code": "OKJ"
    },
    {
        "flight": "destination",
        "country": "OkinawaOKA",
        "code": "OKA"
    },
    {
        "flight": "destination",
        "country": "OsakaKIX",
        "code": "KIX"
    },
    {
        "flight": "destination",
        "country": "SapporoCTS",
        "code": "CTS"
    },
    {
        "flight": "destination",
        "country": "ShizuokaFSZ",
        "code": "FSZ"
    },
    {
        "flight": "destination",
        "country": "TokyoNRT",
        "code": "NRT"
    },
    {
        "flight": "destination",
        "country": "TokyoHND",
        "code": "HND"
    },
    {
        "flight": "destination",
        "country": "Luang PrabangLPQ",
        "code": "LPQ"
    },
    {
        "flight": "destination",
        "country": "VientianeVTE",
        "code": "VTE"
    },
    {
        "flight": "destination",
        "country": "MacauMFM",
        "code": "MFM"
    },
    {
        "flight": "destination",
        "country": "Kuala LumpurKUL",
        "code": "KUL"
    },
    {
        "flight": "destination",
        "country": "MaléMLE",
        "code": "MLE"
    },
    {
        "flight": "destination",
        "country": "MandalayMDL",
        "code": "MDL"
    },
    {
        "flight": "destination",
        "country": "YangonRGN",
        "code": "RGN"
    },
    {
        "flight": "destination",
        "country": "AmsterdamAMS",
        "code": "AMS"
    },
    {
        "flight": "destination",
        "country": "AucklandAKL",
        "code": "AKL"
    },
    {
        "flight": "destination",
        "country": "CebuCEB",
        "code": "CEB"
    },
    {
        "flight": "destination",
        "country": "ManilaMNL",
        "code": "MNL"
    },
    {
        "flight": "destination",
        "country": "Moscow SheremetyevoSVO",
        "code": "SVO"
    },
    {
        "flight": "destination",
        "country": "Saint PetersburgLED",
        "code": "LED"
    },
    {
        "flight": "destination",
        "country": "SingaporeSIN",
        "code": "SIN"
    },
    {
        "flight": "destination",
        "country": "BusanPUS",
        "code": "PUS"
    },
    {
        "flight": "destination",
        "country": "DaeguTAE",
        "code": "TAE"
    },
    {
        "flight": "destination",
        "country": "Jeju CityCJU",
        "code": "CJU"
    },
    {
        "flight": "destination",
        "country": "SeoulICN",
        "code": "ICN"
    },
    {
        "flight": "destination",
        "country": "SeoulGMP",
        "code": "GMP"
    },
    {
        "flight": "destination",
        "country": "MadridMAD",
        "code": "MAD"
    },
    {
        "flight": "destination",
        "country": "ColomboCMB",
        "code": "CMB"
    },
    {
        "flight": "destination",
        "country": "KaohsiungKHH",
        "code": "KHH"
    },
    {
        "flight": "destination",
        "country": "TaichungRMQ",
        "code": "RMQ"
    },
    {
        "flight": "destination",
        "country": "TaipeiTPE",
        "code": "TPE"
    },
    {
        "flight": "destination",
        "country": "TaipeiTSA",
        "code": "TSA"
    },
    {
        "flight": "destination",
        "country": "BangkokBKK",
        "code": "BKK"
    },
    {
        "flight": "destination",
        "country": "Chiang MaiCNX",
        "code": "CNX"
    },
    {
        "flight": "destination",
        "country": "PhuketHKT",
        "code": "HKT"
    },
    {
        "flight": "destination",
        "country": "IstanbulIST",
        "code": "IST"
    },
    {
        "flight": "destination",
        "country": "DubaiDXB",
        "code": "DXB"
    },
    {
        "flight": "destination",
        "country": "London GatwickLGW",
        "code": "LGW"
    },
    {
        "flight": "destination",
        "country": "London HeathrowLHR",
        "code": "LHR"
    },
    {
        "flight": "destination",
        "country": "Los AngelesLAX",
        "code": "LAX"
    },
    {
        "flight": "destination",
        "country": "New York CityJFK",
        "code": "JFK"
    },
    {
        "flight": "destination",
        "country": "HanoiHAN",
        "code": "HAN"
    },
    {
        "flight": "destination",
        "country": "Ho Chi Minh CitySGN",
        "code": "SGN"
    },
    {
        "flight": "departure",
        "country": "MelbourneMEL",
        "code": "MEL"
    },
    {
        "flight": "departure",
        "country": "SydneySYD",
        "code": "SYD"
    },
    {
        "flight": "departure",
        "country": "DhakaDAC",
        "code": "DAC"
    },
    {
        "flight": "departure",
        "country": "Phnom PenhPNH",
        "code": "PNH"
    },
    {
        "flight": "departure",
        "country": "Siem ReapREP",
        "code": "REP"
    },
    {
        "flight": "departure",
        "country": "Siem ReapSAI",
        "code": "SAI"
    },
    {
        "flight": "departure",
        "country": "TorontoYYZ",
        "code": "YYZ"
    },
    {
        "flight": "departure",
        "country": "AksuAKU",
        "code": "AKU"
    },
    {
        "flight": "departure",
        "country": "AltayAAT",
        "code": "AAT"
    },
    {
        "flight": "departure",
        "country": "AnkangAKA",
        "code": "AKA"
    },
    {
        "flight": "departure",
        "country": "AnqingAQG",
        "code": "AQG"
    },
    {
        "flight": "departure",
        "country": "BaiseAEB",
        "code": "AEB"
    },
    {
        "flight": "departure",
        "country": "BaishanNBS",
        "code": "NBS"
    },
    {
        "flight": "departure",
        "country": "Baoshan, YunnanBSD",
        "code": "BSD"
    },
    {
        "flight": "departure",
        "country": "BaotouBAV",
        "code": "BAV"
    },
    {
        "flight": "departure",
        "country": "BeihaiBHY",
        "code": "BHY"
    },
    {
        "flight": "departure",
        "country": "BeijingPEK",
        "code": "PEK"
    },
    {
        "flight": "departure",
        "country": "Beijing DaxingPKX",
        "code": "PKX"
    },
    {
        "flight": "departure",
        "country": "BoleBPL",
        "code": "BPL"
    },
    {
        "flight": "departure",
        "country": "CangyuanCWJ",
        "code": "CWJ"
    },
    {
        "flight": "departure",
        "country": "Changchun and Jilin CityCGQ",
        "code": "CGQ"
    },
    {
        "flight": "departure",
        "country": "ChangdeCGD",
        "code": "CGD"
    },
    {
        "flight": "departure",
        "country": "ChangshaCSX",
        "code": "CSX"
    },
    {
        "flight": "departure",
        "country": "ChangzhouCZX",
        "code": "CZX"
    },
    {
        "flight": "departure",
        "country": "Chaoyang, LiaoningCHG",
        "code": "CHG"
    },
    {
        "flight": "departure",
        "country": "ChengduCTU",
        "code": "CTU"
    },
    {
        "flight": "departure",
        "country": "ChengduTFU",
        "code": "TFU"
    },
    {
        "flight": "departure",
        "country": "ChongqingCKG",
        "code": "CKG"
    },
    {
        "flight": "departure",
        "country": "DaliDLU",
        "code": "DLU"
    },
    {
        "flight": "departure",
        "country": "DalianDLC",
        "code": "DLC"
    },
    {
        "flight": "departure",
        "country": "DaqingDQA",
        "code": "DQA"
    },
    {
        "flight": "departure",
        "country": "DatongDAT",
        "code": "DAT"
    },
    {
        "flight": "departure",
        "country": "DazhouDZH",
        "code": "DZH"
    },
    {
        "flight": "departure",
        "country": "DelinghaHXD",
        "code": "HXD"
    },
    {
        "flight": "departure",
        "country": "DiqingDIG",
        "code": "DIG"
    },
    {
        "flight": "departure",
        "country": "DongyingDOY",
        "code": "DOY"
    },
    {
        "flight": "departure",
        "country": "DunhuangDNH",
        "code": "DNH"
    },
    {
        "flight": "departure",
        "country": "Enshi CityENH",
        "code": "ENH"
    },
    {
        "flight": "departure",
        "country": "EzhouEHU",
        "code": "EHU"
    },
    {
        "flight": "departure",
        "country": "FuyangFUG",
        "code": "FUG"
    },
    {
        "flight": "departure",
        "country": "FuzhouFOC",
        "code": "FOC"
    },
    {
        "flight": "departure",
        "country": "GanzhouKOW",
        "code": "KOW"
    },
    {
        "flight": "departure",
        "country": "GolmudGOQ",
        "code": "GOQ"
    },
    {
        "flight": "departure",
        "country": "GologGMQ",
        "code": "GMQ"
    },
    {
        "flight": "departure",
        "country": "GuangzhouCAN",
        "code": "CAN"
    },
    {
        "flight": "departure",
        "country": "GuilinKWL",
        "code": "KWL"
    },
    {
        "flight": "departure",
        "country": "GuiyangKWE",
        "code": "KWE"
    },
    {
        "flight": "departure",
        "country": "HaikouHAK",
        "code": "HAK"
    },
    {
        "flight": "departure",
        "country": "HandanHDG",
        "code": "HDG"
    },
    {
        "flight": "departure",
        "country": "HangzhouHGH",
        "code": "HGH"
    },
    {
        "flight": "departure",
        "country": "HarbinHRB",
        "code": "HRB"
    },
    {
        "flight": "departure",
        "country": "HefeiHFE",
        "code": "HFE"
    },
    {
        "flight": "departure",
        "country": "HeiheHEK",
        "code": "HEK"
    },
    {
        "flight": "departure",
        "country": "HengyangHNY",
        "code": "HNY"
    },
    {
        "flight": "departure",
        "country": "HohhotHET",
        "code": "HET"
    },
    {
        "flight": "departure",
        "country": "HotanHTN",
        "code": "HTN"
    },
    {
        "flight": "departure",
        "country": "Huai'anHIA",
        "code": "HIA"
    },
    {
        "flight": "departure",
        "country": "Huangshan CityTXN",
        "code": "TXN"
    },
    {
        "flight": "departure",
        "country": "HuizhouHUZ",
        "code": "HUZ"
    },
    {
        "flight": "departure",
        "country": "Ji'anJGS",
        "code": "JGS"
    },
    {
        "flight": "departure",
        "country": "JiagedaqiJGD",
        "code": "JGD"
    },
    {
        "flight": "departure",
        "country": "JiamusiJMU",
        "code": "JMU"
    },
    {
        "flight": "departure",
        "country": "Jiayuguan and JiuquanJGN",
        "code": "JGN"
    },
    {
        "flight": "departure",
        "country": "JinanTNA",
        "code": "TNA"
    },
    {
        "flight": "departure",
        "country": "JinchangJIC",
        "code": "JIC"
    },
    {
        "flight": "departure",
        "country": "JinghongJHG",
        "code": "JHG"
    },
    {
        "flight": "departure",
        "country": "JingzhouSHS",
        "code": "SHS"
    },
    {
        "flight": "departure",
        "country": "JiningJNG",
        "code": "JNG"
    },
    {
        "flight": "departure",
        "country": "JinzhouJNZ",
        "code": "JNZ"
    },
    {
        "flight": "departure",
        "country": "KaramayKRY",
        "code": "KRY"
    },
    {
        "flight": "departure",
        "country": "KashgarKHG",
        "code": "KHG"
    },
    {
        "flight": "departure",
        "country": "KorlaKRL",
        "code": "KRL"
    },
    {
        "flight": "departure",
        "country": "KunmingKMG",
        "code": "KMG"
    },
    {
        "flight": "departure",
        "country": "KuqaKCA",
        "code": "KCA"
    },
    {
        "flight": "departure",
        "country": "LancangJMJ",
        "code": "JMJ"
    },
    {
        "flight": "departure",
        "country": "LanzhouLHW",
        "code": "LHW"
    },
    {
        "flight": "departure",
        "country": "LhasaLXA",
        "code": "LXA"
    },
    {
        "flight": "departure",
        "country": "LianyungangLYG",
        "code": "LYG"
    },
    {
        "flight": "departure",
        "country": "LijiangLJG",
        "code": "LJG"
    },
    {
        "flight": "departure",
        "country": "LincangLNJ",
        "code": "LNJ"
    },
    {
        "flight": "departure",
        "country": "LinyiLYI",
        "code": "LYI"
    },
    {
        "flight": "departure",
        "country": "LiuzhouLZH",
        "code": "LZH"
    },
    {
        "flight": "departure",
        "country": "LüliangLLV",
        "code": "LLV"
    },
    {
        "flight": "departure",
        "country": "LuoyangLYA",
        "code": "LYA"
    },
    {
        "flight": "departure",
        "country": "LuzhouLZO",
        "code": "LZO"
    },
    {
        "flight": "departure",
        "country": "Mang CityLUM",
        "code": "LUM"
    },
    {
        "flight": "departure",
        "country": "MangnaiHTT",
        "code": "HTT"
    },
    {
        "flight": "departure",
        "country": "ManzhouliNZH",
        "code": "NZH"
    },
    {
        "flight": "departure",
        "country": "MianyangMIG",
        "code": "MIG"
    },
    {
        "flight": "departure",
        "country": "MudanjiangMDG",
        "code": "MDG"
    },
    {
        "flight": "departure",
        "country": "NanchangKHN",
        "code": "KHN"
    },
    {
        "flight": "departure",
        "country": "NanchongNAO",
        "code": "NAO"
    },
    {
        "flight": "departure",
        "country": "NanjingNKG",
        "code": "NKG"
    },
    {
        "flight": "departure",
        "country": "NanningNNG",
        "code": "NNG"
    },
    {
        "flight": "departure",
        "country": "NantongNTG",
        "code": "NTG"
    },
    {
        "flight": "departure",
        "country": "NingboNGB",
        "code": "NGB"
    },
    {
        "flight": "departure",
        "country": "NinglangNLH",
        "code": "NLH"
    },
    {
        "flight": "departure",
        "country": "Ordos CityDSN",
        "code": "DSN"
    },
    {
        "flight": "departure",
        "country": "QilianHBQ",
        "code": "HBQ"
    },
    {
        "flight": "departure",
        "country": "QingdaoTAO",
        "code": "TAO"
    },
    {
        "flight": "departure",
        "country": "QionghaiBAR",
        "code": "BAR"
    },
    {
        "flight": "departure",
        "country": "QiqiharNDG",
        "code": "NDG"
    },
    {
        "flight": "departure",
        "country": "QuanzhouJJN",
        "code": "JJN"
    },
    {
        "flight": "departure",
        "country": "RizhaoRIZ",
        "code": "RIZ"
    },
    {
        "flight": "departure",
        "country": "SanyaSYX",
        "code": "SYX"
    },
    {
        "flight": "departure",
        "country": "ShanghaiSHA",
        "code": "SHA"
    },
    {
        "flight": "departure",
        "country": "ShanghaiPVG",
        "code": "PVG"
    },
    {
        "flight": "departure",
        "country": "ShangraoSQD",
        "code": "SQD"
    },
    {
        "flight": "departure",
        "country": "ShantouSWA",
        "code": "SWA"
    },
    {
        "flight": "departure",
        "country": "ShenyangSHE",
        "code": "SHE"
    },
    {
        "flight": "departure",
        "country": "ShenzhenSZX",
        "code": "SZX"
    },
    {
        "flight": "departure",
        "country": "ShigatseRKZ",
        "code": "RKZ"
    },
    {
        "flight": "departure",
        "country": "ShijiazhuangSJW",
        "code": "SJW"
    },
    {
        "flight": "departure",
        "country": "Shiquanhe, NgariNGQ",
        "code": "NGQ"
    },
    {
        "flight": "departure",
        "country": "ShiyanWDS",
        "code": "WDS"
    },
    {
        "flight": "departure",
        "country": "SimaoSYM",
        "code": "SYM"
    },
    {
        "flight": "departure",
        "country": "TaiyuanTYN",
        "code": "TYN"
    },
    {
        "flight": "departure",
        "country": "TaizhouHYN",
        "code": "HYN"
    },
    {
        "flight": "departure",
        "country": "TengchongTCZ",
        "code": "TCZ"
    },
    {
        "flight": "departure",
        "country": "TianjinTSN",
        "code": "TSN"
    },
    {
        "flight": "departure",
        "country": "TonghuaTNH",
        "code": "TNH"
    },
    {
        "flight": "departure",
        "country": "TumxukTWC",
        "code": "TWC"
    },
    {
        "flight": "departure",
        "country": "UlanqabUCB",
        "code": "UCB"
    },
    {
        "flight": "departure",
        "country": "UrumqiURC",
        "code": "URC"
    },
    {
        "flight": "departure",
        "country": "WeihaiWEH",
        "code": "WEH"
    },
    {
        "flight": "departure",
        "country": "WenzhouWNZ",
        "code": "WNZ"
    },
    {
        "flight": "departure",
        "country": "WuhaiWUA",
        "code": "WUA"
    },
    {
        "flight": "departure",
        "country": "WuhanWUH",
        "code": "WUH"
    },
    {
        "flight": "departure",
        "country": "Wuhu XuanzhouWHA",
        "code": "WHA"
    },
    {
        "flight": "departure",
        "country": "Wuxi / SuzhouWUX",
        "code": "WUX"
    },
    {
        "flight": "departure",
        "country": "Xi'anXIY",
        "code": "XIY"
    },
    {
        "flight": "departure",
        "country": "XiamenXMN",
        "code": "XMN"
    },
    {
        "flight": "departure",
        "country": "XiangyangXFN",
        "code": "XFN"
    },
    {
        "flight": "departure",
        "country": "XichangXIC",
        "code": "XIC"
    },
    {
        "flight": "departure",
        "country": "Xingyi, GuizhouACX",
        "code": "ACX"
    },
    {
        "flight": "departure",
        "country": "XiningXNN",
        "code": "XNN"
    },
    {
        "flight": "departure",
        "country": "XinyangXAI",
        "code": "XAI"
    },
    {
        "flight": "departure",
        "country": "XuzhouXUZ",
        "code": "XUZ"
    },
    {
        "flight": "departure",
        "country": "Yan'anENY",
        "code": "ENY"
    },
    {
        "flight": "departure",
        "country": "YanchengYNZ",
        "code": "YNZ"
    },
    {
        "flight": "departure",
        "country": "YanjiYNJ",
        "code": "YNJ"
    },
    {
        "flight": "departure",
        "country": "YantaiYNT",
        "code": "YNT"
    },
    {
        "flight": "departure",
        "country": "Yarkant (Shache)QSZ",
        "code": "QSZ"
    },
    {
        "flight": "departure",
        "country": "YibinYBP",
        "code": "YBP"
    },
    {
        "flight": "departure",
        "country": "YichangYIH",
        "code": "YIH"
    },
    {
        "flight": "departure",
        "country": "Yichun (Heilongjiang)LDS",
        "code": "LDS"
    },
    {
        "flight": "departure",
        "country": "YinchuanINC",
        "code": "INC"
    },
    {
        "flight": "departure",
        "country": "YiningYIN",
        "code": "YIN"
    },
    {
        "flight": "departure",
        "country": "YiwuYIW",
        "code": "YIW"
    },
    {
        "flight": "departure",
        "country": "YulinUYN",
        "code": "UYN"
    },
    {
        "flight": "departure",
        "country": "YunchengYCU",
        "code": "YCU"
    },
    {
        "flight": "departure",
        "country": "Yushu City, QinghaiYUS",
        "code": "YUS"
    },
    {
        "flight": "departure",
        "country": "ZhangjiajieDYG",
        "code": "DYG"
    },
    {
        "flight": "departure",
        "country": "ZhangjiakouZQZ",
        "code": "ZQZ"
    },
    {
        "flight": "departure",
        "country": "ZhangyeYZY",
        "code": "YZY"
    },
    {
        "flight": "departure",
        "country": "ZhanjiangZHA",
        "code": "ZHA"
    },
    {
        "flight": "departure",
        "country": "ZhaotongZAT",
        "code": "ZAT"
    },
    {
        "flight": "departure",
        "country": "ZhengzhouCGO",
        "code": "CGO"
    },
    {
        "flight": "departure",
        "country": "ZhoushanHSN",
        "code": "HSN"
    },
    {
        "flight": "departure",
        "country": "ZhuhaiZUH",
        "code": "ZUH"
    },
    {
        "flight": "departure",
        "country": "ZunyiZYI",
        "code": "ZYI"
    },
    {
        "flight": "departure",
        "country": "ZunyiWMT",
        "code": "WMT"
    },
    {
        "flight": "departure",
        "country": "ParisCDG",
        "code": "CDG"
    },
    {
        "flight": "departure",
        "country": "FrankfurtFRA",
        "code": "FRA"
    },
    {
        "flight": "departure",
        "country": "Hong KongHKG",
        "code": "HKG"
    },
    {
        "flight": "departure",
        "country": "DenpasarDPS",
        "code": "DPS"
    },
    {
        "flight": "departure",
        "country": "JakartaCGK",
        "code": "CGK"
    },
    {
        "flight": "departure",
        "country": "Rome (Fiumicino)FCO",
        "code": "FCO"
    },
    {
        "flight": "departure",
        "country": "FukuokaFUK",
        "code": "FUK"
    },
    {
        "flight": "departure",
        "country": "HiroshimaHIJ",
        "code": "HIJ"
    },
    {
        "flight": "departure",
        "country": "KomatsuKMQ",
        "code": "KMQ"
    },
    {
        "flight": "departure",
        "country": "NagasakiNGS",
        "code": "NGS"
    },
    {
        "flight": "departure",
        "country": "NagoyaNGO",
        "code": "NGO"
    },
    {
        "flight": "departure",
        "country": "NiigataKIJ",
        "code": "KIJ"
    },
    {
        "flight": "departure",
        "country": "OkayamaOKJ",
        "code": "OKJ"
    },
    {
        "flight": "departure",
        "country": "OkinawaOKA",
        "code": "OKA"
    },
    {
        "flight": "departure",
        "country": "OsakaKIX",
        "code": "KIX"
    },
    {
        "flight": "departure",
        "country": "SapporoCTS",
        "code": "CTS"
    },
    {
        "flight": "departure",
        "country": "ShizuokaFSZ",
        "code": "FSZ"
    },
    {
        "flight": "departure",
        "country": "TokyoNRT",
        "code": "NRT"
    },
    {
        "flight": "departure",
        "country": "TokyoHND",
        "code": "HND"
    },
    {
        "flight": "departure",
        "country": "Luang PrabangLPQ",
        "code": "LPQ"
    },
    {
        "flight": "departure",
        "country": "VientianeVTE",
        "code": "VTE"
    },
    {
        "flight": "departure",
        "country": "MacauMFM",
        "code": "MFM"
    },
    {
        "flight": "departure",
        "country": "Kuala LumpurKUL",
        "code": "KUL"
    },
    {
        "flight": "departure",
        "country": "MaléMLE",
        "code": "MLE"
    },
    {
        "flight": "departure",
        "country": "MandalayMDL",
        "code": "MDL"
    },
    {
        "flight": "departure",
        "country": "YangonRGN",
        "code": "RGN"
    },
    {
        "flight": "departure",
        "country": "AmsterdamAMS",
        "code": "AMS"
    },
    {
        "flight": "departure",
        "country": "AucklandAKL",
        "code": "AKL"
    },
    {
        "flight": "departure",
        "country": "CebuCEB",
        "code": "CEB"
    },
    {
        "flight": "departure",
        "country": "ManilaMNL",
        "code": "MNL"
    },
    {
        "flight": "departure",
        "country": "Moscow SheremetyevoSVO",
        "code": "SVO"
    },
    {
        "flight": "departure",
        "country": "Saint PetersburgLED",
        "code": "LED"
    },
    {
        "flight": "departure",
        "country": "SingaporeSIN",
        "code": "SIN"
    },
    {
        "flight": "departure",
        "country": "BusanPUS",
        "code": "PUS"
    },
    {
        "flight": "departure",
        "country": "DaeguTAE",
        "code": "TAE"
    },
    {
        "flight": "departure",
        "country": "Jeju CityCJU",
        "code": "CJU"
    },
    {
        "flight": "departure",
        "country": "SeoulICN",
        "code": "ICN"
    },
    {
        "flight": "departure",
        "country": "SeoulGMP",
        "code": "GMP"
    },
    {
        "flight": "departure",
        "country": "MadridMAD",
        "code": "MAD"
    },
    {
        "flight": "departure",
        "country": "ColomboCMB",
        "code": "CMB"
    },
    {
        "flight": "departure",
        "country": "KaohsiungKHH",
        "code": "KHH"
    },
    {
        "flight": "departure",
        "country": "TaichungRMQ",
        "code": "RMQ"
    },
    {
        "flight": "departure",
        "country": "TaipeiTPE",
        "code": "TPE"
    },
    {
        "flight": "departure",
        "country": "TaipeiTSA",
        "code": "TSA"
    },
    {
        "flight": "departure",
        "country": "BangkokBKK",
        "code": "BKK"
    },
    {
        "flight": "departure",
        "country": "Chiang MaiCNX",
        "code": "CNX"
    },
    {
        "flight": "departure",
        "country": "PhuketHKT",
        "code": "HKT"
    },
    {
        "flight": "departure",
        "country": "IstanbulIST",
        "code": "IST"
    },
    {
        "flight": "departure",
        "country": "DubaiDXB",
        "code": "DXB"
    },
    {
        "flight": "departure",
        "country": "London GatwickLGW",
        "code": "LGW"
    },
    {
        "flight": "departure",
        "country": "London HeathrowLHR",
        "code": "LHR"
    },
    {
        "flight": "departure",
        "country": "Los AngelesLAX",
        "code": "LAX"
    },
    {
        "flight": "departure",
        "country": "New York CityJFK",
        "code": "JFK"
    },
    {
        "flight": "departure",
        "country": "HanoiHAN",
        "code": "HAN"
    },
    {
        "flight": "departure",
        "country": "Ho Chi Minh CitySGN",
        "code": "SGN"
    }
]