[
    {
        "flight": "destination",
        "country": "ArushaARK",
        "code": "ARK"
    },
    {
        "flight": "destination",
        "country": "Dar es SalaamDAR",
        "code": "DAR"
    },
    {
        "flight": "destination",
        "country": "GrumetiGTZ",
        "code": "GTZ"
    },
    {
        "flight": "destination",
        "country": "KilimanjaroJRO",
        "code": "JRO"
    },
    {
        "flight": "destination",
        "country": "Lake ManyaraLKY",
        "code": "LKY"
    },
    {
        "flight": "destination",
        "country": "SeroneraSEU",
        "code": "SEU"
    },
    {
        "flight": "destination",
        "country": "ZanzibarZNZ",
        "code": "ZNZ"
    },
    {
        "flight": "departure",
        "country": "ArushaARK",
        "code": "ARK"
    },
    {
        "flight": "departure",
        "country": "Dar es SalaamDAR",
        "code": "DAR"
    },
    {
        "flight": "departure",
        "country": "GrumetiGTZ",
        "code": "GTZ"
    },
    {
        "flight": "departure",
        "country": "KilimanjaroJRO",
        "code": "JRO"
    },
    {
        "flight": "departure",
        "country": "Lake ManyaraLKY",
        "code": "LKY"
    },
    {
        "flight": "departure",
        "country": "SeroneraSEU",
        "code": "SEU"
    },
    {
        "flight": "departure",
        "country": "ZanzibarZNZ",
        "code": "ZNZ"
    }
]