[
    {
        "flight": "destination",
        "country": "AbakanABA",
        "code": "ABA"
    },
    {
        "flight": "destination",
        "country": "AstrakhanASF",
        "code": "ASF"
    },
    {
        "flight": "destination",
        "country": "ChelyabinskCEK",
        "code": "CEK"
    },
    {
        "flight": "destination",
        "country": "IrkutskIKT",
        "code": "IKT"
    },
    {
        "flight": "destination",
        "country": "KazanKZN",
        "code": "KZN"
    },
    {
        "flight": "destination",
        "country": "Khanty-MansiyskHMA",
        "code": "HMA"
    },
    {
        "flight": "destination",
        "country": "KrasnoyarskKJA",
        "code": "KJA"
    },
    {
        "flight": "destination",
        "country": "KurganKRO",
        "code": "KRO"
    },
    {
        "flight": "destination",
        "country": "MakhachkalaMCX",
        "code": "MCX"
    },
    {
        "flight": "destination",
        "country": "Mineralnye VodyMRV",
        "code": "MRV"
    },
    {
        "flight": "destination",
        "country": "Moscow DomodedovoDME",
        "code": "DME"
    },
    {
        "flight": "destination",
        "country": "Nizhny NovgorodGOJ",
        "code": "GOJ"
    },
    {
        "flight": "destination",
        "country": "NorilskNSK",
        "code": "NSK"
    },
    {
        "flight": "destination",
        "country": "NovosibirskOVB",
        "code": "OVB"
    },
    {
        "flight": "destination",
        "country": "OmskOMS",
        "code": "OMS"
    },
    {
        "flight": "destination",
        "country": "PermPEE",
        "code": "PEE"
    },
    {
        "flight": "destination",
        "country": "Saint PetersburgLED",
        "code": "LED"
    },
    {
        "flight": "destination",
        "country": "SamaraKUF",
        "code": "KUF"
    },
    {
        "flight": "destination",
        "country": "SochiAER",
        "code": "AER"
    },
    {
        "flight": "destination",
        "country": "UfaUFA",
        "code": "UFA"
    },
    {
        "flight": "destination",
        "country": "VolgogradVOG",
        "code": "VOG"
    },
    {
        "flight": "destination",
        "country": "YaroslavlIAR",
        "code": "IAR"
    },
    {
        "flight": "destination",
        "country": "YekaterinburgSVX",
        "code": "SVX"
    },
    {
        "flight": "departure",
        "country": "AbakanABA",
        "code": "ABA"
    },
    {
        "flight": "departure",
        "country": "AstrakhanASF",
        "code": "ASF"
    },
    {
        "flight": "departure",
        "country": "ChelyabinskCEK",
        "code": "CEK"
    },
    {
        "flight": "departure",
        "country": "IrkutskIKT",
        "code": "IKT"
    },
    {
        "flight": "departure",
        "country": "KazanKZN",
        "code": "KZN"
    },
    {
        "flight": "departure",
        "country": "Khanty-MansiyskHMA",
        "code": "HMA"
    },
    {
        "flight": "departure",
        "country": "KrasnoyarskKJA",
        "code": "KJA"
    },
    {
        "flight": "departure",
        "country": "KurganKRO",
        "code": "KRO"
    },
    {
        "flight": "departure",
        "country": "MakhachkalaMCX",
        "code": "MCX"
    },
    {
        "flight": "departure",
        "country": "Mineralnye VodyMRV",
        "code": "MRV"
    },
    {
        "flight": "departure",
        "country": "Moscow DomodedovoDME",
        "code": "DME"
    },
    {
        "flight": "departure",
        "country": "Nizhny NovgorodGOJ",
        "code": "GOJ"
    },
    {
        "flight": "departure",
        "country": "NorilskNSK",
        "code": "NSK"
    },
    {
        "flight": "departure",
        "country": "NovosibirskOVB",
        "code": "OVB"
    },
    {
        "flight": "departure",
        "country": "OmskOMS",
        "code": "OMS"
    },
    {
        "flight": "departure",
        "country": "PermPEE",
        "code": "PEE"
    },
    {
        "flight": "departure",
        "country": "Saint PetersburgLED",
        "code": "LED"
    },
    {
        "flight": "departure",
        "country": "SamaraKUF",
        "code": "KUF"
    },
    {
        "flight": "departure",
        "country": "SochiAER",
        "code": "AER"
    },
    {
        "flight": "departure",
        "country": "UfaUFA",
        "code": "UFA"
    },
    {
        "flight": "departure",
        "country": "VolgogradVOG",
        "code": "VOG"
    },
    {
        "flight": "departure",
        "country": "YaroslavlIAR",
        "code": "IAR"
    },
    {
        "flight": "departure",
        "country": "YekaterinburgSVX",
        "code": "SVX"
    }
]