[
    {
        "flight": "destination",
        "country": "FukuokaFUK",
        "code": "FUK"
    },
    {
        "flight": "destination",
        "country": "Fukushima (Sukagawa)FKS",
        "code": "FKS"
    },
    {
        "flight": "destination",
        "country": "HiroshimaHIJ",
        "code": "HIJ"
    },
    {
        "flight": "destination",
        "country": "KagoshimaKOJ",
        "code": "KOJ"
    },
    {
        "flight": "destination",
        "country": "NagoyaNGO",
        "code": "NGO"
    },
    {
        "flight": "destination",
        "country": "NiigataKIJ",
        "code": "KIJ"
    },
    {
        "flight": "destination",
        "country": "OitaOIT",
        "code": "OIT"
    },
    {
        "flight": "destination",
        "country": "OsakaITM",
        "code": "ITM"
    },
    {
        "flight": "destination",
        "country": "SapporoCTS",
        "code": "CTS"
    },
    {
        "flight": "destination",
        "country": "SendaiSDJ",
        "code": "SDJ"
    },
    {
        "flight": "departure",
        "country": "FukuokaFUK",
        "code": "FUK"
    },
    {
        "flight": "departure",
        "country": "Fukushima (Sukagawa)FKS",
        "code": "FKS"
    },
    {
        "flight": "departure",
        "country": "HiroshimaHIJ",
        "code": "HIJ"
    },
    {
        "flight": "departure",
        "country": "KagoshimaKOJ",
        "code": "KOJ"
    },
    {
        "flight": "departure",
        "country": "NagoyaNGO",
        "code": "NGO"
    },
    {
        "flight": "departure",
        "country": "NiigataKIJ",
        "code": "KIJ"
    },
    {
        "flight": "departure",
        "country": "OitaOIT",
        "code": "OIT"
    },
    {
        "flight": "departure",
        "country": "OsakaITM",
        "code": "ITM"
    },
    {
        "flight": "departure",
        "country": "SapporoCTS",
        "code": "CTS"
    },
    {
        "flight": "departure",
        "country": "SendaiSDJ",
        "code": "SDJ"
    }
]