[
    {
        "flight": "destination",
        "country": "KasaneBBK",
        "code": "BBK"
    },
    {
        "flight": "destination",
        "country": "MaunMUB",
        "code": "MUB"
    },
    {
        "flight": "destination",
        "country": "BloemfonteinBFN",
        "code": "BFN"
    },
    {
        "flight": "destination",
        "country": "Cape TownCPT",
        "code": "CPT"
    },
    {
        "flight": "destination",
        "country": "DurbanDUR",
        "code": "DUR"
    },
    {
        "flight": "destination",
        "country": "East LondonELS",
        "code": "ELS"
    },
    {
        "flight": "destination",
        "country": "GeorgeGRJ",
        "code": "GRJ"
    },
    {
        "flight": "destination",
        "country": "HoedspruitHDS",
        "code": "HDS"
    },
    {
        "flight": "destination",
        "country": "JohannesburgJNB",
        "code": "JNB"
    },
    {
        "flight": "destination",
        "country": "Kimberley, Northern CapeKIM",
        "code": "KIM"
    },
    {
        "flight": "destination",
        "country": "MargateMGH",
        "code": "MGH"
    },
    {
        "flight": "destination",
        "country": "Plettenberg BayPBZ",
        "code": "PBZ"
    },
    {
        "flight": "destination",
        "country": "Port ElizabethPLZ",
        "code": "PLZ"
    },
    {
        "flight": "destination",
        "country": "Victoria FallsVFA",
        "code": "VFA"
    },
    {
        "flight": "departure",
        "country": "KasaneBBK",
        "code": "BBK"
    },
    {
        "flight": "departure",
        "country": "MaunMUB",
        "code": "MUB"
    },
    {
        "flight": "departure",
        "country": "BloemfonteinBFN",
        "code": "BFN"
    },
    {
        "flight": "departure",
        "country": "Cape TownCPT",
        "code": "CPT"
    },
    {
        "flight": "departure",
        "country": "DurbanDUR",
        "code": "DUR"
    },
    {
        "flight": "departure",
        "country": "East LondonELS",
        "code": "ELS"
    },
    {
        "flight": "departure",
        "country": "GeorgeGRJ",
        "code": "GRJ"
    },
    {
        "flight": "departure",
        "country": "HoedspruitHDS",
        "code": "HDS"
    },
    {
        "flight": "departure",
        "country": "JohannesburgJNB",
        "code": "JNB"
    },
    {
        "flight": "departure",
        "country": "Kimberley, Northern CapeKIM",
        "code": "KIM"
    },
    {
        "flight": "departure",
        "country": "MargateMGH",
        "code": "MGH"
    },
    {
        "flight": "departure",
        "country": "Plettenberg BayPBZ",
        "code": "PBZ"
    },
    {
        "flight": "departure",
        "country": "Port ElizabethPLZ",
        "code": "PLZ"
    },
    {
        "flight": "departure",
        "country": "Victoria FallsVFA",
        "code": "VFA"
    }
]