[
    {
        "flight": "destination",
        "country": "AksuAKU",
        "code": "AKU"
    },
    {
        "flight": "destination",
        "country": "BaotouBAV",
        "code": "BAV"
    },
    {
        "flight": "destination",
        "country": "Beijing DaxingPKX",
        "code": "PKX"
    },
    {
        "flight": "destination",
        "country": "Changchun and Jilin CityCGQ",
        "code": "CGQ"
    },
    {
        "flight": "destination",
        "country": "ChangshaCSX",
        "code": "CSX"
    },
    {
        "flight": "destination",
        "country": "ChangzhouCZX",
        "code": "CZX"
    },
    {
        "flight": "destination",
        "country": "ChengduTFU",
        "code": "TFU"
    },
    {
        "flight": "destination",
        "country": "ChenzhouHCZ",
        "code": "HCZ"
    },
    {
        "flight": "destination",
        "country": "ChongqingCKG",
        "code": "CKG"
    },
    {
        "flight": "destination",
        "country": "DalianDLC",
        "code": "DLC"
    },
    {
        "flight": "destination",
        "country": "EzhouEHU",
        "code": "EHU"
    },
    {
        "flight": "destination",
        "country": "FuzhouFOC",
        "code": "FOC"
    },
    {
        "flight": "destination",
        "country": "GuilinKWL",
        "code": "KWL"
    },
    {
        "flight": "destination",
        "country": "GuiyangKWE",
        "code": "KWE"
    },
    {
        "flight": "destination",
        "country": "HaikouHAK",
        "code": "HAK"
    },
    {
        "flight": "destination",
        "country": "HailarHLD",
        "code": "HLD"
    },
    {
        "flight": "destination",
        "country": "HarbinHRB",
        "code": "HRB"
    },
    {
        "flight": "destination",
        "country": "HefeiHFE",
        "code": "HFE"
    },
    {
        "flight": "destination",
        "country": "HohhotHET",
        "code": "HET"
    },
    {
        "flight": "destination",
        "country": "HotanHTN",
        "code": "HTN"
    },
    {
        "flight": "destination",
        "country": "Huai'anHIA",
        "code": "HIA"
    },
    {
        "flight": "destination",
        "country": "Huangshan CityTXN",
        "code": "TXN"
    },
    {
        "flight": "destination",
        "country": "JinanTNA",
        "code": "TNA"
    },
    {
        "flight": "destination",
        "country": "JinghongJHG",
        "code": "JHG"
    },
    {
        "flight": "destination",
        "country": "KashgarKHG",
        "code": "KHG"
    },
    {
        "flight": "destination",
        "country": "KorlaKRL",
        "code": "KRL"
    },
    {
        "flight": "destination",
        "country": "KunmingKMG",
        "code": "KMG"
    },
    {
        "flight": "destination",
        "country": "KuqaKCA",
        "code": "KCA"
    },
    {
        "flight": "destination",
        "country": "LanzhouLHW",
        "code": "LHW"
    },
    {
        "flight": "destination",
        "country": "LijiangLJG",
        "code": "LJG"
    },
    {
        "flight": "destination",
        "country": "LinfenLFQ",
        "code": "LFQ"
    },
    {
        "flight": "destination",
        "country": "LinyiLYI",
        "code": "LYI"
    },
    {
        "flight": "destination",
        "country": "LüliangLLV",
        "code": "LLV"
    },
    {
        "flight": "destination",
        "country": "LuoyangLYA",
        "code": "LYA"
    },
    {
        "flight": "destination",
        "country": "NanchangKHN",
        "code": "KHN"
    },
    {
        "flight": "destination",
        "country": "NanjingNKG",
        "code": "NKG"
    },
    {
        "flight": "destination",
        "country": "NanningNNG",
        "code": "NNG"
    },
    {
        "flight": "destination",
        "country": "NantongNTG",
        "code": "NTG"
    },
    {
        "flight": "destination",
        "country": "NanyangNNY",
        "code": "NNY"
    },
    {
        "flight": "destination",
        "country": "NingboNGB",
        "code": "NGB"
    },
    {
        "flight": "destination",
        "country": "QingdaoTAO",
        "code": "TAO"
    },
    {
        "flight": "destination",
        "country": "QuanzhouJJN",
        "code": "JJN"
    },
    {
        "flight": "destination",
        "country": "QuzhouJUZ",
        "code": "JUZ"
    },
    {
        "flight": "destination",
        "country": "SanyaSYX",
        "code": "SYX"
    },
    {
        "flight": "destination",
        "country": "ShenyangSHE",
        "code": "SHE"
    },
    {
        "flight": "destination",
        "country": "SongyuanYSQ",
        "code": "YSQ"
    },
    {
        "flight": "destination",
        "country": "TaiyuanTYN",
        "code": "TYN"
    },
    {
        "flight": "destination",
        "country": "TianjinTSN",
        "code": "TSN"
    },
    {
        "flight": "destination",
        "country": "UrumqiURC",
        "code": "URC"
    },
    {
        "flight": "destination",
        "country": "WeifangWEF",
        "code": "WEF"
    },
    {
        "flight": "destination",
        "country": "WeihaiWEH",
        "code": "WEH"
    },
    {
        "flight": "destination",
        "country": "WenzhouWNZ",
        "code": "WNZ"
    },
    {
        "flight": "destination",
        "country": "XichangXIC",
        "code": "XIC"
    },
    {
        "flight": "destination",
        "country": "XiningXNN",
        "code": "XNN"
    },
    {
        "flight": "destination",
        "country": "YangzhouYTY",
        "code": "YTY"
    },
    {
        "flight": "destination",
        "country": "YanjiYNJ",
        "code": "YNJ"
    },
    {
        "flight": "destination",
        "country": "YantaiYNT",
        "code": "YNT"
    },
    {
        "flight": "destination",
        "country": "YichangYIH",
        "code": "YIH"
    },
    {
        "flight": "destination",
        "country": "YinchuanINC",
        "code": "INC"
    },
    {
        "flight": "destination",
        "country": "ZhanjiangZHA",
        "code": "ZHA"
    },
    {
        "flight": "destination",
        "country": "ZhengzhouCGO",
        "code": "CGO"
    },
    {
        "flight": "destination",
        "country": "ZhoushanHSN",
        "code": "HSN"
    },
    {
        "flight": "destination",
        "country": "Hong KongHKG",
        "code": "HKG"
    },
    {
        "flight": "destination",
        "country": "SeoulICN",
        "code": "ICN"
    },
    {
        "flight": "destination",
        "country": "BangkokBKK",
        "code": "BKK"
    },
    {
        "flight": "destination",
        "country": "Bangkok (Don Muang)DMK",
        "code": "DMK"
    },
    {
        "flight": "departure",
        "country": "AksuAKU",
        "code": "AKU"
    },
    {
        "flight": "departure",
        "country": "BaotouBAV",
        "code": "BAV"
    },
    {
        "flight": "departure",
        "country": "Beijing DaxingPKX",
        "code": "PKX"
    },
    {
        "flight": "departure",
        "country": "Changchun and Jilin CityCGQ",
        "code": "CGQ"
    },
    {
        "flight": "departure",
        "country": "ChangshaCSX",
        "code": "CSX"
    },
    {
        "flight": "departure",
        "country": "ChangzhouCZX",
        "code": "CZX"
    },
    {
        "flight": "departure",
        "country": "ChengduTFU",
        "code": "TFU"
    },
    {
        "flight": "departure",
        "country": "ChenzhouHCZ",
        "code": "HCZ"
    },
    {
        "flight": "departure",
        "country": "ChongqingCKG",
        "code": "CKG"
    },
    {
        "flight": "departure",
        "country": "DalianDLC",
        "code": "DLC"
    },
    {
        "flight": "departure",
        "country": "EzhouEHU",
        "code": "EHU"
    },
    {
        "flight": "departure",
        "country": "FuzhouFOC",
        "code": "FOC"
    },
    {
        "flight": "departure",
        "country": "GuilinKWL",
        "code": "KWL"
    },
    {
        "flight": "departure",
        "country": "GuiyangKWE",
        "code": "KWE"
    },
    {
        "flight": "departure",
        "country": "HaikouHAK",
        "code": "HAK"
    },
    {
        "flight": "departure",
        "country": "HailarHLD",
        "code": "HLD"
    },
    {
        "flight": "departure",
        "country": "HarbinHRB",
        "code": "HRB"
    },
    {
        "flight": "departure",
        "country": "HefeiHFE",
        "code": "HFE"
    },
    {
        "flight": "departure",
        "country": "HohhotHET",
        "code": "HET"
    },
    {
        "flight": "departure",
        "country": "HotanHTN",
        "code": "HTN"
    },
    {
        "flight": "departure",
        "country": "Huai'anHIA",
        "code": "HIA"
    },
    {
        "flight": "departure",
        "country": "Huangshan CityTXN",
        "code": "TXN"
    },
    {
        "flight": "departure",
        "country": "JinanTNA",
        "code": "TNA"
    },
    {
        "flight": "departure",
        "country": "JinghongJHG",
        "code": "JHG"
    },
    {
        "flight": "departure",
        "country": "KashgarKHG",
        "code": "KHG"
    },
    {
        "flight": "departure",
        "country": "KorlaKRL",
        "code": "KRL"
    },
    {
        "flight": "departure",
        "country": "KunmingKMG",
        "code": "KMG"
    },
    {
        "flight": "departure",
        "country": "KuqaKCA",
        "code": "KCA"
    },
    {
        "flight": "departure",
        "country": "LanzhouLHW",
        "code": "LHW"
    },
    {
        "flight": "departure",
        "country": "LijiangLJG",
        "code": "LJG"
    },
    {
        "flight": "departure",
        "country": "LinfenLFQ",
        "code": "LFQ"
    },
    {
        "flight": "departure",
        "country": "LinyiLYI",
        "code": "LYI"
    },
    {
        "flight": "departure",
        "country": "LüliangLLV",
        "code": "LLV"
    },
    {
        "flight": "departure",
        "country": "LuoyangLYA",
        "code": "LYA"
    },
    {
        "flight": "departure",
        "country": "NanchangKHN",
        "code": "KHN"
    },
    {
        "flight": "departure",
        "country": "NanjingNKG",
        "code": "NKG"
    },
    {
        "flight": "departure",
        "country": "NanningNNG",
        "code": "NNG"
    },
    {
        "flight": "departure",
        "country": "NantongNTG",
        "code": "NTG"
    },
    {
        "flight": "departure",
        "country": "NanyangNNY",
        "code": "NNY"
    },
    {
        "flight": "departure",
        "country": "NingboNGB",
        "code": "NGB"
    },
    {
        "flight": "departure",
        "country": "QingdaoTAO",
        "code": "TAO"
    },
    {
        "flight": "departure",
        "country": "QuanzhouJJN",
        "code": "JJN"
    },
    {
        "flight": "departure",
        "country": "QuzhouJUZ",
        "code": "JUZ"
    },
    {
        "flight": "departure",
        "country": "SanyaSYX",
        "code": "SYX"
    },
    {
        "flight": "departure",
        "country": "ShenyangSHE",
        "code": "SHE"
    },
    {
        "flight": "departure",
        "country": "SongyuanYSQ",
        "code": "YSQ"
    },
    {
        "flight": "departure",
        "country": "TaiyuanTYN",
        "code": "TYN"
    },
    {
        "flight": "departure",
        "country": "TianjinTSN",
        "code": "TSN"
    },
    {
        "flight": "departure",
        "country": "UrumqiURC",
        "code": "URC"
    },
    {
        "flight": "departure",
        "country": "WeifangWEF",
        "code": "WEF"
    },
    {
        "flight": "departure",
        "country": "WeihaiWEH",
        "code": "WEH"
    },
    {
        "flight": "departure",
        "country": "WenzhouWNZ",
        "code": "WNZ"
    },
    {
        "flight": "departure",
        "country": "XichangXIC",
        "code": "XIC"
    },
    {
        "flight": "departure",
        "country": "XiningXNN",
        "code": "XNN"
    },
    {
        "flight": "departure",
        "country": "YangzhouYTY",
        "code": "YTY"
    },
    {
        "flight": "departure",
        "country": "YanjiYNJ",
        "code": "YNJ"
    },
    {
        "flight": "departure",
        "country": "YantaiYNT",
        "code": "YNT"
    },
    {
        "flight": "departure",
        "country": "YichangYIH",
        "code": "YIH"
    },
    {
        "flight": "departure",
        "country": "YinchuanINC",
        "code": "INC"
    },
    {
        "flight": "departure",
        "country": "ZhanjiangZHA",
        "code": "ZHA"
    },
    {
        "flight": "departure",
        "country": "ZhengzhouCGO",
        "code": "CGO"
    },
    {
        "flight": "departure",
        "country": "ZhoushanHSN",
        "code": "HSN"
    },
    {
        "flight": "departure",
        "country": "Hong KongHKG",
        "code": "HKG"
    },
    {
        "flight": "departure",
        "country": "SeoulICN",
        "code": "ICN"
    },
    {
        "flight": "departure",
        "country": "BangkokBKK",
        "code": "BKK"
    },
    {
        "flight": "departure",
        "country": "Bangkok (Don Muang)DMK",
        "code": "DMK"
    }
]