[
    {
        "flight": "destination",
        "country": "BijieBFJ",
        "code": "BFJ"
    },
    {
        "flight": "destination",
        "country": "ChangshaCSX",
        "code": "CSX"
    },
    {
        "flight": "destination",
        "country": "ChengduTFU",
        "code": "TFU"
    },
    {
        "flight": "destination",
        "country": "ChongqingCKG",
        "code": "CKG"
    },
    {
        "flight": "destination",
        "country": "DalianDLC",
        "code": "DLC"
    },
    {
        "flight": "destination",
        "country": "EzhouEHU",
        "code": "EHU"
    },
    {
        "flight": "destination",
        "country": "FuyangFUG",
        "code": "FUG"
    },
    {
        "flight": "destination",
        "country": "FuzhouFOC",
        "code": "FOC"
    },
    {
        "flight": "destination",
        "country": "GanzhouKOW",
        "code": "KOW"
    },
    {
        "flight": "destination",
        "country": "GuilinKWL",
        "code": "KWL"
    },
    {
        "flight": "destination",
        "country": "GuiyangKWE",
        "code": "KWE"
    },
    {
        "flight": "destination",
        "country": "HaikouHAK",
        "code": "HAK"
    },
    {
        "flight": "destination",
        "country": "HandanHDG",
        "code": "HDG"
    },
    {
        "flight": "destination",
        "country": "HefeiHFE",
        "code": "HFE"
    },
    {
        "flight": "destination",
        "country": "HezeHZA",
        "code": "HZA"
    },
    {
        "flight": "destination",
        "country": "HohhotHET",
        "code": "HET"
    },
    {
        "flight": "destination",
        "country": "HuaihuaHJJ",
        "code": "HJJ"
    },
    {
        "flight": "destination",
        "country": "HuizhouHUZ",
        "code": "HUZ"
    },
    {
        "flight": "destination",
        "country": "JinanTNA",
        "code": "TNA"
    },
    {
        "flight": "destination",
        "country": "JingzhouSHS",
        "code": "SHS"
    },
    {
        "flight": "destination",
        "country": "JiningJNG",
        "code": "JNG"
    },
    {
        "flight": "destination",
        "country": "LanzhouLHW",
        "code": "LHW"
    },
    {
        "flight": "destination",
        "country": "LuoyangLYA",
        "code": "LYA"
    },
    {
        "flight": "destination",
        "country": "LuzhouLZO",
        "code": "LZO"
    },
    {
        "flight": "destination",
        "country": "MianyangMIG",
        "code": "MIG"
    },
    {
        "flight": "destination",
        "country": "NanchangKHN",
        "code": "KHN"
    },
    {
        "flight": "destination",
        "country": "NanningNNG",
        "code": "NNG"
    },
    {
        "flight": "destination",
        "country": "NanyangNNY",
        "code": "NNY"
    },
    {
        "flight": "destination",
        "country": "QingdaoTAO",
        "code": "TAO"
    },
    {
        "flight": "destination",
        "country": "SanyaSYX",
        "code": "SYX"
    },
    {
        "flight": "destination",
        "country": "ShantouSWA",
        "code": "SWA"
    },
    {
        "flight": "destination",
        "country": "ShenyangSHE",
        "code": "SHE"
    },
    {
        "flight": "destination",
        "country": "ShijiazhuangSJW",
        "code": "SJW"
    },
    {
        "flight": "destination",
        "country": "ShiyanWDS",
        "code": "WDS"
    },
    {
        "flight": "destination",
        "country": "TangshanTVS",
        "code": "TVS"
    },
    {
        "flight": "destination",
        "country": "TianjinTSN",
        "code": "TSN"
    },
    {
        "flight": "destination",
        "country": "UrumqiURC",
        "code": "URC"
    },
    {
        "flight": "destination",
        "country": "WanzhouWXN",
        "code": "WXN"
    },
    {
        "flight": "destination",
        "country": "WeifangWEF",
        "code": "WEF"
    },
    {
        "flight": "destination",
        "country": "WenzhouWNZ",
        "code": "WNZ"
    },
    {
        "flight": "destination",
        "country": "Wuhu XuanzhouWHA",
        "code": "WHA"
    },
    {
        "flight": "destination",
        "country": "Xi'anXIY",
        "code": "XIY"
    },
    {
        "flight": "destination",
        "country": "XiangyangXFN",
        "code": "XFN"
    },
    {
        "flight": "destination",
        "country": "XuzhouXUZ",
        "code": "XUZ"
    },
    {
        "flight": "destination",
        "country": "YichangYIH",
        "code": "YIH"
    },
    {
        "flight": "destination",
        "country": "YinchuanINC",
        "code": "INC"
    },
    {
        "flight": "destination",
        "country": "YueyangYYA",
        "code": "YYA"
    },
    {
        "flight": "destination",
        "country": "YulinUYN",
        "code": "UYN"
    },
    {
        "flight": "destination",
        "country": "ZhongweiZHY",
        "code": "ZHY"
    },
    {
        "flight": "destination",
        "country": "ZhoushanHSN",
        "code": "HSN"
    },
    {
        "flight": "destination",
        "country": "ZhuhaiZUH",
        "code": "ZUH"
    },
    {
        "flight": "destination",
        "country": "BangkokBKK",
        "code": "BKK"
    },
    {
        "flight": "departure",
        "country": "BijieBFJ",
        "code": "BFJ"
    },
    {
        "flight": "departure",
        "country": "ChangshaCSX",
        "code": "CSX"
    },
    {
        "flight": "departure",
        "country": "ChengduTFU",
        "code": "TFU"
    },
    {
        "flight": "departure",
        "country": "ChongqingCKG",
        "code": "CKG"
    },
    {
        "flight": "departure",
        "country": "DalianDLC",
        "code": "DLC"
    },
    {
        "flight": "departure",
        "country": "EzhouEHU",
        "code": "EHU"
    },
    {
        "flight": "departure",
        "country": "FuyangFUG",
        "code": "FUG"
    },
    {
        "flight": "departure",
        "country": "FuzhouFOC",
        "code": "FOC"
    },
    {
        "flight": "departure",
        "country": "GanzhouKOW",
        "code": "KOW"
    },
    {
        "flight": "departure",
        "country": "GuilinKWL",
        "code": "KWL"
    },
    {
        "flight": "departure",
        "country": "GuiyangKWE",
        "code": "KWE"
    },
    {
        "flight": "departure",
        "country": "HaikouHAK",
        "code": "HAK"
    },
    {
        "flight": "departure",
        "country": "HandanHDG",
        "code": "HDG"
    },
    {
        "flight": "departure",
        "country": "HefeiHFE",
        "code": "HFE"
    },
    {
        "flight": "departure",
        "country": "HezeHZA",
        "code": "HZA"
    },
    {
        "flight": "departure",
        "country": "HohhotHET",
        "code": "HET"
    },
    {
        "flight": "departure",
        "country": "HuaihuaHJJ",
        "code": "HJJ"
    },
    {
        "flight": "departure",
        "country": "HuizhouHUZ",
        "code": "HUZ"
    },
    {
        "flight": "departure",
        "country": "JinanTNA",
        "code": "TNA"
    },
    {
        "flight": "departure",
        "country": "JingzhouSHS",
        "code": "SHS"
    },
    {
        "flight": "departure",
        "country": "JiningJNG",
        "code": "JNG"
    },
    {
        "flight": "departure",
        "country": "LanzhouLHW",
        "code": "LHW"
    },
    {
        "flight": "departure",
        "country": "LuoyangLYA",
        "code": "LYA"
    },
    {
        "flight": "departure",
        "country": "LuzhouLZO",
        "code": "LZO"
    },
    {
        "flight": "departure",
        "country": "MianyangMIG",
        "code": "MIG"
    },
    {
        "flight": "departure",
        "country": "NanchangKHN",
        "code": "KHN"
    },
    {
        "flight": "departure",
        "country": "NanningNNG",
        "code": "NNG"
    },
    {
        "flight": "departure",
        "country": "NanyangNNY",
        "code": "NNY"
    },
    {
        "flight": "departure",
        "country": "QingdaoTAO",
        "code": "TAO"
    },
    {
        "flight": "departure",
        "country": "SanyaSYX",
        "code": "SYX"
    },
    {
        "flight": "departure",
        "country": "ShantouSWA",
        "code": "SWA"
    },
    {
        "flight": "departure",
        "country": "ShenyangSHE",
        "code": "SHE"
    },
    {
        "flight": "departure",
        "country": "ShijiazhuangSJW",
        "code": "SJW"
    },
    {
        "flight": "departure",
        "country": "ShiyanWDS",
        "code": "WDS"
    },
    {
        "flight": "departure",
        "country": "TangshanTVS",
        "code": "TVS"
    },
    {
        "flight": "departure",
        "country": "TianjinTSN",
        "code": "TSN"
    },
    {
        "flight": "departure",
        "country": "UrumqiURC",
        "code": "URC"
    },
    {
        "flight": "departure",
        "country": "WanzhouWXN",
        "code": "WXN"
    },
    {
        "flight": "departure",
        "country": "WeifangWEF",
        "code": "WEF"
    },
    {
        "flight": "departure",
        "country": "WenzhouWNZ",
        "code": "WNZ"
    },
    {
        "flight": "departure",
        "country": "Wuhu XuanzhouWHA",
        "code": "WHA"
    },
    {
        "flight": "departure",
        "country": "Xi'anXIY",
        "code": "XIY"
    },
    {
        "flight": "departure",
        "country": "XiangyangXFN",
        "code": "XFN"
    },
    {
        "flight": "departure",
        "country": "XuzhouXUZ",
        "code": "XUZ"
    },
    {
        "flight": "departure",
        "country": "YichangYIH",
        "code": "YIH"
    },
    {
        "flight": "departure",
        "country": "YinchuanINC",
        "code": "INC"
    },
    {
        "flight": "departure",
        "country": "YueyangYYA",
        "code": "YYA"
    },
    {
        "flight": "departure",
        "country": "YulinUYN",
        "code": "UYN"
    },
    {
        "flight": "departure",
        "country": "ZhongweiZHY",
        "code": "ZHY"
    },
    {
        "flight": "departure",
        "country": "ZhoushanHSN",
        "code": "HSN"
    },
    {
        "flight": "departure",
        "country": "ZhuhaiZUH",
        "code": "ZUH"
    },
    {
        "flight": "departure",
        "country": "BangkokBKK",
        "code": "BKK"
    }
]