[
    {
        "flight": "destination",
        "country": "IzhevskIJK",
        "code": "IJK"
    },
    {
        "flight": "destination",
        "country": "KaliningradKGD",
        "code": "KGD"
    },
    {
        "flight": "destination",
        "country": "MakhachkalaMCX",
        "code": "MCX"
    },
    {
        "flight": "destination",
        "country": "Mineralnye VodyMRV",
        "code": "MRV"
    },
    {
        "flight": "destination",
        "country": "Moscow DomodedovoDME",
        "code": "DME"
    },
    {
        "flight": "destination",
        "country": "Saint PetersburgLED",
        "code": "LED"
    },
    {
        "flight": "destination",
        "country": "SochiAER",
        "code": "AER"
    },
    {
        "flight": "destination",
        "country": "YekaterinburgSVX",
        "code": "SVX"
    },
    {
        "flight": "departure",
        "country": "IzhevskIJK",
        "code": "IJK"
    },
    {
        "flight": "departure",
        "country": "KaliningradKGD",
        "code": "KGD"
    },
    {
        "flight": "departure",
        "country": "MakhachkalaMCX",
        "code": "MCX"
    },
    {
        "flight": "departure",
        "country": "Mineralnye VodyMRV",
        "code": "MRV"
    },
    {
        "flight": "departure",
        "country": "Moscow DomodedovoDME",
        "code": "DME"
    },
    {
        "flight": "departure",
        "country": "Saint PetersburgLED",
        "code": "LED"
    },
    {
        "flight": "departure",
        "country": "SochiAER",
        "code": "AER"
    },
    {
        "flight": "departure",
        "country": "YekaterinburgSVX",
        "code": "SVX"
    }
]