[
    {
        "flight": "destination",
        "country": "IslamabadISB",
        "code": "ISB"
    },
    {
        "flight": "destination",
        "country": "KarachiKHI",
        "code": "KHI"
    },
    {
        "flight": "destination",
        "country": "LahoreLHE",
        "code": "LHE"
    },
    {
        "flight": "destination",
        "country": "PeshawarPEW",
        "code": "PEW"
    },
    {
        "flight": "destination",
        "country": "QuettaUET",
        "code": "UET"
    },
    {
        "flight": "departure",
        "country": "IslamabadISB",
        "code": "ISB"
    },
    {
        "flight": "departure",
        "country": "KarachiKHI",
        "code": "KHI"
    },
    {
        "flight": "departure",
        "country": "LahoreLHE",
        "code": "LHE"
    },
    {
        "flight": "departure",
        "country": "PeshawarPEW",
        "code": "PEW"
    },
    {
        "flight": "departure",
        "country": "QuettaUET",
        "code": "UET"
    }
]