[
    {
        "flight": "destination",
        "country": "ViennaVIE",
        "code": "VIE"
    },
    {
        "flight": "destination",
        "country": "BakuGYD",
        "code": "GYD"
    },
    {
        "flight": "destination",
        "country": "Bahrain IslandBAH",
        "code": "BAH"
    },
    {
        "flight": "destination",
        "country": "MinskMSQ",
        "code": "MSQ"
    },
    {
        "flight": "destination",
        "country": "PraguePRG",
        "code": "PRG"
    },
    {
        "flight": "destination",
        "country": "Sharm el-SheikhSSH",
        "code": "SSH"
    },
    {
        "flight": "destination",
        "country": "ParisCDG",
        "code": "CDG"
    },
    {
        "flight": "destination",
        "country": "BatumiBUS",
        "code": "BUS"
    },
    {
        "flight": "destination",
        "country": "TbilisiTBS",
        "code": "TBS"
    },
    {
        "flight": "destination",
        "country": "BerlinBER",
        "code": "BER"
    },
    {
        "flight": "destination",
        "country": "MumbaiBOM",
        "code": "BOM"
    },
    {
        "flight": "destination",
        "country": "New DelhiDEL",
        "code": "DEL"
    },
    {
        "flight": "destination",
        "country": "TehranIKA",
        "code": "IKA"
    },
    {
        "flight": "destination",
        "country": "Tel AvivTLV",
        "code": "TLV"
    },
    {
        "flight": "destination",
        "country": "Milan (Malpensa)MXP",
        "code": "MXP"
    },
    {
        "flight": "destination",
        "country": "AktauSCO",
        "code": "SCO"
    },
    {
        "flight": "destination",
        "country": "AlmatyALA",
        "code": "ALA"
    },
    {
        "flight": "destination",
        "country": "AstanaNQZ",
        "code": "NQZ"
    },
    {
        "flight": "destination",
        "country": "Kuwait CityKWI",
        "code": "KWI"
    },
    {
        "flight": "destination",
        "country": "BishkekFRU",
        "code": "FRU"
    },
    {
        "flight": "destination",
        "country": "ChișinăuKIV",
        "code": "KIV"
    },
    {
        "flight": "destination",
        "country": "IslamabadISB",
        "code": "ISB"
    },
    {
        "flight": "destination",
        "country": "KarachiKHI",
        "code": "KHI"
    },
    {
        "flight": "destination",
        "country": "LahoreLHE",
        "code": "LHE"
    },
    {
        "flight": "destination",
        "country": "AstrakhanASF",
        "code": "ASF"
    },
    {
        "flight": "destination",
        "country": "KazanKZN",
        "code": "KZN"
    },
    {
        "flight": "destination",
        "country": "MakhachkalaMCX",
        "code": "MCX"
    },
    {
        "flight": "destination",
        "country": "Mineralnye VodyMRV",
        "code": "MRV"
    },
    {
        "flight": "destination",
        "country": "Moscow DomodedovoDME",
        "code": "DME"
    },
    {
        "flight": "destination",
        "country": "Moscow VnukovoVKO",
        "code": "VKO"
    },
    {
        "flight": "destination",
        "country": "NovosibirskOVB",
        "code": "OVB"
    },
    {
        "flight": "destination",
        "country": "Saint PetersburgLED",
        "code": "LED"
    },
    {
        "flight": "destination",
        "country": "SamaraKUF",
        "code": "KUF"
    },
    {
        "flight": "destination",
        "country": "SochiAER",
        "code": "AER"
    },
    {
        "flight": "destination",
        "country": "UfaUFA",
        "code": "UFA"
    },
    {
        "flight": "destination",
        "country": "VolgogradVOG",
        "code": "VOG"
    },
    {
        "flight": "destination",
        "country": "YekaterinburgSVX",
        "code": "SVX"
    },
    {
        "flight": "destination",
        "country": "DammamDMM",
        "code": "DMM"
    },
    {
        "flight": "destination",
        "country": "MedinaMED",
        "code": "MED"
    },
    {
        "flight": "destination",
        "country": "RiyadhRUH",
        "code": "RUH"
    },
    {
        "flight": "destination",
        "country": "BarcelonaBCN",
        "code": "BCN"
    },
    {
        "flight": "destination",
        "country": "GenevaGVA",
        "code": "GVA"
    },
    {
        "flight": "destination",
        "country": "DushanbeDYU",
        "code": "DYU"
    },
    {
        "flight": "destination",
        "country": "AnkaraESB",
        "code": "ESB"
    },
    {
        "flight": "destination",
        "country": "AntalyaAYT",
        "code": "AYT"
    },
    {
        "flight": "destination",
        "country": "IstanbulIST",
        "code": "IST"
    },
    {
        "flight": "destination",
        "country": "Istanbul (Sabiha)SAW",
        "code": "SAW"
    },
    {
        "flight": "destination",
        "country": "IzmirADB",
        "code": "ADB"
    },
    {
        "flight": "destination",
        "country": "TrabzonTZX",
        "code": "TZX"
    },
    {
        "flight": "destination",
        "country": "DubaiDXB",
        "code": "DXB"
    },
    {
        "flight": "destination",
        "country": "London HeathrowLHR",
        "code": "LHR"
    },
    {
        "flight": "destination",
        "country": "FerganaFEG",
        "code": "FEG"
    },
    {
        "flight": "destination",
        "country": "SamarkandSKD",
        "code": "SKD"
    },
    {
        "flight": "destination",
        "country": "TashkentTAS",
        "code": "TAS"
    },
    {
        "flight": "destination",
        "country": "UrgenchUGC",
        "code": "UGC"
    },
    {
        "flight": "departure",
        "country": "ViennaVIE",
        "code": "VIE"
    },
    {
        "flight": "departure",
        "country": "BakuGYD",
        "code": "GYD"
    },
    {
        "flight": "departure",
        "country": "Bahrain IslandBAH",
        "code": "BAH"
    },
    {
        "flight": "departure",
        "country": "MinskMSQ",
        "code": "MSQ"
    },
    {
        "flight": "departure",
        "country": "PraguePRG",
        "code": "PRG"
    },
    {
        "flight": "departure",
        "country": "Sharm el-SheikhSSH",
        "code": "SSH"
    },
    {
        "flight": "departure",
        "country": "ParisCDG",
        "code": "CDG"
    },
    {
        "flight": "departure",
        "country": "BatumiBUS",
        "code": "BUS"
    },
    {
        "flight": "departure",
        "country": "TbilisiTBS",
        "code": "TBS"
    },
    {
        "flight": "departure",
        "country": "BerlinBER",
        "code": "BER"
    },
    {
        "flight": "departure",
        "country": "MumbaiBOM",
        "code": "BOM"
    },
    {
        "flight": "departure",
        "country": "New DelhiDEL",
        "code": "DEL"
    },
    {
        "flight": "departure",
        "country": "TehranIKA",
        "code": "IKA"
    },
    {
        "flight": "departure",
        "country": "Tel AvivTLV",
        "code": "TLV"
    },
    {
        "flight": "departure",
        "country": "Milan (Malpensa)MXP",
        "code": "MXP"
    },
    {
        "flight": "departure",
        "country": "AktauSCO",
        "code": "SCO"
    },
    {
        "flight": "departure",
        "country": "AlmatyALA",
        "code": "ALA"
    },
    {
        "flight": "departure",
        "country": "AstanaNQZ",
        "code": "NQZ"
    },
    {
        "flight": "departure",
        "country": "Kuwait CityKWI",
        "code": "KWI"
    },
    {
        "flight": "departure",
        "country": "BishkekFRU",
        "code": "FRU"
    },
    {
        "flight": "departure",
        "country": "ChișinăuKIV",
        "code": "KIV"
    },
    {
        "flight": "departure",
        "country": "IslamabadISB",
        "code": "ISB"
    },
    {
        "flight": "departure",
        "country": "KarachiKHI",
        "code": "KHI"
    },
    {
        "flight": "departure",
        "country": "LahoreLHE",
        "code": "LHE"
    },
    {
        "flight": "departure",
        "country": "AstrakhanASF",
        "code": "ASF"
    },
    {
        "flight": "departure",
        "country": "KazanKZN",
        "code": "KZN"
    },
    {
        "flight": "departure",
        "country": "MakhachkalaMCX",
        "code": "MCX"
    },
    {
        "flight": "departure",
        "country": "Mineralnye VodyMRV",
        "code": "MRV"
    },
    {
        "flight": "departure",
        "country": "Moscow DomodedovoDME",
        "code": "DME"
    },
    {
        "flight": "departure",
        "country": "Moscow VnukovoVKO",
        "code": "VKO"
    },
    {
        "flight": "departure",
        "country": "NovosibirskOVB",
        "code": "OVB"
    },
    {
        "flight": "departure",
        "country": "Saint PetersburgLED",
        "code": "LED"
    },
    {
        "flight": "departure",
        "country": "SamaraKUF",
        "code": "KUF"
    },
    {
        "flight": "departure",
        "country": "SochiAER",
        "code": "AER"
    },
    {
        "flight": "departure",
        "country": "UfaUFA",
        "code": "UFA"
    },
    {
        "flight": "departure",
        "country": "VolgogradVOG",
        "code": "VOG"
    },
    {
        "flight": "departure",
        "country": "YekaterinburgSVX",
        "code": "SVX"
    },
    {
        "flight": "departure",
        "country": "DammamDMM",
        "code": "DMM"
    },
    {
        "flight": "departure",
        "country": "MedinaMED",
        "code": "MED"
    },
    {
        "flight": "departure",
        "country": "RiyadhRUH",
        "code": "RUH"
    },
    {
        "flight": "departure",
        "country": "BarcelonaBCN",
        "code": "BCN"
    },
    {
        "flight": "departure",
        "country": "GenevaGVA",
        "code": "GVA"
    },
    {
        "flight": "departure",
        "country": "DushanbeDYU",
        "code": "DYU"
    },
    {
        "flight": "departure",
        "country": "AnkaraESB",
        "code": "ESB"
    },
    {
        "flight": "departure",
        "country": "AntalyaAYT",
        "code": "AYT"
    },
    {
        "flight": "departure",
        "country": "IstanbulIST",
        "code": "IST"
    },
    {
        "flight": "departure",
        "country": "Istanbul (Sabiha)SAW",
        "code": "SAW"
    },
    {
        "flight": "departure",
        "country": "IzmirADB",
        "code": "ADB"
    },
    {
        "flight": "departure",
        "country": "TrabzonTZX",
        "code": "TZX"
    },
    {
        "flight": "departure",
        "country": "DubaiDXB",
        "code": "DXB"
    },
    {
        "flight": "departure",
        "country": "London HeathrowLHR",
        "code": "LHR"
    },
    {
        "flight": "departure",
        "country": "FerganaFEG",
        "code": "FEG"
    },
    {
        "flight": "departure",
        "country": "SamarkandSKD",
        "code": "SKD"
    },
    {
        "flight": "departure",
        "country": "TashkentTAS",
        "code": "TAS"
    },
    {
        "flight": "departure",
        "country": "UrgenchUGC",
        "code": "UGC"
    }
]