[
    {
        "flight": "destination",
        "country": "Buenos AiresEZE",
        "code": "EZE"
    },
    {
        "flight": "destination",
        "country": "CórdobaCOR",
        "code": "COR"
    },
    {
        "flight": "destination",
        "country": "MendozaMDZ",
        "code": "MDZ"
    },
    {
        "flight": "destination",
        "country": "RosarioROS",
        "code": "ROS"
    },
    {
        "flight": "destination",
        "country": "ArubaAUA",
        "code": "AUA"
    },
    {
        "flight": "destination",
        "country": "NassauNAS",
        "code": "NAS"
    },
    {
        "flight": "destination",
        "country": "BridgetownBGI",
        "code": "BGI"
    },
    {
        "flight": "destination",
        "country": "Belize CityBZE",
        "code": "BZE"
    },
    {
        "flight": "destination",
        "country": "Santa Cruz de la SierraVVI",
        "code": "VVI"
    },
    {
        "flight": "destination",
        "country": "Belo HorizonteCNF",
        "code": "CNF"
    },
    {
        "flight": "destination",
        "country": "BrasíliaBSB",
        "code": "BSB"
    },
    {
        "flight": "destination",
        "country": "ManausMAO",
        "code": "MAO"
    },
    {
        "flight": "destination",
        "country": "Porto AlegrePOA",
        "code": "POA"
    },
    {
        "flight": "destination",
        "country": "Rio de JaneiroGIG",
        "code": "GIG"
    },
    {
        "flight": "destination",
        "country": "São PauloGRU",
        "code": "GRU"
    },
    {
        "flight": "destination",
        "country": "MontrealYUL",
        "code": "YUL"
    },
    {
        "flight": "destination",
        "country": "TorontoYYZ",
        "code": "YYZ"
    },
    {
        "flight": "destination",
        "country": "Santiago de ChileSCL",
        "code": "SCL"
    },
    {
        "flight": "destination",
        "country": "ArmeniaAXM",
        "code": "AXM"
    },
    {
        "flight": "destination",
        "country": "BarranquillaBAQ",
        "code": "BAQ"
    },
    {
        "flight": "destination",
        "country": "BogotáBOG",
        "code": "BOG"
    },
    {
        "flight": "destination",
        "country": "BucaramangaBGA",
        "code": "BGA"
    },
    {
        "flight": "destination",
        "country": "CaliCLO",
        "code": "CLO"
    },
    {
        "flight": "destination",
        "country": "CartagenaCTG",
        "code": "CTG"
    },
    {
        "flight": "destination",
        "country": "CúcutaCUC",
        "code": "CUC"
    },
    {
        "flight": "destination",
        "country": "MedellínMDE",
        "code": "MDE"
    },
    {
        "flight": "destination",
        "country": "PereiraPEI",
        "code": "PEI"
    },
    {
        "flight": "destination",
        "country": "San AndrésADZ",
        "code": "ADZ"
    },
    {
        "flight": "destination",
        "country": "Santa MartaSMR",
        "code": "SMR"
    },
    {
        "flight": "destination",
        "country": "San JoséSJO",
        "code": "SJO"
    },
    {
        "flight": "destination",
        "country": "HavanaHAV",
        "code": "HAV"
    },
    {
        "flight": "destination",
        "country": "Santa ClaraSNU",
        "code": "SNU"
    },
    {
        "flight": "destination",
        "country": "Willemstad, CuraçaoCUR",
        "code": "CUR"
    },
    {
        "flight": "destination",
        "country": "Punta CanaPUJ",
        "code": "PUJ"
    },
    {
        "flight": "destination",
        "country": "Santo DomingoSDQ",
        "code": "SDQ"
    },
    {
        "flight": "destination",
        "country": "GuayaquilGYE",
        "code": "GYE"
    },
    {
        "flight": "destination",
        "country": "MantaMEC",
        "code": "MEC"
    },
    {
        "flight": "destination",
        "country": "QuitoUIO",
        "code": "UIO"
    },
    {
        "flight": "destination",
        "country": "San SalvadorSAL",
        "code": "SAL"
    },
    {
        "flight": "destination",
        "country": "Guatemala CityGUA",
        "code": "GUA"
    },
    {
        "flight": "destination",
        "country": "GeorgetownGEO",
        "code": "GEO"
    },
    {
        "flight": "destination",
        "country": "ComayaguaXPL",
        "code": "XPL"
    },
    {
        "flight": "destination",
        "country": "San Pedro SulaSAP",
        "code": "SAP"
    },
    {
        "flight": "destination",
        "country": "KingstonKIN",
        "code": "KIN"
    },
    {
        "flight": "destination",
        "country": "Montego BayMBJ",
        "code": "MBJ"
    },
    {
        "flight": "destination",
        "country": "CancúnCUN",
        "code": "CUN"
    },
    {
        "flight": "destination",
        "country": "GuadalajaraGDL",
        "code": "GDL"
    },
    {
        "flight": "destination",
        "country": "Mexico CityMEX",
        "code": "MEX"
    },
    {
        "flight": "destination",
        "country": "Mexico City Santa LuciaNLU",
        "code": "NLU"
    },
    {
        "flight": "destination",
        "country": "MonterreyMTY",
        "code": "MTY"
    },
    {
        "flight": "destination",
        "country": "ManaguaMGA",
        "code": "MGA"
    },
    {
        "flight": "destination",
        "country": "David, ChiriquíDAV",
        "code": "DAV"
    },
    {
        "flight": "destination",
        "country": "Panama CityPTY",
        "code": "PTY"
    },
    {
        "flight": "destination",
        "country": "AsunciónASU",
        "code": "ASU"
    },
    {
        "flight": "destination",
        "country": "ChiclayoCIX",
        "code": "CIX"
    },
    {
        "flight": "destination",
        "country": "LimaLIM",
        "code": "LIM"
    },
    {
        "flight": "destination",
        "country": "San JuanSJU",
        "code": "SJU"
    },
    {
        "flight": "destination",
        "country": "Sint MaartenSXM",
        "code": "SXM"
    },
    {
        "flight": "destination",
        "country": "ParamariboPBM",
        "code": "PBM"
    },
    {
        "flight": "destination",
        "country": "Port of SpainPOS",
        "code": "POS"
    },
    {
        "flight": "destination",
        "country": "AtlantaATL",
        "code": "ATL"
    },
    {
        "flight": "destination",
        "country": "AustinAUS",
        "code": "AUS"
    },
    {
        "flight": "destination",
        "country": "Baltimore-WashingtonBWI",
        "code": "BWI"
    },
    {
        "flight": "destination",
        "country": "BostonBOS",
        "code": "BOS"
    },
    {
        "flight": "destination",
        "country": "ChicagoORD",
        "code": "ORD"
    },
    {
        "flight": "destination",
        "country": "DenverDEN",
        "code": "DEN"
    },
    {
        "flight": "destination",
        "country": "Fort LauderdaleFLL",
        "code": "FLL"
    },
    {
        "flight": "destination",
        "country": "Las VegasLAS",
        "code": "LAS"
    },
    {
        "flight": "destination",
        "country": "Los AngelesLAX",
        "code": "LAX"
    },
    {
        "flight": "destination",
        "country": "MiamiMIA",
        "code": "MIA"
    },
    {
        "flight": "destination",
        "country": "New York CityJFK",
        "code": "JFK"
    },
    {
        "flight": "destination",
        "country": "OrlandoMCO",
        "code": "MCO"
    },
    {
        "flight": "destination",
        "country": "San FranciscoSFO",
        "code": "SFO"
    },
    {
        "flight": "destination",
        "country": "TampaTPA",
        "code": "TPA"
    },
    {
        "flight": "destination",
        "country": "WashingtonIAD",
        "code": "IAD"
    },
    {
        "flight": "destination",
        "country": "MontevideoMVD",
        "code": "MVD"
    },
    {
        "flight": "destination",
        "country": "BarcelonaBLA",
        "code": "BLA"
    },
    {
        "flight": "destination",
        "country": "BarquisimetoBRM",
        "code": "BRM"
    },
    {
        "flight": "destination",
        "country": "CaracasCCS",
        "code": "CCS"
    },
    {
        "flight": "destination",
        "country": "MaracaiboMAR",
        "code": "MAR"
    },
    {
        "flight": "destination",
        "country": "ValenciaVLN",
        "code": "VLN"
    },
    {
        "flight": "departure",
        "country": "Buenos AiresEZE",
        "code": "EZE"
    },
    {
        "flight": "departure",
        "country": "CórdobaCOR",
        "code": "COR"
    },
    {
        "flight": "departure",
        "country": "MendozaMDZ",
        "code": "MDZ"
    },
    {
        "flight": "departure",
        "country": "RosarioROS",
        "code": "ROS"
    },
    {
        "flight": "departure",
        "country": "ArubaAUA",
        "code": "AUA"
    },
    {
        "flight": "departure",
        "country": "NassauNAS",
        "code": "NAS"
    },
    {
        "flight": "departure",
        "country": "BridgetownBGI",
        "code": "BGI"
    },
    {
        "flight": "departure",
        "country": "Belize CityBZE",
        "code": "BZE"
    },
    {
        "flight": "departure",
        "country": "Santa Cruz de la SierraVVI",
        "code": "VVI"
    },
    {
        "flight": "departure",
        "country": "Belo HorizonteCNF",
        "code": "CNF"
    },
    {
        "flight": "departure",
        "country": "BrasíliaBSB",
        "code": "BSB"
    },
    {
        "flight": "departure",
        "country": "ManausMAO",
        "code": "MAO"
    },
    {
        "flight": "departure",
        "country": "Porto AlegrePOA",
        "code": "POA"
    },
    {
        "flight": "departure",
        "country": "Rio de JaneiroGIG",
        "code": "GIG"
    },
    {
        "flight": "departure",
        "country": "São PauloGRU",
        "code": "GRU"
    },
    {
        "flight": "departure",
        "country": "MontrealYUL",
        "code": "YUL"
    },
    {
        "flight": "departure",
        "country": "TorontoYYZ",
        "code": "YYZ"
    },
    {
        "flight": "departure",
        "country": "Santiago de ChileSCL",
        "code": "SCL"
    },
    {
        "flight": "departure",
        "country": "ArmeniaAXM",
        "code": "AXM"
    },
    {
        "flight": "departure",
        "country": "BarranquillaBAQ",
        "code": "BAQ"
    },
    {
        "flight": "departure",
        "country": "BogotáBOG",
        "code": "BOG"
    },
    {
        "flight": "departure",
        "country": "BucaramangaBGA",
        "code": "BGA"
    },
    {
        "flight": "departure",
        "country": "CaliCLO",
        "code": "CLO"
    },
    {
        "flight": "departure",
        "country": "CartagenaCTG",
        "code": "CTG"
    },
    {
        "flight": "departure",
        "country": "CúcutaCUC",
        "code": "CUC"
    },
    {
        "flight": "departure",
        "country": "MedellínMDE",
        "code": "MDE"
    },
    {
        "flight": "departure",
        "country": "PereiraPEI",
        "code": "PEI"
    },
    {
        "flight": "departure",
        "country": "San AndrésADZ",
        "code": "ADZ"
    },
    {
        "flight": "departure",
        "country": "Santa MartaSMR",
        "code": "SMR"
    },
    {
        "flight": "departure",
        "country": "San JoséSJO",
        "code": "SJO"
    },
    {
        "flight": "departure",
        "country": "HavanaHAV",
        "code": "HAV"
    },
    {
        "flight": "departure",
        "country": "Santa ClaraSNU",
        "code": "SNU"
    },
    {
        "flight": "departure",
        "country": "Willemstad, CuraçaoCUR",
        "code": "CUR"
    },
    {
        "flight": "departure",
        "country": "Punta CanaPUJ",
        "code": "PUJ"
    },
    {
        "flight": "departure",
        "country": "Santo DomingoSDQ",
        "code": "SDQ"
    },
    {
        "flight": "departure",
        "country": "GuayaquilGYE",
        "code": "GYE"
    },
    {
        "flight": "departure",
        "country": "MantaMEC",
        "code": "MEC"
    },
    {
        "flight": "departure",
        "country": "QuitoUIO",
        "code": "UIO"
    },
    {
        "flight": "departure",
        "country": "San SalvadorSAL",
        "code": "SAL"
    },
    {
        "flight": "departure",
        "country": "Guatemala CityGUA",
        "code": "GUA"
    },
    {
        "flight": "departure",
        "country": "GeorgetownGEO",
        "code": "GEO"
    },
    {
        "flight": "departure",
        "country": "ComayaguaXPL",
        "code": "XPL"
    },
    {
        "flight": "departure",
        "country": "San Pedro SulaSAP",
        "code": "SAP"
    },
    {
        "flight": "departure",
        "country": "KingstonKIN",
        "code": "KIN"
    },
    {
        "flight": "departure",
        "country": "Montego BayMBJ",
        "code": "MBJ"
    },
    {
        "flight": "departure",
        "country": "CancúnCUN",
        "code": "CUN"
    },
    {
        "flight": "departure",
        "country": "GuadalajaraGDL",
        "code": "GDL"
    },
    {
        "flight": "departure",
        "country": "Mexico CityMEX",
        "code": "MEX"
    },
    {
        "flight": "departure",
        "country": "Mexico City Santa LuciaNLU",
        "code": "NLU"
    },
    {
        "flight": "departure",
        "country": "MonterreyMTY",
        "code": "MTY"
    },
    {
        "flight": "departure",
        "country": "ManaguaMGA",
        "code": "MGA"
    },
    {
        "flight": "departure",
        "country": "David, ChiriquíDAV",
        "code": "DAV"
    },
    {
        "flight": "departure",
        "country": "Panama CityPTY",
        "code": "PTY"
    },
    {
        "flight": "departure",
        "country": "AsunciónASU",
        "code": "ASU"
    },
    {
        "flight": "departure",
        "country": "ChiclayoCIX",
        "code": "CIX"
    },
    {
        "flight": "departure",
        "country": "LimaLIM",
        "code": "LIM"
    },
    {
        "flight": "departure",
        "country": "San JuanSJU",
        "code": "SJU"
    },
    {
        "flight": "departure",
        "country": "Sint MaartenSXM",
        "code": "SXM"
    },
    {
        "flight": "departure",
        "country": "ParamariboPBM",
        "code": "PBM"
    },
    {
        "flight": "departure",
        "country": "Port of SpainPOS",
        "code": "POS"
    },
    {
        "flight": "departure",
        "country": "AtlantaATL",
        "code": "ATL"
    },
    {
        "flight": "departure",
        "country": "AustinAUS",
        "code": "AUS"
    },
    {
        "flight": "departure",
        "country": "Baltimore-WashingtonBWI",
        "code": "BWI"
    },
    {
        "flight": "departure",
        "country": "BostonBOS",
        "code": "BOS"
    },
    {
        "flight": "departure",
        "country": "ChicagoORD",
        "code": "ORD"
    },
    {
        "flight": "departure",
        "country": "DenverDEN",
        "code": "DEN"
    },
    {
        "flight": "departure",
        "country": "Fort LauderdaleFLL",
        "code": "FLL"
    },
    {
        "flight": "departure",
        "country": "Las VegasLAS",
        "code": "LAS"
    },
    {
        "flight": "departure",
        "country": "Los AngelesLAX",
        "code": "LAX"
    },
    {
        "flight": "departure",
        "country": "MiamiMIA",
        "code": "MIA"
    },
    {
        "flight": "departure",
        "country": "New York CityJFK",
        "code": "JFK"
    },
    {
        "flight": "departure",
        "country": "OrlandoMCO",
        "code": "MCO"
    },
    {
        "flight": "departure",
        "country": "San FranciscoSFO",
        "code": "SFO"
    },
    {
        "flight": "departure",
        "country": "TampaTPA",
        "code": "TPA"
    },
    {
        "flight": "departure",
        "country": "WashingtonIAD",
        "code": "IAD"
    },
    {
        "flight": "departure",
        "country": "MontevideoMVD",
        "code": "MVD"
    },
    {
        "flight": "departure",
        "country": "BarcelonaBLA",
        "code": "BLA"
    },
    {
        "flight": "departure",
        "country": "BarquisimetoBRM",
        "code": "BRM"
    },
    {
        "flight": "departure",
        "country": "CaracasCCS",
        "code": "CCS"
    },
    {
        "flight": "departure",
        "country": "MaracaiboMAR",
        "code": "MAR"
    },
    {
        "flight": "departure",
        "country": "ValenciaVLN",
        "code": "VLN"
    }
]