[
    {
        "flight": "destination",
        "country": "AksuAKU",
        "code": "AKU"
    },
    {
        "flight": "destination",
        "country": "AnqingAQG",
        "code": "AQG"
    },
    {
        "flight": "destination",
        "country": "BaotouBAV",
        "code": "BAV"
    },
    {
        "flight": "destination",
        "country": "BayannurRLK",
        "code": "RLK"
    },
    {
        "flight": "destination",
        "country": "BeihaiBHY",
        "code": "BHY"
    },
    {
        "flight": "destination",
        "country": "Beijing DaxingPKX",
        "code": "PKX"
    },
    {
        "flight": "destination",
        "country": "Changchun and Jilin CityCGQ",
        "code": "CGQ"
    },
    {
        "flight": "destination",
        "country": "ChangshaCSX",
        "code": "CSX"
    },
    {
        "flight": "destination",
        "country": "ChengduTFU",
        "code": "TFU"
    },
    {
        "flight": "destination",
        "country": "ChengduCTU",
        "code": "CTU"
    },
    {
        "flight": "destination",
        "country": "ChenzhouHCZ",
        "code": "HCZ"
    },
    {
        "flight": "destination",
        "country": "ChizhouJUH",
        "code": "JUH"
    },
    {
        "flight": "destination",
        "country": "ChongqingCKG",
        "code": "CKG"
    },
    {
        "flight": "destination",
        "country": "DalianDLC",
        "code": "DLC"
    },
    {
        "flight": "destination",
        "country": "DaqingDQA",
        "code": "DQA"
    },
    {
        "flight": "destination",
        "country": "DazhouDZH",
        "code": "DZH"
    },
    {
        "flight": "destination",
        "country": "DunhuangDNH",
        "code": "DNH"
    },
    {
        "flight": "destination",
        "country": "Fuyuan, HeilongjiangFYJ",
        "code": "FYJ"
    },
    {
        "flight": "destination",
        "country": "FuzhouFOC",
        "code": "FOC"
    },
    {
        "flight": "destination",
        "country": "GuangyuanGYS",
        "code": "GYS"
    },
    {
        "flight": "destination",
        "country": "GuangzhouCAN",
        "code": "CAN"
    },
    {
        "flight": "destination",
        "country": "GuiyangKWE",
        "code": "KWE"
    },
    {
        "flight": "destination",
        "country": "GuyuanGYU",
        "code": "GYU"
    },
    {
        "flight": "destination",
        "country": "HaikouHAK",
        "code": "HAK"
    },
    {
        "flight": "destination",
        "country": "HailarHLD",
        "code": "HLD"
    },
    {
        "flight": "destination",
        "country": "HangzhouHGH",
        "code": "HGH"
    },
    {
        "flight": "destination",
        "country": "HarbinHRB",
        "code": "HRB"
    },
    {
        "flight": "destination",
        "country": "HefeiHFE",
        "code": "HFE"
    },
    {
        "flight": "destination",
        "country": "HeiheHEK",
        "code": "HEK"
    },
    {
        "flight": "destination",
        "country": "HengyangHNY",
        "code": "HNY"
    },
    {
        "flight": "destination",
        "country": "HezeHZA",
        "code": "HZA"
    },
    {
        "flight": "destination",
        "country": "HohhotHET",
        "code": "HET"
    },
    {
        "flight": "destination",
        "country": "HotanHTN",
        "code": "HTN"
    },
    {
        "flight": "destination",
        "country": "Huangshan CityTXN",
        "code": "TXN"
    },
    {
        "flight": "destination",
        "country": "Ji'anJGS",
        "code": "JGS"
    },
    {
        "flight": "destination",
        "country": "JiagedaqiJGD",
        "code": "JGD"
    },
    {
        "flight": "destination",
        "country": "JiamusiJMU",
        "code": "JMU"
    },
    {
        "flight": "destination",
        "country": "JiansanjiangJSJ",
        "code": "JSJ"
    },
    {
        "flight": "destination",
        "country": "Jiayuguan and JiuquanJGN",
        "code": "JGN"
    },
    {
        "flight": "destination",
        "country": "JinanTNA",
        "code": "TNA"
    },
    {
        "flight": "destination",
        "country": "JinchangJIC",
        "code": "JIC"
    },
    {
        "flight": "destination",
        "country": "JinghongJHG",
        "code": "JHG"
    },
    {
        "flight": "destination",
        "country": "JiningJNG",
        "code": "JNG"
    },
    {
        "flight": "destination",
        "country": "KaramayKRY",
        "code": "KRY"
    },
    {
        "flight": "destination",
        "country": "KorlaKRL",
        "code": "KRL"
    },
    {
        "flight": "destination",
        "country": "KunmingKMG",
        "code": "KMG"
    },
    {
        "flight": "destination",
        "country": "LanzhouLHW",
        "code": "LHW"
    },
    {
        "flight": "destination",
        "country": "LhasaLXA",
        "code": "LXA"
    },
    {
        "flight": "destination",
        "country": "LianyungangLYG",
        "code": "LYG"
    },
    {
        "flight": "destination",
        "country": "LijiangLJG",
        "code": "LJG"
    },
    {
        "flight": "destination",
        "country": "LüliangLLV",
        "code": "LLV"
    },
    {
        "flight": "destination",
        "country": "LuoyangLYA",
        "code": "LYA"
    },
    {
        "flight": "destination",
        "country": "LuzhouLZO",
        "code": "LZO"
    },
    {
        "flight": "destination",
        "country": "ManzhouliNZH",
        "code": "NZH"
    },
    {
        "flight": "destination",
        "country": "MoheOHE",
        "code": "OHE"
    },
    {
        "flight": "destination",
        "country": "MudanjiangMDG",
        "code": "MDG"
    },
    {
        "flight": "destination",
        "country": "NanchangKHN",
        "code": "KHN"
    },
    {
        "flight": "destination",
        "country": "NanjingNKG",
        "code": "NKG"
    },
    {
        "flight": "destination",
        "country": "NanningNNG",
        "code": "NNG"
    },
    {
        "flight": "destination",
        "country": "NingboNGB",
        "code": "NGB"
    },
    {
        "flight": "destination",
        "country": "Ordos CityDSN",
        "code": "DSN"
    },
    {
        "flight": "destination",
        "country": "QingdaoTAO",
        "code": "TAO"
    },
    {
        "flight": "destination",
        "country": "QinhuangdaoBPE",
        "code": "BPE"
    },
    {
        "flight": "destination",
        "country": "QuanzhouJJN",
        "code": "JJN"
    },
    {
        "flight": "destination",
        "country": "Ruoqiang LoulanRQA",
        "code": "RQA"
    },
    {
        "flight": "destination",
        "country": "SanyaSYX",
        "code": "SYX"
    },
    {
        "flight": "destination",
        "country": "ShanghaiSHA",
        "code": "SHA"
    },
    {
        "flight": "destination",
        "country": "ShanghaiPVG",
        "code": "PVG"
    },
    {
        "flight": "destination",
        "country": "ShantouSWA",
        "code": "SWA"
    },
    {
        "flight": "destination",
        "country": "ShaoguanHSC",
        "code": "HSC"
    },
    {
        "flight": "destination",
        "country": "ShenyangSHE",
        "code": "SHE"
    },
    {
        "flight": "destination",
        "country": "ShenzhenSZX",
        "code": "SZX"
    },
    {
        "flight": "destination",
        "country": "ShiheziSHF",
        "code": "SHF"
    },
    {
        "flight": "destination",
        "country": "ShijiazhuangSJW",
        "code": "SJW"
    },
    {
        "flight": "destination",
        "country": "TaiyuanTYN",
        "code": "TYN"
    },
    {
        "flight": "destination",
        "country": "TaizhouHYN",
        "code": "HYN"
    },
    {
        "flight": "destination",
        "country": "TianjinTSN",
        "code": "TSN"
    },
    {
        "flight": "destination",
        "country": "TongliaoTGO",
        "code": "TGO"
    },
    {
        "flight": "destination",
        "country": "TratTCG",
        "code": "TCG"
    },
    {
        "flight": "destination",
        "country": "TurpanTLQ",
        "code": "TLQ"
    },
    {
        "flight": "destination",
        "country": "UlanhotHLH",
        "code": "HLH"
    },
    {
        "flight": "destination",
        "country": "UrumqiURC",
        "code": "URC"
    },
    {
        "flight": "destination",
        "country": "WeihaiWEH",
        "code": "WEH"
    },
    {
        "flight": "destination",
        "country": "WenzhouWNZ",
        "code": "WNZ"
    },
    {
        "flight": "destination",
        "country": "WuhanWUH",
        "code": "WUH"
    },
    {
        "flight": "destination",
        "country": "WuzhouWUZ",
        "code": "WUZ"
    },
    {
        "flight": "destination",
        "country": "Xi'anXIY",
        "code": "XIY"
    },
    {
        "flight": "destination",
        "country": "XiamenXMN",
        "code": "XMN"
    },
    {
        "flight": "destination",
        "country": "XichangXIC",
        "code": "XIC"
    },
    {
        "flight": "destination",
        "country": "XilinhotXIL",
        "code": "XIL"
    },
    {
        "flight": "destination",
        "country": "Xingyi, GuizhouACX",
        "code": "ACX"
    },
    {
        "flight": "destination",
        "country": "XiningXNN",
        "code": "XNN"
    },
    {
        "flight": "destination",
        "country": "YanchengYNZ",
        "code": "YNZ"
    },
    {
        "flight": "destination",
        "country": "YantaiYNT",
        "code": "YNT"
    },
    {
        "flight": "destination",
        "country": "Yarkant (Shache)QSZ",
        "code": "QSZ"
    },
    {
        "flight": "destination",
        "country": "YibinYBP",
        "code": "YBP"
    },
    {
        "flight": "destination",
        "country": "YichangYIH",
        "code": "YIH"
    },
    {
        "flight": "destination",
        "country": "YiningYIN",
        "code": "YIN"
    },
    {
        "flight": "destination",
        "country": "YueyangYYA",
        "code": "YYA"
    },
    {
        "flight": "destination",
        "country": "ZhalantunNZL",
        "code": "NZL"
    },
    {
        "flight": "destination",
        "country": "ZhangjiajieDYG",
        "code": "DYG"
    },
    {
        "flight": "destination",
        "country": "ZhangyeYZY",
        "code": "YZY"
    },
    {
        "flight": "destination",
        "country": "ZhaosuZFL",
        "code": "ZFL"
    },
    {
        "flight": "destination",
        "country": "ZhengzhouCGO",
        "code": "CGO"
    },
    {
        "flight": "destination",
        "country": "ZhoushanHSN",
        "code": "HSN"
    },
    {
        "flight": "destination",
        "country": "ZhuhaiZUH",
        "code": "ZUH"
    },
    {
        "flight": "destination",
        "country": "ZunyiZYI",
        "code": "ZYI"
    },
    {
        "flight": "destination",
        "country": "ZunyiWMT",
        "code": "WMT"
    },
    {
        "flight": "destination",
        "country": "IbarakiIBR",
        "code": "IBR"
    },
    {
        "flight": "destination",
        "country": "VladivostokVVO",
        "code": "VVO"
    },
    {
        "flight": "destination",
        "country": "Ko SamuiUSM",
        "code": "USM"
    },
    {
        "flight": "departure",
        "country": "AksuAKU",
        "code": "AKU"
    },
    {
        "flight": "departure",
        "country": "AnqingAQG",
        "code": "AQG"
    },
    {
        "flight": "departure",
        "country": "BaotouBAV",
        "code": "BAV"
    },
    {
        "flight": "departure",
        "country": "BayannurRLK",
        "code": "RLK"
    },
    {
        "flight": "departure",
        "country": "BeihaiBHY",
        "code": "BHY"
    },
    {
        "flight": "departure",
        "country": "Beijing DaxingPKX",
        "code": "PKX"
    },
    {
        "flight": "departure",
        "country": "Changchun and Jilin CityCGQ",
        "code": "CGQ"
    },
    {
        "flight": "departure",
        "country": "ChangshaCSX",
        "code": "CSX"
    },
    {
        "flight": "departure",
        "country": "ChengduTFU",
        "code": "TFU"
    },
    {
        "flight": "departure",
        "country": "ChengduCTU",
        "code": "CTU"
    },
    {
        "flight": "departure",
        "country": "ChenzhouHCZ",
        "code": "HCZ"
    },
    {
        "flight": "departure",
        "country": "ChizhouJUH",
        "code": "JUH"
    },
    {
        "flight": "departure",
        "country": "ChongqingCKG",
        "code": "CKG"
    },
    {
        "flight": "departure",
        "country": "DalianDLC",
        "code": "DLC"
    },
    {
        "flight": "departure",
        "country": "DaqingDQA",
        "code": "DQA"
    },
    {
        "flight": "departure",
        "country": "DazhouDZH",
        "code": "DZH"
    },
    {
        "flight": "departure",
        "country": "DunhuangDNH",
        "code": "DNH"
    },
    {
        "flight": "departure",
        "country": "Fuyuan, HeilongjiangFYJ",
        "code": "FYJ"
    },
    {
        "flight": "departure",
        "country": "FuzhouFOC",
        "code": "FOC"
    },
    {
        "flight": "departure",
        "country": "GuangyuanGYS",
        "code": "GYS"
    },
    {
        "flight": "departure",
        "country": "GuangzhouCAN",
        "code": "CAN"
    },
    {
        "flight": "departure",
        "country": "GuiyangKWE",
        "code": "KWE"
    },
    {
        "flight": "departure",
        "country": "GuyuanGYU",
        "code": "GYU"
    },
    {
        "flight": "departure",
        "country": "HaikouHAK",
        "code": "HAK"
    },
    {
        "flight": "departure",
        "country": "HailarHLD",
        "code": "HLD"
    },
    {
        "flight": "departure",
        "country": "HangzhouHGH",
        "code": "HGH"
    },
    {
        "flight": "departure",
        "country": "HarbinHRB",
        "code": "HRB"
    },
    {
        "flight": "departure",
        "country": "HefeiHFE",
        "code": "HFE"
    },
    {
        "flight": "departure",
        "country": "HeiheHEK",
        "code": "HEK"
    },
    {
        "flight": "departure",
        "country": "HengyangHNY",
        "code": "HNY"
    },
    {
        "flight": "departure",
        "country": "HezeHZA",
        "code": "HZA"
    },
    {
        "flight": "departure",
        "country": "HohhotHET",
        "code": "HET"
    },
    {
        "flight": "departure",
        "country": "HotanHTN",
        "code": "HTN"
    },
    {
        "flight": "departure",
        "country": "Huangshan CityTXN",
        "code": "TXN"
    },
    {
        "flight": "departure",
        "country": "Ji'anJGS",
        "code": "JGS"
    },
    {
        "flight": "departure",
        "country": "JiagedaqiJGD",
        "code": "JGD"
    },
    {
        "flight": "departure",
        "country": "JiamusiJMU",
        "code": "JMU"
    },
    {
        "flight": "departure",
        "country": "JiansanjiangJSJ",
        "code": "JSJ"
    },
    {
        "flight": "departure",
        "country": "Jiayuguan and JiuquanJGN",
        "code": "JGN"
    },
    {
        "flight": "departure",
        "country": "JinanTNA",
        "code": "TNA"
    },
    {
        "flight": "departure",
        "country": "JinchangJIC",
        "code": "JIC"
    },
    {
        "flight": "departure",
        "country": "JinghongJHG",
        "code": "JHG"
    },
    {
        "flight": "departure",
        "country": "JiningJNG",
        "code": "JNG"
    },
    {
        "flight": "departure",
        "country": "KaramayKRY",
        "code": "KRY"
    },
    {
        "flight": "departure",
        "country": "KorlaKRL",
        "code": "KRL"
    },
    {
        "flight": "departure",
        "country": "KunmingKMG",
        "code": "KMG"
    },
    {
        "flight": "departure",
        "country": "LanzhouLHW",
        "code": "LHW"
    },
    {
        "flight": "departure",
        "country": "LhasaLXA",
        "code": "LXA"
    },
    {
        "flight": "departure",
        "country": "LianyungangLYG",
        "code": "LYG"
    },
    {
        "flight": "departure",
        "country": "LijiangLJG",
        "code": "LJG"
    },
    {
        "flight": "departure",
        "country": "LüliangLLV",
        "code": "LLV"
    },
    {
        "flight": "departure",
        "country": "LuoyangLYA",
        "code": "LYA"
    },
    {
        "flight": "departure",
        "country": "LuzhouLZO",
        "code": "LZO"
    },
    {
        "flight": "departure",
        "country": "ManzhouliNZH",
        "code": "NZH"
    },
    {
        "flight": "departure",
        "country": "MoheOHE",
        "code": "OHE"
    },
    {
        "flight": "departure",
        "country": "MudanjiangMDG",
        "code": "MDG"
    },
    {
        "flight": "departure",
        "country": "NanchangKHN",
        "code": "KHN"
    },
    {
        "flight": "departure",
        "country": "NanjingNKG",
        "code": "NKG"
    },
    {
        "flight": "departure",
        "country": "NanningNNG",
        "code": "NNG"
    },
    {
        "flight": "departure",
        "country": "NingboNGB",
        "code": "NGB"
    },
    {
        "flight": "departure",
        "country": "Ordos CityDSN",
        "code": "DSN"
    },
    {
        "flight": "departure",
        "country": "QingdaoTAO",
        "code": "TAO"
    },
    {
        "flight": "departure",
        "country": "QinhuangdaoBPE",
        "code": "BPE"
    },
    {
        "flight": "departure",
        "country": "QuanzhouJJN",
        "code": "JJN"
    },
    {
        "flight": "departure",
        "country": "Ruoqiang LoulanRQA",
        "code": "RQA"
    },
    {
        "flight": "departure",
        "country": "SanyaSYX",
        "code": "SYX"
    },
    {
        "flight": "departure",
        "country": "ShanghaiSHA",
        "code": "SHA"
    },
    {
        "flight": "departure",
        "country": "ShanghaiPVG",
        "code": "PVG"
    },
    {
        "flight": "departure",
        "country": "ShantouSWA",
        "code": "SWA"
    },
    {
        "flight": "departure",
        "country": "ShaoguanHSC",
        "code": "HSC"
    },
    {
        "flight": "departure",
        "country": "ShenyangSHE",
        "code": "SHE"
    },
    {
        "flight": "departure",
        "country": "ShenzhenSZX",
        "code": "SZX"
    },
    {
        "flight": "departure",
        "country": "ShiheziSHF",
        "code": "SHF"
    },
    {
        "flight": "departure",
        "country": "ShijiazhuangSJW",
        "code": "SJW"
    },
    {
        "flight": "departure",
        "country": "TaiyuanTYN",
        "code": "TYN"
    },
    {
        "flight": "departure",
        "country": "TaizhouHYN",
        "code": "HYN"
    },
    {
        "flight": "departure",
        "country": "TianjinTSN",
        "code": "TSN"
    },
    {
        "flight": "departure",
        "country": "TongliaoTGO",
        "code": "TGO"
    },
    {
        "flight": "departure",
        "country": "TratTCG",
        "code": "TCG"
    },
    {
        "flight": "departure",
        "country": "TurpanTLQ",
        "code": "TLQ"
    },
    {
        "flight": "departure",
        "country": "UlanhotHLH",
        "code": "HLH"
    },
    {
        "flight": "departure",
        "country": "UrumqiURC",
        "code": "URC"
    },
    {
        "flight": "departure",
        "country": "WeihaiWEH",
        "code": "WEH"
    },
    {
        "flight": "departure",
        "country": "WenzhouWNZ",
        "code": "WNZ"
    },
    {
        "flight": "departure",
        "country": "WuhanWUH",
        "code": "WUH"
    },
    {
        "flight": "departure",
        "country": "WuzhouWUZ",
        "code": "WUZ"
    },
    {
        "flight": "departure",
        "country": "Xi'anXIY",
        "code": "XIY"
    },
    {
        "flight": "departure",
        "country": "XiamenXMN",
        "code": "XMN"
    },
    {
        "flight": "departure",
        "country": "XichangXIC",
        "code": "XIC"
    },
    {
        "flight": "departure",
        "country": "XilinhotXIL",
        "code": "XIL"
    },
    {
        "flight": "departure",
        "country": "Xingyi, GuizhouACX",
        "code": "ACX"
    },
    {
        "flight": "departure",
        "country": "XiningXNN",
        "code": "XNN"
    },
    {
        "flight": "departure",
        "country": "YanchengYNZ",
        "code": "YNZ"
    },
    {
        "flight": "departure",
        "country": "YantaiYNT",
        "code": "YNT"
    },
    {
        "flight": "departure",
        "country": "Yarkant (Shache)QSZ",
        "code": "QSZ"
    },
    {
        "flight": "departure",
        "country": "YibinYBP",
        "code": "YBP"
    },
    {
        "flight": "departure",
        "country": "YichangYIH",
        "code": "YIH"
    },
    {
        "flight": "departure",
        "country": "YiningYIN",
        "code": "YIN"
    },
    {
        "flight": "departure",
        "country": "YueyangYYA",
        "code": "YYA"
    },
    {
        "flight": "departure",
        "country": "ZhalantunNZL",
        "code": "NZL"
    },
    {
        "flight": "departure",
        "country": "ZhangjiajieDYG",
        "code": "DYG"
    },
    {
        "flight": "departure",
        "country": "ZhangyeYZY",
        "code": "YZY"
    },
    {
        "flight": "departure",
        "country": "ZhaosuZFL",
        "code": "ZFL"
    },
    {
        "flight": "departure",
        "country": "ZhengzhouCGO",
        "code": "CGO"
    },
    {
        "flight": "departure",
        "country": "ZhoushanHSN",
        "code": "HSN"
    },
    {
        "flight": "departure",
        "country": "ZhuhaiZUH",
        "code": "ZUH"
    },
    {
        "flight": "departure",
        "country": "ZunyiZYI",
        "code": "ZYI"
    },
    {
        "flight": "departure",
        "country": "ZunyiWMT",
        "code": "WMT"
    },
    {
        "flight": "departure",
        "country": "IbarakiIBR",
        "code": "IBR"
    },
    {
        "flight": "departure",
        "country": "VladivostokVVO",
        "code": "VVO"
    },
    {
        "flight": "departure",
        "country": "Ko SamuiUSM",
        "code": "USM"
    }
]