[
    {
        "flight": "destination",
        "country": "TiranaTIA",
        "code": "TIA"
    },
    {
        "flight": "destination",
        "country": "AlgiersALG",
        "code": "ALG"
    },
    {
        "flight": "destination",
        "country": "OranORN",
        "code": "ORN"
    },
    {
        "flight": "destination",
        "country": "LuandaLAD",
        "code": "LAD"
    },
    {
        "flight": "destination",
        "country": "Buenos AiresEZE",
        "code": "EZE"
    },
    {
        "flight": "destination",
        "country": "YerevanEVN",
        "code": "EVN"
    },
    {
        "flight": "destination",
        "country": "InnsbruckINN",
        "code": "INN"
    },
    {
        "flight": "destination",
        "country": "ViennaVIE",
        "code": "VIE"
    },
    {
        "flight": "destination",
        "country": "CotonouCOO",
        "code": "COO"
    },
    {
        "flight": "destination",
        "country": "BelémBEL",
        "code": "BEL"
    },
    {
        "flight": "destination",
        "country": "FortalezaFOR",
        "code": "FOR"
    },
    {
        "flight": "destination",
        "country": "Rio de JaneiroGIG",
        "code": "GIG"
    },
    {
        "flight": "destination",
        "country": "São PauloGRU",
        "code": "GRU"
    },
    {
        "flight": "destination",
        "country": "OuagadougouOUA",
        "code": "OUA"
    },
    {
        "flight": "destination",
        "country": "DoualaDLA",
        "code": "DLA"
    },
    {
        "flight": "destination",
        "country": "YaoundéNSI",
        "code": "NSI"
    },
    {
        "flight": "destination",
        "country": "MontrealYUL",
        "code": "YUL"
    },
    {
        "flight": "destination",
        "country": "OttawaYOW",
        "code": "YOW"
    },
    {
        "flight": "destination",
        "country": "Quebec CityYQB",
        "code": "YQB"
    },
    {
        "flight": "destination",
        "country": "TorontoYYZ",
        "code": "YYZ"
    },
    {
        "flight": "destination",
        "country": "VancouverYVR",
        "code": "YVR"
    },
    {
        "flight": "destination",
        "country": "BanguiBGF",
        "code": "BGF"
    },
    {
        "flight": "destination",
        "country": "N'DjamenaNDJ",
        "code": "NDJ"
    },
    {
        "flight": "destination",
        "country": "Santiago de ChileSCL",
        "code": "SCL"
    },
    {
        "flight": "destination",
        "country": "BeijingPEK",
        "code": "PEK"
    },
    {
        "flight": "destination",
        "country": "ShanghaiPVG",
        "code": "PVG"
    },
    {
        "flight": "destination",
        "country": "BogotáBOG",
        "code": "BOG"
    },
    {
        "flight": "destination",
        "country": "San JoséSJO",
        "code": "SJO"
    },
    {
        "flight": "destination",
        "country": "AbidjanABJ",
        "code": "ABJ"
    },
    {
        "flight": "destination",
        "country": "DubrovnikDBV",
        "code": "DBV"
    },
    {
        "flight": "destination",
        "country": "SplitSPU",
        "code": "SPU"
    },
    {
        "flight": "destination",
        "country": "ZagrebZAG",
        "code": "ZAG"
    },
    {
        "flight": "destination",
        "country": "HavanaHAV",
        "code": "HAV"
    },
    {
        "flight": "destination",
        "country": "PraguePRG",
        "code": "PRG"
    },
    {
        "flight": "destination",
        "country": "KinshasaFIH",
        "code": "FIH"
    },
    {
        "flight": "destination",
        "country": "BillundBLL",
        "code": "BLL"
    },
    {
        "flight": "destination",
        "country": "CopenhagenCPH",
        "code": "CPH"
    },
    {
        "flight": "destination",
        "country": "DjiboutiJIB",
        "code": "JIB"
    },
    {
        "flight": "destination",
        "country": "CairoCAI",
        "code": "CAI"
    },
    {
        "flight": "destination",
        "country": "MalaboSSG",
        "code": "SSG"
    },
    {
        "flight": "destination",
        "country": "HelsinkiHEL",
        "code": "HEL"
    },
    {
        "flight": "destination",
        "country": "KittiläKTT",
        "code": "KTT"
    },
    {
        "flight": "destination",
        "country": "RovaniemiRVN",
        "code": "RVN"
    },
    {
        "flight": "destination",
        "country": "Ajaccio (Corsica)AJA",
        "code": "AJA"
    },
    {
        "flight": "destination",
        "country": "Bastia (Corsica)BIA",
        "code": "BIA"
    },
    {
        "flight": "destination",
        "country": "BiarritzBIQ",
        "code": "BIQ"
    },
    {
        "flight": "destination",
        "country": "BordeauxBOD",
        "code": "BOD"
    },
    {
        "flight": "destination",
        "country": "BrestBES",
        "code": "BES"
    },
    {
        "flight": "destination",
        "country": "CaenCFR",
        "code": "CFR"
    },
    {
        "flight": "destination",
        "country": "Calvi (Corsica)CLY",
        "code": "CLY"
    },
    {
        "flight": "destination",
        "country": "Clermont-FerrandCFE",
        "code": "CFE"
    },
    {
        "flight": "destination",
        "country": "FigariFSC",
        "code": "FSC"
    },
    {
        "flight": "destination",
        "country": "LyonLYS",
        "code": "LYS"
    },
    {
        "flight": "destination",
        "country": "MarseilleMRS",
        "code": "MRS"
    },
    {
        "flight": "destination",
        "country": "MontpellierMPL",
        "code": "MPL"
    },
    {
        "flight": "destination",
        "country": "NantesNTE",
        "code": "NTE"
    },
    {
        "flight": "destination",
        "country": "NiceNCE",
        "code": "NCE"
    },
    {
        "flight": "destination",
        "country": "ParisCDG",
        "code": "CDG"
    },
    {
        "flight": "destination",
        "country": "Paris (Orly)ORY",
        "code": "ORY"
    },
    {
        "flight": "destination",
        "country": "Pau (Pyrenees)PUF",
        "code": "PUF"
    },
    {
        "flight": "destination",
        "country": "RennesRNS",
        "code": "RNS"
    },
    {
        "flight": "destination",
        "country": "Saint-DenisRUN",
        "code": "RUN"
    },
    {
        "flight": "destination",
        "country": "StrasbourgSXB",
        "code": "SXB"
    },
    {
        "flight": "destination",
        "country": "ToulouseTLS",
        "code": "TLS"
    },
    {
        "flight": "destination",
        "country": "CayenneCAY",
        "code": "CAY"
    },
    {
        "flight": "destination",
        "country": "TahitiPPT",
        "code": "PPT"
    },
    {
        "flight": "destination",
        "country": "LibrevilleLBV",
        "code": "LBV"
    },
    {
        "flight": "destination",
        "country": "TbilisiTBS",
        "code": "TBS"
    },
    {
        "flight": "destination",
        "country": "BerlinBER",
        "code": "BER"
    },
    {
        "flight": "destination",
        "country": "DüsseldorfDUS",
        "code": "DUS"
    },
    {
        "flight": "destination",
        "country": "FrankfurtFRA",
        "code": "FRA"
    },
    {
        "flight": "destination",
        "country": "HamburgHAM",
        "code": "HAM"
    },
    {
        "flight": "destination",
        "country": "HanoverHAJ",
        "code": "HAJ"
    },
    {
        "flight": "destination",
        "country": "MunichMUC",
        "code": "MUC"
    },
    {
        "flight": "destination",
        "country": "NurembergNUE",
        "code": "NUE"
    },
    {
        "flight": "destination",
        "country": "StuttgartSTR",
        "code": "STR"
    },
    {
        "flight": "destination",
        "country": "AccraACC",
        "code": "ACC"
    },
    {
        "flight": "destination",
        "country": "AthensATH",
        "code": "ATH"
    },
    {
        "flight": "destination",
        "country": "Heraklion (Crete)HER",
        "code": "HER"
    },
    {
        "flight": "destination",
        "country": "SantoriniJTR",
        "code": "JTR"
    },
    {
        "flight": "destination",
        "country": "Pointe-à-PitrePTP",
        "code": "PTP"
    },
    {
        "flight": "destination",
        "country": "ConakryCKY",
        "code": "CKY"
    },
    {
        "flight": "destination",
        "country": "Hong KongHKG",
        "code": "HKG"
    },
    {
        "flight": "destination",
        "country": "BudapestBUD",
        "code": "BUD"
    },
    {
        "flight": "destination",
        "country": "BengaluruBLR",
        "code": "BLR"
    },
    {
        "flight": "destination",
        "country": "ChennaiMAA",
        "code": "MAA"
    },
    {
        "flight": "destination",
        "country": "MumbaiBOM",
        "code": "BOM"
    },
    {
        "flight": "destination",
        "country": "New DelhiDEL",
        "code": "DEL"
    },
    {
        "flight": "destination",
        "country": "CorkORK",
        "code": "ORK"
    },
    {
        "flight": "destination",
        "country": "DublinDUB",
        "code": "DUB"
    },
    {
        "flight": "destination",
        "country": "Tel AvivTLV",
        "code": "TLV"
    },
    {
        "flight": "destination",
        "country": "BariBRI",
        "code": "BRI"
    },
    {
        "flight": "destination",
        "country": "BolognaBLQ",
        "code": "BLQ"
    },
    {
        "flight": "destination",
        "country": "CataniaCTA",
        "code": "CTA"
    },
    {
        "flight": "destination",
        "country": "FlorenceFLR",
        "code": "FLR"
    },
    {
        "flight": "destination",
        "country": "Milan (Linate)LIN",
        "code": "LIN"
    },
    {
        "flight": "destination",
        "country": "Milan (Malpensa)MXP",
        "code": "MXP"
    },
    {
        "flight": "destination",
        "country": "NaplesNAP",
        "code": "NAP"
    },
    {
        "flight": "destination",
        "country": "Olbia (Sardinia)OLB",
        "code": "OLB"
    },
    {
        "flight": "destination",
        "country": "PalermoPMO",
        "code": "PMO"
    },
    {
        "flight": "destination",
        "country": "Rome (Fiumicino)FCO",
        "code": "FCO"
    },
    {
        "flight": "destination",
        "country": "TurinTRN",
        "code": "TRN"
    },
    {
        "flight": "destination",
        "country": "Venice Marco PoloVCE",
        "code": "VCE"
    },
    {
        "flight": "destination",
        "country": "OsakaKIX",
        "code": "KIX"
    },
    {
        "flight": "destination",
        "country": "TokyoHND",
        "code": "HND"
    },
    {
        "flight": "destination",
        "country": "TokyoNRT",
        "code": "NRT"
    },
    {
        "flight": "destination",
        "country": "NairobiNBO",
        "code": "NBO"
    },
    {
        "flight": "destination",
        "country": "BeirutBEY",
        "code": "BEY"
    },
    {
        "flight": "destination",
        "country": "AntananarivoTNR",
        "code": "TNR"
    },
    {
        "flight": "destination",
        "country": "BamakoBKO",
        "code": "BKO"
    },
    {
        "flight": "destination",
        "country": "MaltaMLA",
        "code": "MLA"
    },
    {
        "flight": "destination",
        "country": "Fort-de-FranceFDF",
        "code": "FDF"
    },
    {
        "flight": "destination",
        "country": "NouakchottNKC",
        "code": "NKC"
    },
    {
        "flight": "destination",
        "country": "MauritiusMRU",
        "code": "MRU"
    },
    {
        "flight": "destination",
        "country": "CancúnCUN",
        "code": "CUN"
    },
    {
        "flight": "destination",
        "country": "Mexico CityMEX",
        "code": "MEX"
    },
    {
        "flight": "destination",
        "country": "CasablancaCMN",
        "code": "CMN"
    },
    {
        "flight": "destination",
        "country": "MarrakechRAK",
        "code": "RAK"
    },
    {
        "flight": "destination",
        "country": "RabatRBA",
        "code": "RBA"
    },
    {
        "flight": "destination",
        "country": "TangierTNG",
        "code": "TNG"
    },
    {
        "flight": "destination",
        "country": "AmsterdamAMS",
        "code": "AMS"
    },
    {
        "flight": "destination",
        "country": "NiameyNIM",
        "code": "NIM"
    },
    {
        "flight": "destination",
        "country": "AbujaABV",
        "code": "ABV"
    },
    {
        "flight": "destination",
        "country": "LagosLOS",
        "code": "LOS"
    },
    {
        "flight": "destination",
        "country": "BergenBGO",
        "code": "BGO"
    },
    {
        "flight": "destination",
        "country": "OsloOSL",
        "code": "OSL"
    },
    {
        "flight": "destination",
        "country": "TromsøTOS",
        "code": "TOS"
    },
    {
        "flight": "destination",
        "country": "Panama CityPTY",
        "code": "PTY"
    },
    {
        "flight": "destination",
        "country": "LimaLIM",
        "code": "LIM"
    },
    {
        "flight": "destination",
        "country": "KrakowKRK",
        "code": "KRK"
    },
    {
        "flight": "destination",
        "country": "WarsawWAW",
        "code": "WAW"
    },
    {
        "flight": "destination",
        "country": "LisbonLIS",
        "code": "LIS"
    },
    {
        "flight": "destination",
        "country": "PortoOPO",
        "code": "OPO"
    },
    {
        "flight": "destination",
        "country": "BrazzavilleBZV",
        "code": "BZV"
    },
    {
        "flight": "destination",
        "country": "Pointe-NoirePNR",
        "code": "PNR"
    },
    {
        "flight": "destination",
        "country": "BucharestOTP",
        "code": "OTP"
    },
    {
        "flight": "destination",
        "country": "Moscow SheremetyevoSVO",
        "code": "SVO"
    },
    {
        "flight": "destination",
        "country": "DakarDSS",
        "code": "DSS"
    },
    {
        "flight": "destination",
        "country": "FreetownFNA",
        "code": "FNA"
    },
    {
        "flight": "destination",
        "country": "SingaporeSIN",
        "code": "SIN"
    },
    {
        "flight": "destination",
        "country": "Sint MaartenSXM",
        "code": "SXM"
    },
    {
        "flight": "destination",
        "country": "LjubljanaLJU",
        "code": "LJU"
    },
    {
        "flight": "destination",
        "country": "Cape TownCPT",
        "code": "CPT"
    },
    {
        "flight": "destination",
        "country": "JohannesburgJNB",
        "code": "JNB"
    },
    {
        "flight": "destination",
        "country": "SeoulICN",
        "code": "ICN"
    },
    {
        "flight": "destination",
        "country": "BarcelonaBCN",
        "code": "BCN"
    },
    {
        "flight": "destination",
        "country": "BilbaoBIO",
        "code": "BIO"
    },
    {
        "flight": "destination",
        "country": "IbizaIBZ",
        "code": "IBZ"
    },
    {
        "flight": "destination",
        "country": "MadridMAD",
        "code": "MAD"
    },
    {
        "flight": "destination",
        "country": "MálagaAGP",
        "code": "AGP"
    },
    {
        "flight": "destination",
        "country": "Palma de MallorcaPMI",
        "code": "PMI"
    },
    {
        "flight": "destination",
        "country": "SevilleSVQ",
        "code": "SVQ"
    },
    {
        "flight": "destination",
        "country": "ValenciaVLC",
        "code": "VLC"
    },
    {
        "flight": "destination",
        "country": "GothenburgGOT",
        "code": "GOT"
    },
    {
        "flight": "destination",
        "country": "Stockholm (Arlanda)ARN",
        "code": "ARN"
    },
    {
        "flight": "destination",
        "country": "Basel Mulhouse FreiburgBSL",
        "code": "BSL"
    },
    {
        "flight": "destination",
        "country": "GenevaGVA",
        "code": "GVA"
    },
    {
        "flight": "destination",
        "country": "ZürichZRH",
        "code": "ZRH"
    },
    {
        "flight": "destination",
        "country": "Dar es SalaamDAR",
        "code": "DAR"
    },
    {
        "flight": "destination",
        "country": "ZanzibarZNZ",
        "code": "ZNZ"
    },
    {
        "flight": "destination",
        "country": "BangkokBKK",
        "code": "BKK"
    },
    {
        "flight": "destination",
        "country": "LoméLFW",
        "code": "LFW"
    },
    {
        "flight": "destination",
        "country": "DjerbaDJE",
        "code": "DJE"
    },
    {
        "flight": "destination",
        "country": "TunisTUN",
        "code": "TUN"
    },
    {
        "flight": "destination",
        "country": "IstanbulIST",
        "code": "IST"
    },
    {
        "flight": "destination",
        "country": "Abu DhabiAUH",
        "code": "AUH"
    },
    {
        "flight": "destination",
        "country": "DubaiDXB",
        "code": "DXB"
    },
    {
        "flight": "destination",
        "country": "BirminghamBHX",
        "code": "BHX"
    },
    {
        "flight": "destination",
        "country": "EdinburghEDI",
        "code": "EDI"
    },
    {
        "flight": "destination",
        "country": "London HeathrowLHR",
        "code": "LHR"
    },
    {
        "flight": "destination",
        "country": "ManchesterMAN",
        "code": "MAN"
    },
    {
        "flight": "destination",
        "country": "NewcastleNCL",
        "code": "NCL"
    },
    {
        "flight": "destination",
        "country": "AtlantaATL",
        "code": "ATL"
    },
    {
        "flight": "destination",
        "country": "BostonBOS",
        "code": "BOS"
    },
    {
        "flight": "destination",
        "country": "ChicagoORD",
        "code": "ORD"
    },
    {
        "flight": "destination",
        "country": "Dallas-Fort WorthDFW",
        "code": "DFW"
    },
    {
        "flight": "destination",
        "country": "DenverDEN",
        "code": "DEN"
    },
    {
        "flight": "destination",
        "country": "DetroitDTW",
        "code": "DTW"
    },
    {
        "flight": "destination",
        "country": "HoustonIAH",
        "code": "IAH"
    },
    {
        "flight": "destination",
        "country": "Las VegasLAS",
        "code": "LAS"
    },
    {
        "flight": "destination",
        "country": "Los AngelesLAX",
        "code": "LAX"
    },
    {
        "flight": "destination",
        "country": "MiamiMIA",
        "code": "MIA"
    },
    {
        "flight": "destination",
        "country": "MinneapolisMSP",
        "code": "MSP"
    },
    {
        "flight": "destination",
        "country": "New YorkEWR",
        "code": "EWR"
    },
    {
        "flight": "destination",
        "country": "New York CityJFK",
        "code": "JFK"
    },
    {
        "flight": "destination",
        "country": "Raleigh / DurhamRDU",
        "code": "RDU"
    },
    {
        "flight": "destination",
        "country": "San DiegoSAN",
        "code": "SAN"
    },
    {
        "flight": "destination",
        "country": "San FranciscoSFO",
        "code": "SFO"
    },
    {
        "flight": "destination",
        "country": "Seattle / TacomaSEA",
        "code": "SEA"
    },
    {
        "flight": "destination",
        "country": "WashingtonIAD",
        "code": "IAD"
    },
    {
        "flight": "destination",
        "country": "Ho Chi Minh CitySGN",
        "code": "SGN"
    },
    {
        "flight": "departure",
        "country": "TiranaTIA",
        "code": "TIA"
    },
    {
        "flight": "departure",
        "country": "AlgiersALG",
        "code": "ALG"
    },
    {
        "flight": "departure",
        "country": "OranORN",
        "code": "ORN"
    },
    {
        "flight": "departure",
        "country": "LuandaLAD",
        "code": "LAD"
    },
    {
        "flight": "departure",
        "country": "Buenos AiresEZE",
        "code": "EZE"
    },
    {
        "flight": "departure",
        "country": "YerevanEVN",
        "code": "EVN"
    },
    {
        "flight": "departure",
        "country": "InnsbruckINN",
        "code": "INN"
    },
    {
        "flight": "departure",
        "country": "ViennaVIE",
        "code": "VIE"
    },
    {
        "flight": "departure",
        "country": "CotonouCOO",
        "code": "COO"
    },
    {
        "flight": "departure",
        "country": "BelémBEL",
        "code": "BEL"
    },
    {
        "flight": "departure",
        "country": "FortalezaFOR",
        "code": "FOR"
    },
    {
        "flight": "departure",
        "country": "Rio de JaneiroGIG",
        "code": "GIG"
    },
    {
        "flight": "departure",
        "country": "São PauloGRU",
        "code": "GRU"
    },
    {
        "flight": "departure",
        "country": "OuagadougouOUA",
        "code": "OUA"
    },
    {
        "flight": "departure",
        "country": "DoualaDLA",
        "code": "DLA"
    },
    {
        "flight": "departure",
        "country": "YaoundéNSI",
        "code": "NSI"
    },
    {
        "flight": "departure",
        "country": "MontrealYUL",
        "code": "YUL"
    },
    {
        "flight": "departure",
        "country": "OttawaYOW",
        "code": "YOW"
    },
    {
        "flight": "departure",
        "country": "Quebec CityYQB",
        "code": "YQB"
    },
    {
        "flight": "departure",
        "country": "TorontoYYZ",
        "code": "YYZ"
    },
    {
        "flight": "departure",
        "country": "VancouverYVR",
        "code": "YVR"
    },
    {
        "flight": "departure",
        "country": "BanguiBGF",
        "code": "BGF"
    },
    {
        "flight": "departure",
        "country": "N'DjamenaNDJ",
        "code": "NDJ"
    },
    {
        "flight": "departure",
        "country": "Santiago de ChileSCL",
        "code": "SCL"
    },
    {
        "flight": "departure",
        "country": "BeijingPEK",
        "code": "PEK"
    },
    {
        "flight": "departure",
        "country": "ShanghaiPVG",
        "code": "PVG"
    },
    {
        "flight": "departure",
        "country": "BogotáBOG",
        "code": "BOG"
    },
    {
        "flight": "departure",
        "country": "San JoséSJO",
        "code": "SJO"
    },
    {
        "flight": "departure",
        "country": "AbidjanABJ",
        "code": "ABJ"
    },
    {
        "flight": "departure",
        "country": "DubrovnikDBV",
        "code": "DBV"
    },
    {
        "flight": "departure",
        "country": "SplitSPU",
        "code": "SPU"
    },
    {
        "flight": "departure",
        "country": "ZagrebZAG",
        "code": "ZAG"
    },
    {
        "flight": "departure",
        "country": "HavanaHAV",
        "code": "HAV"
    },
    {
        "flight": "departure",
        "country": "PraguePRG",
        "code": "PRG"
    },
    {
        "flight": "departure",
        "country": "KinshasaFIH",
        "code": "FIH"
    },
    {
        "flight": "departure",
        "country": "BillundBLL",
        "code": "BLL"
    },
    {
        "flight": "departure",
        "country": "CopenhagenCPH",
        "code": "CPH"
    },
    {
        "flight": "departure",
        "country": "DjiboutiJIB",
        "code": "JIB"
    },
    {
        "flight": "departure",
        "country": "CairoCAI",
        "code": "CAI"
    },
    {
        "flight": "departure",
        "country": "MalaboSSG",
        "code": "SSG"
    },
    {
        "flight": "departure",
        "country": "HelsinkiHEL",
        "code": "HEL"
    },
    {
        "flight": "departure",
        "country": "KittiläKTT",
        "code": "KTT"
    },
    {
        "flight": "departure",
        "country": "RovaniemiRVN",
        "code": "RVN"
    },
    {
        "flight": "departure",
        "country": "Ajaccio (Corsica)AJA",
        "code": "AJA"
    },
    {
        "flight": "departure",
        "country": "Bastia (Corsica)BIA",
        "code": "BIA"
    },
    {
        "flight": "departure",
        "country": "BiarritzBIQ",
        "code": "BIQ"
    },
    {
        "flight": "departure",
        "country": "BordeauxBOD",
        "code": "BOD"
    },
    {
        "flight": "departure",
        "country": "BrestBES",
        "code": "BES"
    },
    {
        "flight": "departure",
        "country": "CaenCFR",
        "code": "CFR"
    },
    {
        "flight": "departure",
        "country": "Calvi (Corsica)CLY",
        "code": "CLY"
    },
    {
        "flight": "departure",
        "country": "Clermont-FerrandCFE",
        "code": "CFE"
    },
    {
        "flight": "departure",
        "country": "FigariFSC",
        "code": "FSC"
    },
    {
        "flight": "departure",
        "country": "LyonLYS",
        "code": "LYS"
    },
    {
        "flight": "departure",
        "country": "MarseilleMRS",
        "code": "MRS"
    },
    {
        "flight": "departure",
        "country": "MontpellierMPL",
        "code": "MPL"
    },
    {
        "flight": "departure",
        "country": "NantesNTE",
        "code": "NTE"
    },
    {
        "flight": "departure",
        "country": "NiceNCE",
        "code": "NCE"
    },
    {
        "flight": "departure",
        "country": "ParisCDG",
        "code": "CDG"
    },
    {
        "flight": "departure",
        "country": "Paris (Orly)ORY",
        "code": "ORY"
    },
    {
        "flight": "departure",
        "country": "Pau (Pyrenees)PUF",
        "code": "PUF"
    },
    {
        "flight": "departure",
        "country": "RennesRNS",
        "code": "RNS"
    },
    {
        "flight": "departure",
        "country": "Saint-DenisRUN",
        "code": "RUN"
    },
    {
        "flight": "departure",
        "country": "StrasbourgSXB",
        "code": "SXB"
    },
    {
        "flight": "departure",
        "country": "ToulouseTLS",
        "code": "TLS"
    },
    {
        "flight": "departure",
        "country": "CayenneCAY",
        "code": "CAY"
    },
    {
        "flight": "departure",
        "country": "TahitiPPT",
        "code": "PPT"
    },
    {
        "flight": "departure",
        "country": "LibrevilleLBV",
        "code": "LBV"
    },
    {
        "flight": "departure",
        "country": "TbilisiTBS",
        "code": "TBS"
    },
    {
        "flight": "departure",
        "country": "BerlinBER",
        "code": "BER"
    },
    {
        "flight": "departure",
        "country": "DüsseldorfDUS",
        "code": "DUS"
    },
    {
        "flight": "departure",
        "country": "FrankfurtFRA",
        "code": "FRA"
    },
    {
        "flight": "departure",
        "country": "HamburgHAM",
        "code": "HAM"
    },
    {
        "flight": "departure",
        "country": "HanoverHAJ",
        "code": "HAJ"
    },
    {
        "flight": "departure",
        "country": "MunichMUC",
        "code": "MUC"
    },
    {
        "flight": "departure",
        "country": "NurembergNUE",
        "code": "NUE"
    },
    {
        "flight": "departure",
        "country": "StuttgartSTR",
        "code": "STR"
    },
    {
        "flight": "departure",
        "country": "AccraACC",
        "code": "ACC"
    },
    {
        "flight": "departure",
        "country": "AthensATH",
        "code": "ATH"
    },
    {
        "flight": "departure",
        "country": "Heraklion (Crete)HER",
        "code": "HER"
    },
    {
        "flight": "departure",
        "country": "SantoriniJTR",
        "code": "JTR"
    },
    {
        "flight": "departure",
        "country": "Pointe-à-PitrePTP",
        "code": "PTP"
    },
    {
        "flight": "departure",
        "country": "ConakryCKY",
        "code": "CKY"
    },
    {
        "flight": "departure",
        "country": "Hong KongHKG",
        "code": "HKG"
    },
    {
        "flight": "departure",
        "country": "BudapestBUD",
        "code": "BUD"
    },
    {
        "flight": "departure",
        "country": "BengaluruBLR",
        "code": "BLR"
    },
    {
        "flight": "departure",
        "country": "ChennaiMAA",
        "code": "MAA"
    },
    {
        "flight": "departure",
        "country": "MumbaiBOM",
        "code": "BOM"
    },
    {
        "flight": "departure",
        "country": "New DelhiDEL",
        "code": "DEL"
    },
    {
        "flight": "departure",
        "country": "CorkORK",
        "code": "ORK"
    },
    {
        "flight": "departure",
        "country": "DublinDUB",
        "code": "DUB"
    },
    {
        "flight": "departure",
        "country": "Tel AvivTLV",
        "code": "TLV"
    },
    {
        "flight": "departure",
        "country": "BariBRI",
        "code": "BRI"
    },
    {
        "flight": "departure",
        "country": "BolognaBLQ",
        "code": "BLQ"
    },
    {
        "flight": "departure",
        "country": "CataniaCTA",
        "code": "CTA"
    },
    {
        "flight": "departure",
        "country": "FlorenceFLR",
        "code": "FLR"
    },
    {
        "flight": "departure",
        "country": "Milan (Linate)LIN",
        "code": "LIN"
    },
    {
        "flight": "departure",
        "country": "Milan (Malpensa)MXP",
        "code": "MXP"
    },
    {
        "flight": "departure",
        "country": "NaplesNAP",
        "code": "NAP"
    },
    {
        "flight": "departure",
        "country": "Olbia (Sardinia)OLB",
        "code": "OLB"
    },
    {
        "flight": "departure",
        "country": "PalermoPMO",
        "code": "PMO"
    },
    {
        "flight": "departure",
        "country": "Rome (Fiumicino)FCO",
        "code": "FCO"
    },
    {
        "flight": "departure",
        "country": "TurinTRN",
        "code": "TRN"
    },
    {
        "flight": "departure",
        "country": "Venice Marco PoloVCE",
        "code": "VCE"
    },
    {
        "flight": "departure",
        "country": "OsakaKIX",
        "code": "KIX"
    },
    {
        "flight": "departure",
        "country": "TokyoHND",
        "code": "HND"
    },
    {
        "flight": "departure",
        "country": "TokyoNRT",
        "code": "NRT"
    },
    {
        "flight": "departure",
        "country": "NairobiNBO",
        "code": "NBO"
    },
    {
        "flight": "departure",
        "country": "BeirutBEY",
        "code": "BEY"
    },
    {
        "flight": "departure",
        "country": "AntananarivoTNR",
        "code": "TNR"
    },
    {
        "flight": "departure",
        "country": "BamakoBKO",
        "code": "BKO"
    },
    {
        "flight": "departure",
        "country": "MaltaMLA",
        "code": "MLA"
    },
    {
        "flight": "departure",
        "country": "Fort-de-FranceFDF",
        "code": "FDF"
    },
    {
        "flight": "departure",
        "country": "NouakchottNKC",
        "code": "NKC"
    },
    {
        "flight": "departure",
        "country": "MauritiusMRU",
        "code": "MRU"
    },
    {
        "flight": "departure",
        "country": "CancúnCUN",
        "code": "CUN"
    },
    {
        "flight": "departure",
        "country": "Mexico CityMEX",
        "code": "MEX"
    },
    {
        "flight": "departure",
        "country": "CasablancaCMN",
        "code": "CMN"
    },
    {
        "flight": "departure",
        "country": "MarrakechRAK",
        "code": "RAK"
    },
    {
        "flight": "departure",
        "country": "RabatRBA",
        "code": "RBA"
    },
    {
        "flight": "departure",
        "country": "TangierTNG",
        "code": "TNG"
    },
    {
        "flight": "departure",
        "country": "AmsterdamAMS",
        "code": "AMS"
    },
    {
        "flight": "departure",
        "country": "NiameyNIM",
        "code": "NIM"
    },
    {
        "flight": "departure",
        "country": "AbujaABV",
        "code": "ABV"
    },
    {
        "flight": "departure",
        "country": "LagosLOS",
        "code": "LOS"
    },
    {
        "flight": "departure",
        "country": "BergenBGO",
        "code": "BGO"
    },
    {
        "flight": "departure",
        "country": "OsloOSL",
        "code": "OSL"
    },
    {
        "flight": "departure",
        "country": "TromsøTOS",
        "code": "TOS"
    },
    {
        "flight": "departure",
        "country": "Panama CityPTY",
        "code": "PTY"
    },
    {
        "flight": "departure",
        "country": "LimaLIM",
        "code": "LIM"
    },
    {
        "flight": "departure",
        "country": "KrakowKRK",
        "code": "KRK"
    },
    {
        "flight": "departure",
        "country": "WarsawWAW",
        "code": "WAW"
    },
    {
        "flight": "departure",
        "country": "LisbonLIS",
        "code": "LIS"
    },
    {
        "flight": "departure",
        "country": "PortoOPO",
        "code": "OPO"
    },
    {
        "flight": "departure",
        "country": "BrazzavilleBZV",
        "code": "BZV"
    },
    {
        "flight": "departure",
        "country": "Pointe-NoirePNR",
        "code": "PNR"
    },
    {
        "flight": "departure",
        "country": "BucharestOTP",
        "code": "OTP"
    },
    {
        "flight": "departure",
        "country": "Moscow SheremetyevoSVO",
        "code": "SVO"
    },
    {
        "flight": "departure",
        "country": "DakarDSS",
        "code": "DSS"
    },
    {
        "flight": "departure",
        "country": "FreetownFNA",
        "code": "FNA"
    },
    {
        "flight": "departure",
        "country": "SingaporeSIN",
        "code": "SIN"
    },
    {
        "flight": "departure",
        "country": "Sint MaartenSXM",
        "code": "SXM"
    },
    {
        "flight": "departure",
        "country": "LjubljanaLJU",
        "code": "LJU"
    },
    {
        "flight": "departure",
        "country": "Cape TownCPT",
        "code": "CPT"
    },
    {
        "flight": "departure",
        "country": "JohannesburgJNB",
        "code": "JNB"
    },
    {
        "flight": "departure",
        "country": "SeoulICN",
        "code": "ICN"
    },
    {
        "flight": "departure",
        "country": "BarcelonaBCN",
        "code": "BCN"
    },
    {
        "flight": "departure",
        "country": "BilbaoBIO",
        "code": "BIO"
    },
    {
        "flight": "departure",
        "country": "IbizaIBZ",
        "code": "IBZ"
    },
    {
        "flight": "departure",
        "country": "MadridMAD",
        "code": "MAD"
    },
    {
        "flight": "departure",
        "country": "MálagaAGP",
        "code": "AGP"
    },
    {
        "flight": "departure",
        "country": "Palma de MallorcaPMI",
        "code": "PMI"
    },
    {
        "flight": "departure",
        "country": "SevilleSVQ",
        "code": "SVQ"
    },
    {
        "flight": "departure",
        "country": "ValenciaVLC",
        "code": "VLC"
    },
    {
        "flight": "departure",
        "country": "GothenburgGOT",
        "code": "GOT"
    },
    {
        "flight": "departure",
        "country": "Stockholm (Arlanda)ARN",
        "code": "ARN"
    },
    {
        "flight": "departure",
        "country": "Basel Mulhouse FreiburgBSL",
        "code": "BSL"
    },
    {
        "flight": "departure",
        "country": "GenevaGVA",
        "code": "GVA"
    },
    {
        "flight": "departure",
        "country": "ZürichZRH",
        "code": "ZRH"
    },
    {
        "flight": "departure",
        "country": "Dar es SalaamDAR",
        "code": "DAR"
    },
    {
        "flight": "departure",
        "country": "ZanzibarZNZ",
        "code": "ZNZ"
    },
    {
        "flight": "departure",
        "country": "BangkokBKK",
        "code": "BKK"
    },
    {
        "flight": "departure",
        "country": "LoméLFW",
        "code": "LFW"
    },
    {
        "flight": "departure",
        "country": "DjerbaDJE",
        "code": "DJE"
    },
    {
        "flight": "departure",
        "country": "TunisTUN",
        "code": "TUN"
    },
    {
        "flight": "departure",
        "country": "IstanbulIST",
        "code": "IST"
    },
    {
        "flight": "departure",
        "country": "Abu DhabiAUH",
        "code": "AUH"
    },
    {
        "flight": "departure",
        "country": "DubaiDXB",
        "code": "DXB"
    },
    {
        "flight": "departure",
        "country": "BirminghamBHX",
        "code": "BHX"
    },
    {
        "flight": "departure",
        "country": "EdinburghEDI",
        "code": "EDI"
    },
    {
        "flight": "departure",
        "country": "London HeathrowLHR",
        "code": "LHR"
    },
    {
        "flight": "departure",
        "country": "ManchesterMAN",
        "code": "MAN"
    },
    {
        "flight": "departure",
        "country": "NewcastleNCL",
        "code": "NCL"
    },
    {
        "flight": "departure",
        "country": "AtlantaATL",
        "code": "ATL"
    },
    {
        "flight": "departure",
        "country": "BostonBOS",
        "code": "BOS"
    },
    {
        "flight": "departure",
        "country": "ChicagoORD",
        "code": "ORD"
    },
    {
        "flight": "departure",
        "country": "Dallas-Fort WorthDFW",
        "code": "DFW"
    },
    {
        "flight": "departure",
        "country": "DenverDEN",
        "code": "DEN"
    },
    {
        "flight": "departure",
        "country": "DetroitDTW",
        "code": "DTW"
    },
    {
        "flight": "departure",
        "country": "HoustonIAH",
        "code": "IAH"
    },
    {
        "flight": "departure",
        "country": "Las VegasLAS",
        "code": "LAS"
    },
    {
        "flight": "departure",
        "country": "Los AngelesLAX",
        "code": "LAX"
    },
    {
        "flight": "departure",
        "country": "MiamiMIA",
        "code": "MIA"
    },
    {
        "flight": "departure",
        "country": "MinneapolisMSP",
        "code": "MSP"
    },
    {
        "flight": "departure",
        "country": "New YorkEWR",
        "code": "EWR"
    },
    {
        "flight": "departure",
        "country": "New York CityJFK",
        "code": "JFK"
    },
    {
        "flight": "departure",
        "country": "Raleigh / DurhamRDU",
        "code": "RDU"
    },
    {
        "flight": "departure",
        "country": "San DiegoSAN",
        "code": "SAN"
    },
    {
        "flight": "departure",
        "country": "San FranciscoSFO",
        "code": "SFO"
    },
    {
        "flight": "departure",
        "country": "Seattle / TacomaSEA",
        "code": "SEA"
    },
    {
        "flight": "departure",
        "country": "WashingtonIAD",
        "code": "IAD"
    },
    {
        "flight": "departure",
        "country": "Ho Chi Minh CitySGN",
        "code": "SGN"
    }
]