[
    {
        "flight": "destination",
        "country": "AbujaABV",
        "code": "ABV"
    },
    {
        "flight": "destination",
        "country": "EnuguENU",
        "code": "ENU"
    },
    {
        "flight": "destination",
        "country": "LagosLOS",
        "code": "LOS"
    },
    {
        "flight": "destination",
        "country": "OwerriQOW",
        "code": "QOW"
    },
    {
        "flight": "destination",
        "country": "Port HarcourtPHC",
        "code": "PHC"
    },
    {
        "flight": "departure",
        "country": "AbujaABV",
        "code": "ABV"
    },
    {
        "flight": "departure",
        "country": "EnuguENU",
        "code": "ENU"
    },
    {
        "flight": "departure",
        "country": "LagosLOS",
        "code": "LOS"
    },
    {
        "flight": "departure",
        "country": "OwerriQOW",
        "code": "QOW"
    },
    {
        "flight": "departure",
        "country": "Port HarcourtPHC",
        "code": "PHC"
    }
]