[
    {
        "flight": "destination",
        "country": "AksuAKU",
        "code": "AKU"
    },
    {
        "flight": "destination",
        "country": "AltayAAT",
        "code": "AAT"
    },
    {
        "flight": "destination",
        "country": "Alxa Left Banner, BayanhotAXF",
        "code": "AXF"
    },
    {
        "flight": "destination",
        "country": "AnkangAKA",
        "code": "AKA"
    },
    {
        "flight": "destination",
        "country": "BaichengDBC",
        "code": "DBC"
    },
    {
        "flight": "destination",
        "country": "BaotouBAV",
        "code": "BAV"
    },
    {
        "flight": "destination",
        "country": "BeihaiBHY",
        "code": "BHY"
    },
    {
        "flight": "destination",
        "country": "BijieBFJ",
        "code": "BFJ"
    },
    {
        "flight": "destination",
        "country": "BoleBPL",
        "code": "BPL"
    },
    {
        "flight": "destination",
        "country": "ChangdeCGD",
        "code": "CGD"
    },
    {
        "flight": "destination",
        "country": "ChangshaCSX",
        "code": "CSX"
    },
    {
        "flight": "destination",
        "country": "ChangzhiCIH",
        "code": "CIH"
    },
    {
        "flight": "destination",
        "country": "Chaoyang, LiaoningCHG",
        "code": "CHG"
    },
    {
        "flight": "destination",
        "country": "ChengdeCDE",
        "code": "CDE"
    },
    {
        "flight": "destination",
        "country": "ChengduTFU",
        "code": "TFU"
    },
    {
        "flight": "destination",
        "country": "ChenzhouHCZ",
        "code": "HCZ"
    },
    {
        "flight": "destination",
        "country": "ChifengCIF",
        "code": "CIF"
    },
    {
        "flight": "destination",
        "country": "ChongqingCKG",
        "code": "CKG"
    },
    {
        "flight": "destination",
        "country": "DalianDLC",
        "code": "DLC"
    },
    {
        "flight": "destination",
        "country": "DongyingDOY",
        "code": "DOY"
    },
    {
        "flight": "destination",
        "country": "DunhuangDNH",
        "code": "DNH"
    },
    {
        "flight": "destination",
        "country": "EnyangBZX",
        "code": "BZX"
    },
    {
        "flight": "destination",
        "country": "ErenhotERL",
        "code": "ERL"
    },
    {
        "flight": "destination",
        "country": "EzhouEHU",
        "code": "EHU"
    },
    {
        "flight": "destination",
        "country": "FuzhouFOC",
        "code": "FOC"
    },
    {
        "flight": "destination",
        "country": "GuiyangKWE",
        "code": "KWE"
    },
    {
        "flight": "destination",
        "country": "HaikouHAK",
        "code": "HAK"
    },
    {
        "flight": "destination",
        "country": "HailarHLD",
        "code": "HLD"
    },
    {
        "flight": "destination",
        "country": "Hami CityHMI",
        "code": "HMI"
    },
    {
        "flight": "destination",
        "country": "HandanHDG",
        "code": "HDG"
    },
    {
        "flight": "destination",
        "country": "HangzhouHGH",
        "code": "HGH"
    },
    {
        "flight": "destination",
        "country": "HarbinHRB",
        "code": "HRB"
    },
    {
        "flight": "destination",
        "country": "HengyangHNY",
        "code": "HNY"
    },
    {
        "flight": "destination",
        "country": "HohhotHET",
        "code": "HET"
    },
    {
        "flight": "destination",
        "country": "HotanHTN",
        "code": "HTN"
    },
    {
        "flight": "destination",
        "country": "HuizhouHUZ",
        "code": "HUZ"
    },
    {
        "flight": "destination",
        "country": "JinanTNA",
        "code": "TNA"
    },
    {
        "flight": "destination",
        "country": "JinghongJHG",
        "code": "JHG"
    },
    {
        "flight": "destination",
        "country": "JingzhouSHS",
        "code": "SHS"
    },
    {
        "flight": "destination",
        "country": "JiningJNG",
        "code": "JNG"
    },
    {
        "flight": "destination",
        "country": "JixiJXA",
        "code": "JXA"
    },
    {
        "flight": "destination",
        "country": "KaramayKRY",
        "code": "KRY"
    },
    {
        "flight": "destination",
        "country": "KashgarKHG",
        "code": "KHG"
    },
    {
        "flight": "destination",
        "country": "KorlaKRL",
        "code": "KRL"
    },
    {
        "flight": "destination",
        "country": "KunmingKMG",
        "code": "KMG"
    },
    {
        "flight": "destination",
        "country": "KuqaKCA",
        "code": "KCA"
    },
    {
        "flight": "destination",
        "country": "LanzhouLHW",
        "code": "LHW"
    },
    {
        "flight": "destination",
        "country": "LianyungangLYG",
        "code": "LYG"
    },
    {
        "flight": "destination",
        "country": "LinfenLFQ",
        "code": "LFQ"
    },
    {
        "flight": "destination",
        "country": "LiuzhouLZH",
        "code": "LZH"
    },
    {
        "flight": "destination",
        "country": "LongnanLNL",
        "code": "LNL"
    },
    {
        "flight": "destination",
        "country": "LüliangLLV",
        "code": "LLV"
    },
    {
        "flight": "destination",
        "country": "ManzhouliNZH",
        "code": "NZH"
    },
    {
        "flight": "destination",
        "country": "MeizhouMXZ",
        "code": "MXZ"
    },
    {
        "flight": "destination",
        "country": "NanchangKHN",
        "code": "KHN"
    },
    {
        "flight": "destination",
        "country": "NanjingNKG",
        "code": "NKG"
    },
    {
        "flight": "destination",
        "country": "NanningNNG",
        "code": "NNG"
    },
    {
        "flight": "destination",
        "country": "NanyangNNY",
        "code": "NNY"
    },
    {
        "flight": "destination",
        "country": "NingboNGB",
        "code": "NGB"
    },
    {
        "flight": "destination",
        "country": "Ordos CityDSN",
        "code": "DSN"
    },
    {
        "flight": "destination",
        "country": "QianjiangJIQ",
        "code": "JIQ"
    },
    {
        "flight": "destination",
        "country": "QiemoIQM",
        "code": "IQM"
    },
    {
        "flight": "destination",
        "country": "QingyangIQN",
        "code": "IQN"
    },
    {
        "flight": "destination",
        "country": "QinhuangdaoBPE",
        "code": "BPE"
    },
    {
        "flight": "destination",
        "country": "QiqiharNDG",
        "code": "NDG"
    },
    {
        "flight": "destination",
        "country": "QuzhouJUZ",
        "code": "JUZ"
    },
    {
        "flight": "destination",
        "country": "Ruoqiang LoulanRQA",
        "code": "RQA"
    },
    {
        "flight": "destination",
        "country": "SanmingSQJ",
        "code": "SQJ"
    },
    {
        "flight": "destination",
        "country": "SanyaSYX",
        "code": "SYX"
    },
    {
        "flight": "destination",
        "country": "ShaoguanHSC",
        "code": "HSC"
    },
    {
        "flight": "destination",
        "country": "ShaoyangWGN",
        "code": "WGN"
    },
    {
        "flight": "destination",
        "country": "ShenyangSHE",
        "code": "SHE"
    },
    {
        "flight": "destination",
        "country": "ShiheziSHF",
        "code": "SHF"
    },
    {
        "flight": "destination",
        "country": "ShijiazhuangSJW",
        "code": "SJW"
    },
    {
        "flight": "destination",
        "country": "ShiyanWDS",
        "code": "WDS"
    },
    {
        "flight": "destination",
        "country": "SimaoSYM",
        "code": "SYM"
    },
    {
        "flight": "destination",
        "country": "TaiyuanTYN",
        "code": "TYN"
    },
    {
        "flight": "destination",
        "country": "TaizhouHYN",
        "code": "HYN"
    },
    {
        "flight": "destination",
        "country": "TianjinTSN",
        "code": "TSN"
    },
    {
        "flight": "destination",
        "country": "TongliaoTGO",
        "code": "TGO"
    },
    {
        "flight": "destination",
        "country": "TratTCG",
        "code": "TCG"
    },
    {
        "flight": "destination",
        "country": "TumxukTWC",
        "code": "TWC"
    },
    {
        "flight": "destination",
        "country": "TurpanTLQ",
        "code": "TLQ"
    },
    {
        "flight": "destination",
        "country": "UlanhotHLH",
        "code": "HLH"
    },
    {
        "flight": "destination",
        "country": "WeifangWEF",
        "code": "WEF"
    },
    {
        "flight": "destination",
        "country": "WenshanWNH",
        "code": "WNH"
    },
    {
        "flight": "destination",
        "country": "WenzhouWNZ",
        "code": "WNZ"
    },
    {
        "flight": "destination",
        "country": "WuhaiWUA",
        "code": "WUA"
    },
    {
        "flight": "destination",
        "country": "WuhanWUH",
        "code": "WUH"
    },
    {
        "flight": "destination",
        "country": "Wuhu XuanzhouWHA",
        "code": "WHA"
    },
    {
        "flight": "destination",
        "country": "Xi'anXIY",
        "code": "XIY"
    },
    {
        "flight": "destination",
        "country": "XiamenXMN",
        "code": "XMN"
    },
    {
        "flight": "destination",
        "country": "XiangyangXFN",
        "code": "XFN"
    },
    {
        "flight": "destination",
        "country": "XilinhotXIL",
        "code": "XIL"
    },
    {
        "flight": "destination",
        "country": "Xingyi, GuizhouACX",
        "code": "ACX"
    },
    {
        "flight": "destination",
        "country": "XiningXNN",
        "code": "XNN"
    },
    {
        "flight": "destination",
        "country": "XinzhouWUT",
        "code": "WUT"
    },
    {
        "flight": "destination",
        "country": "Yan'anENY",
        "code": "ENY"
    },
    {
        "flight": "destination",
        "country": "YantaiYNT",
        "code": "YNT"
    },
    {
        "flight": "destination",
        "country": "Yarkant (Shache)QSZ",
        "code": "QSZ"
    },
    {
        "flight": "destination",
        "country": "YinchuanINC",
        "code": "INC"
    },
    {
        "flight": "destination",
        "country": "YiningYIN",
        "code": "YIN"
    },
    {
        "flight": "destination",
        "country": "YiwuYIW",
        "code": "YIW"
    },
    {
        "flight": "destination",
        "country": "YongzhouLLF",
        "code": "LLF"
    },
    {
        "flight": "destination",
        "country": "YutianYTW",
        "code": "YTW"
    },
    {
        "flight": "destination",
        "country": "ZhangjiakouZQZ",
        "code": "ZQZ"
    },
    {
        "flight": "destination",
        "country": "ZhanjiangZHA",
        "code": "ZHA"
    },
    {
        "flight": "destination",
        "country": "ZhengzhouCGO",
        "code": "CGO"
    },
    {
        "flight": "destination",
        "country": "ZhongweiZHY",
        "code": "ZHY"
    },
    {
        "flight": "destination",
        "country": "ZhoushanHSN",
        "code": "HSN"
    },
    {
        "flight": "destination",
        "country": "ZunyiZYI",
        "code": "ZYI"
    },
    {
        "flight": "destination",
        "country": "ZunyiWMT",
        "code": "WMT"
    },
    {
        "flight": "destination",
        "country": "Bangkok (Don Muang)DMK",
        "code": "DMK"
    },
    {
        "flight": "departure",
        "country": "AksuAKU",
        "code": "AKU"
    },
    {
        "flight": "departure",
        "country": "AltayAAT",
        "code": "AAT"
    },
    {
        "flight": "departure",
        "country": "Alxa Left Banner, BayanhotAXF",
        "code": "AXF"
    },
    {
        "flight": "departure",
        "country": "AnkangAKA",
        "code": "AKA"
    },
    {
        "flight": "departure",
        "country": "BaichengDBC",
        "code": "DBC"
    },
    {
        "flight": "departure",
        "country": "BaotouBAV",
        "code": "BAV"
    },
    {
        "flight": "departure",
        "country": "BeihaiBHY",
        "code": "BHY"
    },
    {
        "flight": "departure",
        "country": "BijieBFJ",
        "code": "BFJ"
    },
    {
        "flight": "departure",
        "country": "BoleBPL",
        "code": "BPL"
    },
    {
        "flight": "departure",
        "country": "ChangdeCGD",
        "code": "CGD"
    },
    {
        "flight": "departure",
        "country": "ChangshaCSX",
        "code": "CSX"
    },
    {
        "flight": "departure",
        "country": "ChangzhiCIH",
        "code": "CIH"
    },
    {
        "flight": "departure",
        "country": "Chaoyang, LiaoningCHG",
        "code": "CHG"
    },
    {
        "flight": "departure",
        "country": "ChengdeCDE",
        "code": "CDE"
    },
    {
        "flight": "departure",
        "country": "ChengduTFU",
        "code": "TFU"
    },
    {
        "flight": "departure",
        "country": "ChenzhouHCZ",
        "code": "HCZ"
    },
    {
        "flight": "departure",
        "country": "ChifengCIF",
        "code": "CIF"
    },
    {
        "flight": "departure",
        "country": "ChongqingCKG",
        "code": "CKG"
    },
    {
        "flight": "departure",
        "country": "DalianDLC",
        "code": "DLC"
    },
    {
        "flight": "departure",
        "country": "DongyingDOY",
        "code": "DOY"
    },
    {
        "flight": "departure",
        "country": "DunhuangDNH",
        "code": "DNH"
    },
    {
        "flight": "departure",
        "country": "EnyangBZX",
        "code": "BZX"
    },
    {
        "flight": "departure",
        "country": "ErenhotERL",
        "code": "ERL"
    },
    {
        "flight": "departure",
        "country": "EzhouEHU",
        "code": "EHU"
    },
    {
        "flight": "departure",
        "country": "FuzhouFOC",
        "code": "FOC"
    },
    {
        "flight": "departure",
        "country": "GuiyangKWE",
        "code": "KWE"
    },
    {
        "flight": "departure",
        "country": "HaikouHAK",
        "code": "HAK"
    },
    {
        "flight": "departure",
        "country": "HailarHLD",
        "code": "HLD"
    },
    {
        "flight": "departure",
        "country": "Hami CityHMI",
        "code": "HMI"
    },
    {
        "flight": "departure",
        "country": "HandanHDG",
        "code": "HDG"
    },
    {
        "flight": "departure",
        "country": "HangzhouHGH",
        "code": "HGH"
    },
    {
        "flight": "departure",
        "country": "HarbinHRB",
        "code": "HRB"
    },
    {
        "flight": "departure",
        "country": "HengyangHNY",
        "code": "HNY"
    },
    {
        "flight": "departure",
        "country": "HohhotHET",
        "code": "HET"
    },
    {
        "flight": "departure",
        "country": "HotanHTN",
        "code": "HTN"
    },
    {
        "flight": "departure",
        "country": "HuizhouHUZ",
        "code": "HUZ"
    },
    {
        "flight": "departure",
        "country": "JinanTNA",
        "code": "TNA"
    },
    {
        "flight": "departure",
        "country": "JinghongJHG",
        "code": "JHG"
    },
    {
        "flight": "departure",
        "country": "JingzhouSHS",
        "code": "SHS"
    },
    {
        "flight": "departure",
        "country": "JiningJNG",
        "code": "JNG"
    },
    {
        "flight": "departure",
        "country": "JixiJXA",
        "code": "JXA"
    },
    {
        "flight": "departure",
        "country": "KaramayKRY",
        "code": "KRY"
    },
    {
        "flight": "departure",
        "country": "KashgarKHG",
        "code": "KHG"
    },
    {
        "flight": "departure",
        "country": "KorlaKRL",
        "code": "KRL"
    },
    {
        "flight": "departure",
        "country": "KunmingKMG",
        "code": "KMG"
    },
    {
        "flight": "departure",
        "country": "KuqaKCA",
        "code": "KCA"
    },
    {
        "flight": "departure",
        "country": "LanzhouLHW",
        "code": "LHW"
    },
    {
        "flight": "departure",
        "country": "LianyungangLYG",
        "code": "LYG"
    },
    {
        "flight": "departure",
        "country": "LinfenLFQ",
        "code": "LFQ"
    },
    {
        "flight": "departure",
        "country": "LiuzhouLZH",
        "code": "LZH"
    },
    {
        "flight": "departure",
        "country": "LongnanLNL",
        "code": "LNL"
    },
    {
        "flight": "departure",
        "country": "LüliangLLV",
        "code": "LLV"
    },
    {
        "flight": "departure",
        "country": "ManzhouliNZH",
        "code": "NZH"
    },
    {
        "flight": "departure",
        "country": "MeizhouMXZ",
        "code": "MXZ"
    },
    {
        "flight": "departure",
        "country": "NanchangKHN",
        "code": "KHN"
    },
    {
        "flight": "departure",
        "country": "NanjingNKG",
        "code": "NKG"
    },
    {
        "flight": "departure",
        "country": "NanningNNG",
        "code": "NNG"
    },
    {
        "flight": "departure",
        "country": "NanyangNNY",
        "code": "NNY"
    },
    {
        "flight": "departure",
        "country": "NingboNGB",
        "code": "NGB"
    },
    {
        "flight": "departure",
        "country": "Ordos CityDSN",
        "code": "DSN"
    },
    {
        "flight": "departure",
        "country": "QianjiangJIQ",
        "code": "JIQ"
    },
    {
        "flight": "departure",
        "country": "QiemoIQM",
        "code": "IQM"
    },
    {
        "flight": "departure",
        "country": "QingyangIQN",
        "code": "IQN"
    },
    {
        "flight": "departure",
        "country": "QinhuangdaoBPE",
        "code": "BPE"
    },
    {
        "flight": "departure",
        "country": "QiqiharNDG",
        "code": "NDG"
    },
    {
        "flight": "departure",
        "country": "QuzhouJUZ",
        "code": "JUZ"
    },
    {
        "flight": "departure",
        "country": "Ruoqiang LoulanRQA",
        "code": "RQA"
    },
    {
        "flight": "departure",
        "country": "SanmingSQJ",
        "code": "SQJ"
    },
    {
        "flight": "departure",
        "country": "SanyaSYX",
        "code": "SYX"
    },
    {
        "flight": "departure",
        "country": "ShaoguanHSC",
        "code": "HSC"
    },
    {
        "flight": "departure",
        "country": "ShaoyangWGN",
        "code": "WGN"
    },
    {
        "flight": "departure",
        "country": "ShenyangSHE",
        "code": "SHE"
    },
    {
        "flight": "departure",
        "country": "ShiheziSHF",
        "code": "SHF"
    },
    {
        "flight": "departure",
        "country": "ShijiazhuangSJW",
        "code": "SJW"
    },
    {
        "flight": "departure",
        "country": "ShiyanWDS",
        "code": "WDS"
    },
    {
        "flight": "departure",
        "country": "SimaoSYM",
        "code": "SYM"
    },
    {
        "flight": "departure",
        "country": "TaiyuanTYN",
        "code": "TYN"
    },
    {
        "flight": "departure",
        "country": "TaizhouHYN",
        "code": "HYN"
    },
    {
        "flight": "departure",
        "country": "TianjinTSN",
        "code": "TSN"
    },
    {
        "flight": "departure",
        "country": "TongliaoTGO",
        "code": "TGO"
    },
    {
        "flight": "departure",
        "country": "TratTCG",
        "code": "TCG"
    },
    {
        "flight": "departure",
        "country": "TumxukTWC",
        "code": "TWC"
    },
    {
        "flight": "departure",
        "country": "TurpanTLQ",
        "code": "TLQ"
    },
    {
        "flight": "departure",
        "country": "UlanhotHLH",
        "code": "HLH"
    },
    {
        "flight": "departure",
        "country": "WeifangWEF",
        "code": "WEF"
    },
    {
        "flight": "departure",
        "country": "WenshanWNH",
        "code": "WNH"
    },
    {
        "flight": "departure",
        "country": "WenzhouWNZ",
        "code": "WNZ"
    },
    {
        "flight": "departure",
        "country": "WuhaiWUA",
        "code": "WUA"
    },
    {
        "flight": "departure",
        "country": "WuhanWUH",
        "code": "WUH"
    },
    {
        "flight": "departure",
        "country": "Wuhu XuanzhouWHA",
        "code": "WHA"
    },
    {
        "flight": "departure",
        "country": "Xi'anXIY",
        "code": "XIY"
    },
    {
        "flight": "departure",
        "country": "XiamenXMN",
        "code": "XMN"
    },
    {
        "flight": "departure",
        "country": "XiangyangXFN",
        "code": "XFN"
    },
    {
        "flight": "departure",
        "country": "XilinhotXIL",
        "code": "XIL"
    },
    {
        "flight": "departure",
        "country": "Xingyi, GuizhouACX",
        "code": "ACX"
    },
    {
        "flight": "departure",
        "country": "XiningXNN",
        "code": "XNN"
    },
    {
        "flight": "departure",
        "country": "XinzhouWUT",
        "code": "WUT"
    },
    {
        "flight": "departure",
        "country": "Yan'anENY",
        "code": "ENY"
    },
    {
        "flight": "departure",
        "country": "YantaiYNT",
        "code": "YNT"
    },
    {
        "flight": "departure",
        "country": "Yarkant (Shache)QSZ",
        "code": "QSZ"
    },
    {
        "flight": "departure",
        "country": "YinchuanINC",
        "code": "INC"
    },
    {
        "flight": "departure",
        "country": "YiningYIN",
        "code": "YIN"
    },
    {
        "flight": "departure",
        "country": "YiwuYIW",
        "code": "YIW"
    },
    {
        "flight": "departure",
        "country": "YongzhouLLF",
        "code": "LLF"
    },
    {
        "flight": "departure",
        "country": "YutianYTW",
        "code": "YTW"
    },
    {
        "flight": "departure",
        "country": "ZhangjiakouZQZ",
        "code": "ZQZ"
    },
    {
        "flight": "departure",
        "country": "ZhanjiangZHA",
        "code": "ZHA"
    },
    {
        "flight": "departure",
        "country": "ZhengzhouCGO",
        "code": "CGO"
    },
    {
        "flight": "departure",
        "country": "ZhongweiZHY",
        "code": "ZHY"
    },
    {
        "flight": "departure",
        "country": "ZhoushanHSN",
        "code": "HSN"
    },
    {
        "flight": "departure",
        "country": "ZunyiZYI",
        "code": "ZYI"
    },
    {
        "flight": "departure",
        "country": "ZunyiWMT",
        "code": "WMT"
    },
    {
        "flight": "departure",
        "country": "Bangkok (Don Muang)DMK",
        "code": "DMK"
    }
]