[
    {
        "flight": "destination",
        "country": "San SalvadorSAL",
        "code": "SAL"
    },
    {
        "flight": "destination",
        "country": "ManaguaMGA",
        "code": "MGA"
    },
    {
        "flight": "destination",
        "country": "MiamiMIA",
        "code": "MIA"
    },
    {
        "flight": "departure",
        "country": "San SalvadorSAL",
        "code": "SAL"
    },
    {
        "flight": "departure",
        "country": "ManaguaMGA",
        "code": "MGA"
    },
    {
        "flight": "departure",
        "country": "MiamiMIA",
        "code": "MIA"
    }
]