[
    {
        "flight": "destination",
        "country": "FukuokaFUK",
        "code": "FUK"
    },
    {
        "flight": "destination",
        "country": "Ishigaki / OkinawaISG",
        "code": "ISG"
    },
    {
        "flight": "destination",
        "country": "KomatsuKMQ",
        "code": "KMQ"
    },
    {
        "flight": "destination",
        "country": "KumejimaUEO",
        "code": "UEO"
    },
    {
        "flight": "destination",
        "country": "MiyakojimaMMY",
        "code": "MMY"
    },
    {
        "flight": "destination",
        "country": "NagoyaNGO",
        "code": "NGO"
    },
    {
        "flight": "destination",
        "country": "OkayamaOKJ",
        "code": "OKJ"
    },
    {
        "flight": "destination",
        "country": "OkinawaOKA",
        "code": "OKA"
    },
    {
        "flight": "destination",
        "country": "OsakaKIX",
        "code": "KIX"
    },
    {
        "flight": "departure",
        "country": "FukuokaFUK",
        "code": "FUK"
    },
    {
        "flight": "departure",
        "country": "Ishigaki / OkinawaISG",
        "code": "ISG"
    },
    {
        "flight": "departure",
        "country": "KomatsuKMQ",
        "code": "KMQ"
    },
    {
        "flight": "departure",
        "country": "KumejimaUEO",
        "code": "UEO"
    },
    {
        "flight": "departure",
        "country": "MiyakojimaMMY",
        "code": "MMY"
    },
    {
        "flight": "departure",
        "country": "NagoyaNGO",
        "code": "NGO"
    },
    {
        "flight": "departure",
        "country": "OkayamaOKJ",
        "code": "OKJ"
    },
    {
        "flight": "departure",
        "country": "OkinawaOKA",
        "code": "OKA"
    },
    {
        "flight": "departure",
        "country": "OsakaKIX",
        "code": "KIX"
    }
]