[
    {
        "flight": "destination",
        "country": "TiranaTIA",
        "code": "TIA"
    },
    {
        "flight": "destination",
        "country": "BakuGYD",
        "code": "GYD"
    },
    {
        "flight": "destination",
        "country": "SarajevoSJJ",
        "code": "SJJ"
    },
    {
        "flight": "destination",
        "country": "CairoCAI",
        "code": "CAI"
    },
    {
        "flight": "destination",
        "country": "GizaSPX",
        "code": "SPX"
    },
    {
        "flight": "destination",
        "country": "HurghadaHRG",
        "code": "HRG"
    },
    {
        "flight": "destination",
        "country": "Sharm el-SheikhSSH",
        "code": "SSH"
    },
    {
        "flight": "destination",
        "country": "SohagHMB",
        "code": "HMB"
    },
    {
        "flight": "destination",
        "country": "Addis AbabaADD",
        "code": "ADD"
    },
    {
        "flight": "destination",
        "country": "MarseilleMRS",
        "code": "MRS"
    },
    {
        "flight": "destination",
        "country": "BatumiBUS",
        "code": "BUS"
    },
    {
        "flight": "destination",
        "country": "TbilisiTBS",
        "code": "TBS"
    },
    {
        "flight": "destination",
        "country": "HyderabadHYD",
        "code": "HYD"
    },
    {
        "flight": "destination",
        "country": "KozhikodeCCJ",
        "code": "CCJ"
    },
    {
        "flight": "destination",
        "country": "LucknowLKO",
        "code": "LKO"
    },
    {
        "flight": "destination",
        "country": "MumbaiBOM",
        "code": "BOM"
    },
    {
        "flight": "destination",
        "country": "New DelhiDEL",
        "code": "DEL"
    },
    {
        "flight": "destination",
        "country": "BaghdadBGW",
        "code": "BGW"
    },
    {
        "flight": "destination",
        "country": "ErbilEBL",
        "code": "EBL"
    },
    {
        "flight": "destination",
        "country": "AmmanAMM",
        "code": "AMM"
    },
    {
        "flight": "destination",
        "country": "AlmatyALA",
        "code": "ALA"
    },
    {
        "flight": "destination",
        "country": "Kuwait CityKWI",
        "code": "KWI"
    },
    {
        "flight": "destination",
        "country": "BishkekFRU",
        "code": "FRU"
    },
    {
        "flight": "destination",
        "country": "OshOSS",
        "code": "OSS"
    },
    {
        "flight": "destination",
        "country": "MaléMLE",
        "code": "MLE"
    },
    {
        "flight": "destination",
        "country": "CasablancaCMN",
        "code": "CMN"
    },
    {
        "flight": "destination",
        "country": "SalalahSLL",
        "code": "SLL"
    },
    {
        "flight": "destination",
        "country": "IslamabadISB",
        "code": "ISB"
    },
    {
        "flight": "destination",
        "country": "KarachiKHI",
        "code": "KHI"
    },
    {
        "flight": "destination",
        "country": "LahoreLHE",
        "code": "LHE"
    },
    {
        "flight": "destination",
        "country": "DohaDOH",
        "code": "DOH"
    },
    {
        "flight": "destination",
        "country": "AbhaAHB",
        "code": "AHB"
    },
    {
        "flight": "destination",
        "country": "Al Qaisumah / Hafr Al-BatinAQI",
        "code": "AQI"
    },
    {
        "flight": "destination",
        "country": "Al UlaULH",
        "code": "ULH"
    },
    {
        "flight": "destination",
        "country": "Al-BahaABT",
        "code": "ABT"
    },
    {
        "flight": "destination",
        "country": "DammamDMM",
        "code": "DMM"
    },
    {
        "flight": "destination",
        "country": "GassimELQ",
        "code": "ELQ"
    },
    {
        "flight": "destination",
        "country": "Ha'ilHAS",
        "code": "HAS"
    },
    {
        "flight": "destination",
        "country": "JeddahJED",
        "code": "JED"
    },
    {
        "flight": "destination",
        "country": "JizanGIZ",
        "code": "GIZ"
    },
    {
        "flight": "destination",
        "country": "MedinaMED",
        "code": "MED"
    },
    {
        "flight": "destination",
        "country": "Najran (Nejran)EAM",
        "code": "EAM"
    },
    {
        "flight": "destination",
        "country": "RiyadhRUH",
        "code": "RUH"
    },
    {
        "flight": "destination",
        "country": "Ta'ifTIF",
        "code": "TIF"
    },
    {
        "flight": "destination",
        "country": "TabukTUU",
        "code": "TUU"
    },
    {
        "flight": "destination",
        "country": "Yanbu (Yenbo)YNB",
        "code": "YNB"
    },
    {
        "flight": "destination",
        "country": "AntalyaAYT",
        "code": "AYT"
    },
    {
        "flight": "destination",
        "country": "BodrumBJV",
        "code": "BJV"
    },
    {
        "flight": "destination",
        "country": "IstanbulIST",
        "code": "IST"
    },
    {
        "flight": "destination",
        "country": "Istanbul (Sabiha)SAW",
        "code": "SAW"
    },
    {
        "flight": "destination",
        "country": "TrabzonTZX",
        "code": "TZX"
    },
    {
        "flight": "destination",
        "country": "DubaiDXB",
        "code": "DXB"
    },
    {
        "flight": "destination",
        "country": "TashkentTAS",
        "code": "TAS"
    },
    {
        "flight": "departure",
        "country": "TiranaTIA",
        "code": "TIA"
    },
    {
        "flight": "departure",
        "country": "BakuGYD",
        "code": "GYD"
    },
    {
        "flight": "departure",
        "country": "SarajevoSJJ",
        "code": "SJJ"
    },
    {
        "flight": "departure",
        "country": "CairoCAI",
        "code": "CAI"
    },
    {
        "flight": "departure",
        "country": "GizaSPX",
        "code": "SPX"
    },
    {
        "flight": "departure",
        "country": "HurghadaHRG",
        "code": "HRG"
    },
    {
        "flight": "departure",
        "country": "Sharm el-SheikhSSH",
        "code": "SSH"
    },
    {
        "flight": "departure",
        "country": "SohagHMB",
        "code": "HMB"
    },
    {
        "flight": "departure",
        "country": "Addis AbabaADD",
        "code": "ADD"
    },
    {
        "flight": "departure",
        "country": "MarseilleMRS",
        "code": "MRS"
    },
    {
        "flight": "departure",
        "country": "BatumiBUS",
        "code": "BUS"
    },
    {
        "flight": "departure",
        "country": "TbilisiTBS",
        "code": "TBS"
    },
    {
        "flight": "departure",
        "country": "HyderabadHYD",
        "code": "HYD"
    },
    {
        "flight": "departure",
        "country": "KozhikodeCCJ",
        "code": "CCJ"
    },
    {
        "flight": "departure",
        "country": "LucknowLKO",
        "code": "LKO"
    },
    {
        "flight": "departure",
        "country": "MumbaiBOM",
        "code": "BOM"
    },
    {
        "flight": "departure",
        "country": "New DelhiDEL",
        "code": "DEL"
    },
    {
        "flight": "departure",
        "country": "BaghdadBGW",
        "code": "BGW"
    },
    {
        "flight": "departure",
        "country": "ErbilEBL",
        "code": "EBL"
    },
    {
        "flight": "departure",
        "country": "AmmanAMM",
        "code": "AMM"
    },
    {
        "flight": "departure",
        "country": "AlmatyALA",
        "code": "ALA"
    },
    {
        "flight": "departure",
        "country": "Kuwait CityKWI",
        "code": "KWI"
    },
    {
        "flight": "departure",
        "country": "BishkekFRU",
        "code": "FRU"
    },
    {
        "flight": "departure",
        "country": "OshOSS",
        "code": "OSS"
    },
    {
        "flight": "departure",
        "country": "MaléMLE",
        "code": "MLE"
    },
    {
        "flight": "departure",
        "country": "CasablancaCMN",
        "code": "CMN"
    },
    {
        "flight": "departure",
        "country": "SalalahSLL",
        "code": "SLL"
    },
    {
        "flight": "departure",
        "country": "IslamabadISB",
        "code": "ISB"
    },
    {
        "flight": "departure",
        "country": "KarachiKHI",
        "code": "KHI"
    },
    {
        "flight": "departure",
        "country": "LahoreLHE",
        "code": "LHE"
    },
    {
        "flight": "departure",
        "country": "DohaDOH",
        "code": "DOH"
    },
    {
        "flight": "departure",
        "country": "AbhaAHB",
        "code": "AHB"
    },
    {
        "flight": "departure",
        "country": "Al Qaisumah / Hafr Al-BatinAQI",
        "code": "AQI"
    },
    {
        "flight": "departure",
        "country": "Al UlaULH",
        "code": "ULH"
    },
    {
        "flight": "departure",
        "country": "Al-BahaABT",
        "code": "ABT"
    },
    {
        "flight": "departure",
        "country": "DammamDMM",
        "code": "DMM"
    },
    {
        "flight": "departure",
        "country": "GassimELQ",
        "code": "ELQ"
    },
    {
        "flight": "departure",
        "country": "Ha'ilHAS",
        "code": "HAS"
    },
    {
        "flight": "departure",
        "country": "JeddahJED",
        "code": "JED"
    },
    {
        "flight": "departure",
        "country": "JizanGIZ",
        "code": "GIZ"
    },
    {
        "flight": "departure",
        "country": "MedinaMED",
        "code": "MED"
    },
    {
        "flight": "departure",
        "country": "Najran (Nejran)EAM",
        "code": "EAM"
    },
    {
        "flight": "departure",
        "country": "RiyadhRUH",
        "code": "RUH"
    },
    {
        "flight": "departure",
        "country": "Ta'ifTIF",
        "code": "TIF"
    },
    {
        "flight": "departure",
        "country": "TabukTUU",
        "code": "TUU"
    },
    {
        "flight": "departure",
        "country": "Yanbu (Yenbo)YNB",
        "code": "YNB"
    },
    {
        "flight": "departure",
        "country": "AntalyaAYT",
        "code": "AYT"
    },
    {
        "flight": "departure",
        "country": "BodrumBJV",
        "code": "BJV"
    },
    {
        "flight": "departure",
        "country": "IstanbulIST",
        "code": "IST"
    },
    {
        "flight": "departure",
        "country": "Istanbul (Sabiha)SAW",
        "code": "SAW"
    },
    {
        "flight": "departure",
        "country": "TrabzonTZX",
        "code": "TZX"
    },
    {
        "flight": "departure",
        "country": "DubaiDXB",
        "code": "DXB"
    },
    {
        "flight": "departure",
        "country": "TashkentTAS",
        "code": "TAS"
    }
]