[
    {
        "flight": "destination",
        "country": "BrisbaneBNE",
        "code": "BNE"
    },
    {
        "flight": "destination",
        "country": "MelbourneMEL",
        "code": "MEL"
    },
    {
        "flight": "destination",
        "country": "PerthPER",
        "code": "PER"
    },
    {
        "flight": "destination",
        "country": "SydneySYD",
        "code": "SYD"
    },
    {
        "flight": "destination",
        "country": "Phnom PenhPNH",
        "code": "PNH"
    },
    {
        "flight": "destination",
        "country": "TorontoYYZ",
        "code": "YYZ"
    },
    {
        "flight": "destination",
        "country": "VancouverYVR",
        "code": "YVR"
    },
    {
        "flight": "destination",
        "country": "BeijingPEK",
        "code": "PEK"
    },
    {
        "flight": "destination",
        "country": "GuangzhouCAN",
        "code": "CAN"
    },
    {
        "flight": "destination",
        "country": "QuanzhouJJN",
        "code": "JJN"
    },
    {
        "flight": "destination",
        "country": "ShanghaiPVG",
        "code": "PVG"
    },
    {
        "flight": "destination",
        "country": "XiamenXMN",
        "code": "XMN"
    },
    {
        "flight": "destination",
        "country": "GuamGUM",
        "code": "GUM"
    },
    {
        "flight": "destination",
        "country": "Hong KongHKG",
        "code": "HKG"
    },
    {
        "flight": "destination",
        "country": "DenpasarDPS",
        "code": "DPS"
    },
    {
        "flight": "destination",
        "country": "JakartaCGK",
        "code": "CGK"
    },
    {
        "flight": "destination",
        "country": "FukuokaFUK",
        "code": "FUK"
    },
    {
        "flight": "destination",
        "country": "NagoyaNGO",
        "code": "NGO"
    },
    {
        "flight": "destination",
        "country": "OsakaKIX",
        "code": "KIX"
    },
    {
        "flight": "destination",
        "country": "TokyoHND",
        "code": "HND"
    },
    {
        "flight": "destination",
        "country": "TokyoNRT",
        "code": "NRT"
    },
    {
        "flight": "destination",
        "country": "MacauMFM",
        "code": "MFM"
    },
    {
        "flight": "destination",
        "country": "Kuala LumpurKUL",
        "code": "KUL"
    },
    {
        "flight": "destination",
        "country": "Port MoresbyPOM",
        "code": "POM"
    },
    {
        "flight": "destination",
        "country": "Angeles CityCRK",
        "code": "CRK"
    },
    {
        "flight": "destination",
        "country": "Bacolod CityBCD",
        "code": "BCD"
    },
    {
        "flight": "destination",
        "country": "Baguio CityBAG",
        "code": "BAG"
    },
    {
        "flight": "destination",
        "country": "BascoBSO",
        "code": "BSO"
    },
    {
        "flight": "destination",
        "country": "BicolDRP",
        "code": "DRP"
    },
    {
        "flight": "destination",
        "country": "BoronganBPA",
        "code": "BPA"
    },
    {
        "flight": "destination",
        "country": "Busuanga / CoronUSU",
        "code": "USU"
    },
    {
        "flight": "destination",
        "country": "Butuan CityBXU",
        "code": "BXU"
    },
    {
        "flight": "destination",
        "country": "Cagayan de Oro CityCGY",
        "code": "CGY"
    },
    {
        "flight": "destination",
        "country": "Calbayog CityCYP",
        "code": "CYP"
    },
    {
        "flight": "destination",
        "country": "Catarman, Northern SamarCRM",
        "code": "CRM"
    },
    {
        "flight": "destination",
        "country": "CaticlanMPH",
        "code": "MPH"
    },
    {
        "flight": "destination",
        "country": "CebuCEB",
        "code": "CEB"
    },
    {
        "flight": "destination",
        "country": "Cotabato CityCBO",
        "code": "CBO"
    },
    {
        "flight": "destination",
        "country": "Davao CityDVO",
        "code": "DVO"
    },
    {
        "flight": "destination",
        "country": "Del CarmenIAO",
        "code": "IAO"
    },
    {
        "flight": "destination",
        "country": "Dipolog CityDPL",
        "code": "DPL"
    },
    {
        "flight": "destination",
        "country": "DumagueteDGT",
        "code": "DGT"
    },
    {
        "flight": "destination",
        "country": "General Santos CityGES",
        "code": "GES"
    },
    {
        "flight": "destination",
        "country": "Iloilo CityILO",
        "code": "ILO"
    },
    {
        "flight": "destination",
        "country": "KaliboKLO",
        "code": "KLO"
    },
    {
        "flight": "destination",
        "country": "LaoagLAO",
        "code": "LAO"
    },
    {
        "flight": "destination",
        "country": "ManilaMNL",
        "code": "MNL"
    },
    {
        "flight": "destination",
        "country": "OzamizOZC",
        "code": "OZC"
    },
    {
        "flight": "destination",
        "country": "PagadianPAG",
        "code": "PAG"
    },
    {
        "flight": "destination",
        "country": "Puerto PrincesaPPS",
        "code": "PPS"
    },
    {
        "flight": "destination",
        "country": "Roxas, CapizRXS",
        "code": "RXS"
    },
    {
        "flight": "destination",
        "country": "San Jose, MindoroEUQ",
        "code": "EUQ"
    },
    {
        "flight": "destination",
        "country": "TaclobanTAC",
        "code": "TAC"
    },
    {
        "flight": "destination",
        "country": "TagbilaranTAG",
        "code": "TAG"
    },
    {
        "flight": "destination",
        "country": "Tawi Tawi IslandTWT",
        "code": "TWT"
    },
    {
        "flight": "destination",
        "country": "TuguegaraoTUG",
        "code": "TUG"
    },
    {
        "flight": "destination",
        "country": "Zamboanga CityZAM",
        "code": "ZAM"
    },
    {
        "flight": "destination",
        "country": "DohaDOH",
        "code": "DOH"
    },
    {
        "flight": "destination",
        "country": "DammamDMM",
        "code": "DMM"
    },
    {
        "flight": "destination",
        "country": "RiyadhRUH",
        "code": "RUH"
    },
    {
        "flight": "destination",
        "country": "SingaporeSIN",
        "code": "SIN"
    },
    {
        "flight": "destination",
        "country": "BusanPUS",
        "code": "PUS"
    },
    {
        "flight": "destination",
        "country": "SeoulICN",
        "code": "ICN"
    },
    {
        "flight": "destination",
        "country": "TaipeiTPE",
        "code": "TPE"
    },
    {
        "flight": "destination",
        "country": "BangkokBKK",
        "code": "BKK"
    },
    {
        "flight": "destination",
        "country": "DubaiDXB",
        "code": "DXB"
    },
    {
        "flight": "destination",
        "country": "HonoluluHNL",
        "code": "HNL"
    },
    {
        "flight": "destination",
        "country": "Los AngelesLAX",
        "code": "LAX"
    },
    {
        "flight": "destination",
        "country": "New York CityJFK",
        "code": "JFK"
    },
    {
        "flight": "destination",
        "country": "San FranciscoSFO",
        "code": "SFO"
    },
    {
        "flight": "destination",
        "country": "HanoiHAN",
        "code": "HAN"
    },
    {
        "flight": "destination",
        "country": "Ho Chi Minh CitySGN",
        "code": "SGN"
    },
    {
        "flight": "departure",
        "country": "BrisbaneBNE",
        "code": "BNE"
    },
    {
        "flight": "departure",
        "country": "MelbourneMEL",
        "code": "MEL"
    },
    {
        "flight": "departure",
        "country": "PerthPER",
        "code": "PER"
    },
    {
        "flight": "departure",
        "country": "SydneySYD",
        "code": "SYD"
    },
    {
        "flight": "departure",
        "country": "Phnom PenhPNH",
        "code": "PNH"
    },
    {
        "flight": "departure",
        "country": "TorontoYYZ",
        "code": "YYZ"
    },
    {
        "flight": "departure",
        "country": "VancouverYVR",
        "code": "YVR"
    },
    {
        "flight": "departure",
        "country": "BeijingPEK",
        "code": "PEK"
    },
    {
        "flight": "departure",
        "country": "GuangzhouCAN",
        "code": "CAN"
    },
    {
        "flight": "departure",
        "country": "QuanzhouJJN",
        "code": "JJN"
    },
    {
        "flight": "departure",
        "country": "ShanghaiPVG",
        "code": "PVG"
    },
    {
        "flight": "departure",
        "country": "XiamenXMN",
        "code": "XMN"
    },
    {
        "flight": "departure",
        "country": "GuamGUM",
        "code": "GUM"
    },
    {
        "flight": "departure",
        "country": "Hong KongHKG",
        "code": "HKG"
    },
    {
        "flight": "departure",
        "country": "DenpasarDPS",
        "code": "DPS"
    },
    {
        "flight": "departure",
        "country": "JakartaCGK",
        "code": "CGK"
    },
    {
        "flight": "departure",
        "country": "FukuokaFUK",
        "code": "FUK"
    },
    {
        "flight": "departure",
        "country": "NagoyaNGO",
        "code": "NGO"
    },
    {
        "flight": "departure",
        "country": "OsakaKIX",
        "code": "KIX"
    },
    {
        "flight": "departure",
        "country": "TokyoHND",
        "code": "HND"
    },
    {
        "flight": "departure",
        "country": "TokyoNRT",
        "code": "NRT"
    },
    {
        "flight": "departure",
        "country": "MacauMFM",
        "code": "MFM"
    },
    {
        "flight": "departure",
        "country": "Kuala LumpurKUL",
        "code": "KUL"
    },
    {
        "flight": "departure",
        "country": "Port MoresbyPOM",
        "code": "POM"
    },
    {
        "flight": "departure",
        "country": "Angeles CityCRK",
        "code": "CRK"
    },
    {
        "flight": "departure",
        "country": "Bacolod CityBCD",
        "code": "BCD"
    },
    {
        "flight": "departure",
        "country": "Baguio CityBAG",
        "code": "BAG"
    },
    {
        "flight": "departure",
        "country": "BascoBSO",
        "code": "BSO"
    },
    {
        "flight": "departure",
        "country": "BicolDRP",
        "code": "DRP"
    },
    {
        "flight": "departure",
        "country": "BoronganBPA",
        "code": "BPA"
    },
    {
        "flight": "departure",
        "country": "Busuanga / CoronUSU",
        "code": "USU"
    },
    {
        "flight": "departure",
        "country": "Butuan CityBXU",
        "code": "BXU"
    },
    {
        "flight": "departure",
        "country": "Cagayan de Oro CityCGY",
        "code": "CGY"
    },
    {
        "flight": "departure",
        "country": "Calbayog CityCYP",
        "code": "CYP"
    },
    {
        "flight": "departure",
        "country": "Catarman, Northern SamarCRM",
        "code": "CRM"
    },
    {
        "flight": "departure",
        "country": "CaticlanMPH",
        "code": "MPH"
    },
    {
        "flight": "departure",
        "country": "CebuCEB",
        "code": "CEB"
    },
    {
        "flight": "departure",
        "country": "Cotabato CityCBO",
        "code": "CBO"
    },
    {
        "flight": "departure",
        "country": "Davao CityDVO",
        "code": "DVO"
    },
    {
        "flight": "departure",
        "country": "Del CarmenIAO",
        "code": "IAO"
    },
    {
        "flight": "departure",
        "country": "Dipolog CityDPL",
        "code": "DPL"
    },
    {
        "flight": "departure",
        "country": "DumagueteDGT",
        "code": "DGT"
    },
    {
        "flight": "departure",
        "country": "General Santos CityGES",
        "code": "GES"
    },
    {
        "flight": "departure",
        "country": "Iloilo CityILO",
        "code": "ILO"
    },
    {
        "flight": "departure",
        "country": "KaliboKLO",
        "code": "KLO"
    },
    {
        "flight": "departure",
        "country": "LaoagLAO",
        "code": "LAO"
    },
    {
        "flight": "departure",
        "country": "ManilaMNL",
        "code": "MNL"
    },
    {
        "flight": "departure",
        "country": "OzamizOZC",
        "code": "OZC"
    },
    {
        "flight": "departure",
        "country": "PagadianPAG",
        "code": "PAG"
    },
    {
        "flight": "departure",
        "country": "Puerto PrincesaPPS",
        "code": "PPS"
    },
    {
        "flight": "departure",
        "country": "Roxas, CapizRXS",
        "code": "RXS"
    },
    {
        "flight": "departure",
        "country": "San Jose, MindoroEUQ",
        "code": "EUQ"
    },
    {
        "flight": "departure",
        "country": "TaclobanTAC",
        "code": "TAC"
    },
    {
        "flight": "departure",
        "country": "TagbilaranTAG",
        "code": "TAG"
    },
    {
        "flight": "departure",
        "country": "Tawi Tawi IslandTWT",
        "code": "TWT"
    },
    {
        "flight": "departure",
        "country": "TuguegaraoTUG",
        "code": "TUG"
    },
    {
        "flight": "departure",
        "country": "Zamboanga CityZAM",
        "code": "ZAM"
    },
    {
        "flight": "departure",
        "country": "DohaDOH",
        "code": "DOH"
    },
    {
        "flight": "departure",
        "country": "DammamDMM",
        "code": "DMM"
    },
    {
        "flight": "departure",
        "country": "RiyadhRUH",
        "code": "RUH"
    },
    {
        "flight": "departure",
        "country": "SingaporeSIN",
        "code": "SIN"
    },
    {
        "flight": "departure",
        "country": "BusanPUS",
        "code": "PUS"
    },
    {
        "flight": "departure",
        "country": "SeoulICN",
        "code": "ICN"
    },
    {
        "flight": "departure",
        "country": "TaipeiTPE",
        "code": "TPE"
    },
    {
        "flight": "departure",
        "country": "BangkokBKK",
        "code": "BKK"
    },
    {
        "flight": "departure",
        "country": "DubaiDXB",
        "code": "DXB"
    },
    {
        "flight": "departure",
        "country": "HonoluluHNL",
        "code": "HNL"
    },
    {
        "flight": "departure",
        "country": "Los AngelesLAX",
        "code": "LAX"
    },
    {
        "flight": "departure",
        "country": "New York CityJFK",
        "code": "JFK"
    },
    {
        "flight": "departure",
        "country": "San FranciscoSFO",
        "code": "SFO"
    },
    {
        "flight": "departure",
        "country": "HanoiHAN",
        "code": "HAN"
    },
    {
        "flight": "departure",
        "country": "Ho Chi Minh CitySGN",
        "code": "SGN"
    }
]