[
    {
        "flight": "destination",
        "country": "Bahrain IslandBAH",
        "code": "BAH"
    },
    {
        "flight": "destination",
        "country": "AlexandriaHBE",
        "code": "HBE"
    },
    {
        "flight": "destination",
        "country": "CairoCAI",
        "code": "CAI"
    },
    {
        "flight": "destination",
        "country": "MarseilleMRS",
        "code": "MRS"
    },
    {
        "flight": "destination",
        "country": "Milan (Bergamo)BGY",
        "code": "BGY"
    },
    {
        "flight": "destination",
        "country": "AmmanAMM",
        "code": "AMM"
    },
    {
        "flight": "destination",
        "country": "MuscatMCT",
        "code": "MCT"
    },
    {
        "flight": "destination",
        "country": "AbhaAHB",
        "code": "AHB"
    },
    {
        "flight": "destination",
        "country": "Al-JawfAJF",
        "code": "AJF"
    },
    {
        "flight": "destination",
        "country": "DammamDMM",
        "code": "DMM"
    },
    {
        "flight": "destination",
        "country": "GassimELQ",
        "code": "ELQ"
    },
    {
        "flight": "destination",
        "country": "Ha'ilHAS",
        "code": "HAS"
    },
    {
        "flight": "destination",
        "country": "JeddahJED",
        "code": "JED"
    },
    {
        "flight": "destination",
        "country": "JizanGIZ",
        "code": "GIZ"
    },
    {
        "flight": "destination",
        "country": "RiyadhRUH",
        "code": "RUH"
    },
    {
        "flight": "destination",
        "country": "Ta'ifTIF",
        "code": "TIF"
    },
    {
        "flight": "destination",
        "country": "TabukTUU",
        "code": "TUU"
    },
    {
        "flight": "destination",
        "country": "Yanbu (Yenbo)YNB",
        "code": "YNB"
    },
    {
        "flight": "destination",
        "country": "Dubai (Sharjah)SHJ",
        "code": "SHJ"
    },
    {
        "flight": "departure",
        "country": "Bahrain IslandBAH",
        "code": "BAH"
    },
    {
        "flight": "departure",
        "country": "AlexandriaHBE",
        "code": "HBE"
    },
    {
        "flight": "departure",
        "country": "CairoCAI",
        "code": "CAI"
    },
    {
        "flight": "departure",
        "country": "MarseilleMRS",
        "code": "MRS"
    },
    {
        "flight": "departure",
        "country": "Milan (Bergamo)BGY",
        "code": "BGY"
    },
    {
        "flight": "departure",
        "country": "AmmanAMM",
        "code": "AMM"
    },
    {
        "flight": "departure",
        "country": "MuscatMCT",
        "code": "MCT"
    },
    {
        "flight": "departure",
        "country": "AbhaAHB",
        "code": "AHB"
    },
    {
        "flight": "departure",
        "country": "Al-JawfAJF",
        "code": "AJF"
    },
    {
        "flight": "departure",
        "country": "DammamDMM",
        "code": "DMM"
    },
    {
        "flight": "departure",
        "country": "GassimELQ",
        "code": "ELQ"
    },
    {
        "flight": "departure",
        "country": "Ha'ilHAS",
        "code": "HAS"
    },
    {
        "flight": "departure",
        "country": "JeddahJED",
        "code": "JED"
    },
    {
        "flight": "departure",
        "country": "JizanGIZ",
        "code": "GIZ"
    },
    {
        "flight": "departure",
        "country": "RiyadhRUH",
        "code": "RUH"
    },
    {
        "flight": "departure",
        "country": "Ta'ifTIF",
        "code": "TIF"
    },
    {
        "flight": "departure",
        "country": "TabukTUU",
        "code": "TUU"
    },
    {
        "flight": "departure",
        "country": "Yanbu (Yenbo)YNB",
        "code": "YNB"
    },
    {
        "flight": "departure",
        "country": "Dubai (Sharjah)SHJ",
        "code": "SHJ"
    }
]