[
    {
        "flight": "destination",
        "country": "St. John's, AntiguaANU",
        "code": "ANU"
    },
    {
        "flight": "destination",
        "country": "ArubaAUA",
        "code": "AUA"
    },
    {
        "flight": "destination",
        "country": "NassauNAS",
        "code": "NAS"
    },
    {
        "flight": "destination",
        "country": "BridgetownBGI",
        "code": "BGI"
    },
    {
        "flight": "destination",
        "country": "Belize CityBZE",
        "code": "BZE"
    },
    {
        "flight": "destination",
        "country": "BermudaBDA",
        "code": "BDA"
    },
    {
        "flight": "destination",
        "country": "VancouverYVR",
        "code": "YVR"
    },
    {
        "flight": "destination",
        "country": "Grand CaymanGCM",
        "code": "GCM"
    },
    {
        "flight": "destination",
        "country": "BogotáBOG",
        "code": "BOG"
    },
    {
        "flight": "destination",
        "country": "CartagenaCTG",
        "code": "CTG"
    },
    {
        "flight": "destination",
        "country": "MedellínMDE",
        "code": "MDE"
    },
    {
        "flight": "destination",
        "country": "LiberiaLIR",
        "code": "LIR"
    },
    {
        "flight": "destination",
        "country": "San JoséSJO",
        "code": "SJO"
    },
    {
        "flight": "destination",
        "country": "Willemstad, CuraçaoCUR",
        "code": "CUR"
    },
    {
        "flight": "destination",
        "country": "Puerto PlataPOP",
        "code": "POP"
    },
    {
        "flight": "destination",
        "country": "Punta CanaPUJ",
        "code": "PUJ"
    },
    {
        "flight": "destination",
        "country": "Santiago de los CaballerosSTI",
        "code": "STI"
    },
    {
        "flight": "destination",
        "country": "Santo DomingoSDQ",
        "code": "SDQ"
    },
    {
        "flight": "destination",
        "country": "GuayaquilGYE",
        "code": "GYE"
    },
    {
        "flight": "destination",
        "country": "QuitoUIO",
        "code": "UIO"
    },
    {
        "flight": "destination",
        "country": "ParisCDG",
        "code": "CDG"
    },
    {
        "flight": "destination",
        "country": "GrenadaGND",
        "code": "GND"
    },
    {
        "flight": "destination",
        "country": "Pointe-à-PitrePTP",
        "code": "PTP"
    },
    {
        "flight": "destination",
        "country": "Guatemala CityGUA",
        "code": "GUA"
    },
    {
        "flight": "destination",
        "country": "GeorgetownGEO",
        "code": "GEO"
    },
    {
        "flight": "destination",
        "country": "Port-au-PrincePAP",
        "code": "PAP"
    },
    {
        "flight": "destination",
        "country": "KingstonKIN",
        "code": "KIN"
    },
    {
        "flight": "destination",
        "country": "Montego BayMBJ",
        "code": "MBJ"
    },
    {
        "flight": "destination",
        "country": "CancúnCUN",
        "code": "CUN"
    },
    {
        "flight": "destination",
        "country": "Puerto VallartaPVR",
        "code": "PVR"
    },
    {
        "flight": "destination",
        "country": "San José del CaboSJD",
        "code": "SJD"
    },
    {
        "flight": "destination",
        "country": "AmsterdamAMS",
        "code": "AMS"
    },
    {
        "flight": "destination",
        "country": "LimaLIM",
        "code": "LIM"
    },
    {
        "flight": "destination",
        "country": "AguadillaBQN",
        "code": "BQN"
    },
    {
        "flight": "destination",
        "country": "PoncePSE",
        "code": "PSE"
    },
    {
        "flight": "destination",
        "country": "San JuanSJU",
        "code": "SJU"
    },
    {
        "flight": "destination",
        "country": "Sint MaartenSXM",
        "code": "SXM"
    },
    {
        "flight": "destination",
        "country": "Saint KittsSKB",
        "code": "SKB"
    },
    {
        "flight": "destination",
        "country": "Saint LuciaUVF",
        "code": "UVF"
    },
    {
        "flight": "destination",
        "country": "Port of SpainPOS",
        "code": "POS"
    },
    {
        "flight": "destination",
        "country": "ProvidencialesPLS",
        "code": "PLS"
    },
    {
        "flight": "destination",
        "country": "Saint ThomasSTT",
        "code": "STT"
    },
    {
        "flight": "destination",
        "country": "London GatwickLGW",
        "code": "LGW"
    },
    {
        "flight": "destination",
        "country": "London HeathrowLHR",
        "code": "LHR"
    },
    {
        "flight": "destination",
        "country": "AlbanyALB",
        "code": "ALB"
    },
    {
        "flight": "destination",
        "country": "AlbuquerqueABQ",
        "code": "ABQ"
    },
    {
        "flight": "destination",
        "country": "AshevilleAVL",
        "code": "AVL"
    },
    {
        "flight": "destination",
        "country": "AtlantaATL",
        "code": "ATL"
    },
    {
        "flight": "destination",
        "country": "AustinAUS",
        "code": "AUS"
    },
    {
        "flight": "destination",
        "country": "Baltimore-WashingtonBWI",
        "code": "BWI"
    },
    {
        "flight": "destination",
        "country": "BostonBOS",
        "code": "BOS"
    },
    {
        "flight": "destination",
        "country": "BozemanBZN",
        "code": "BZN"
    },
    {
        "flight": "destination",
        "country": "BuffaloBUF",
        "code": "BUF"
    },
    {
        "flight": "destination",
        "country": "BurbankBUR",
        "code": "BUR"
    },
    {
        "flight": "destination",
        "country": "BurlingtonBTV",
        "code": "BTV"
    },
    {
        "flight": "destination",
        "country": "CharlestonCHS",
        "code": "CHS"
    },
    {
        "flight": "destination",
        "country": "CharlotteCLT",
        "code": "CLT"
    },
    {
        "flight": "destination",
        "country": "ChicagoORD",
        "code": "ORD"
    },
    {
        "flight": "destination",
        "country": "ClevelandCLE",
        "code": "CLE"
    },
    {
        "flight": "destination",
        "country": "Dallas-Fort WorthDFW",
        "code": "DFW"
    },
    {
        "flight": "destination",
        "country": "DenverDEN",
        "code": "DEN"
    },
    {
        "flight": "destination",
        "country": "DetroitDTW",
        "code": "DTW"
    },
    {
        "flight": "destination",
        "country": "Fort LauderdaleFLL",
        "code": "FLL"
    },
    {
        "flight": "destination",
        "country": "Fort MyersRSW",
        "code": "RSW"
    },
    {
        "flight": "destination",
        "country": "HartfordBDL",
        "code": "BDL"
    },
    {
        "flight": "destination",
        "country": "HaydenHDN",
        "code": "HDN"
    },
    {
        "flight": "destination",
        "country": "HoustonIAH",
        "code": "IAH"
    },
    {
        "flight": "destination",
        "country": "HyannisHYA",
        "code": "HYA"
    },
    {
        "flight": "destination",
        "country": "JacksonvilleJAX",
        "code": "JAX"
    },
    {
        "flight": "destination",
        "country": "Kansas CityMCI",
        "code": "MCI"
    },
    {
        "flight": "destination",
        "country": "Key WestEYW",
        "code": "EYW"
    },
    {
        "flight": "destination",
        "country": "Las VegasLAS",
        "code": "LAS"
    },
    {
        "flight": "destination",
        "country": "Los AngelesLAX",
        "code": "LAX"
    },
    {
        "flight": "destination",
        "country": "Martha's VineyardMVY",
        "code": "MVY"
    },
    {
        "flight": "destination",
        "country": "MiamiMIA",
        "code": "MIA"
    },
    {
        "flight": "destination",
        "country": "MilwaukeeMKE",
        "code": "MKE"
    },
    {
        "flight": "destination",
        "country": "MinneapolisMSP",
        "code": "MSP"
    },
    {
        "flight": "destination",
        "country": "NantucketACK",
        "code": "ACK"
    },
    {
        "flight": "destination",
        "country": "NashvilleBNA",
        "code": "BNA"
    },
    {
        "flight": "destination",
        "country": "New OrleansMSY",
        "code": "MSY"
    },
    {
        "flight": "destination",
        "country": "New YorkEWR",
        "code": "EWR"
    },
    {
        "flight": "destination",
        "country": "New York CityJFK",
        "code": "JFK"
    },
    {
        "flight": "destination",
        "country": "New York CityLGA",
        "code": "LGA"
    },
    {
        "flight": "destination",
        "country": "OntarioONT",
        "code": "ONT"
    },
    {
        "flight": "destination",
        "country": "OrlandoMCO",
        "code": "MCO"
    },
    {
        "flight": "destination",
        "country": "Palm SpringsPSP",
        "code": "PSP"
    },
    {
        "flight": "destination",
        "country": "PhiladelphiaPHL",
        "code": "PHL"
    },
    {
        "flight": "destination",
        "country": "PhoenixPHX",
        "code": "PHX"
    },
    {
        "flight": "destination",
        "country": "PittsburghPIT",
        "code": "PIT"
    },
    {
        "flight": "destination",
        "country": "PortlandPWM",
        "code": "PWM"
    },
    {
        "flight": "destination",
        "country": "PortlandPDX",
        "code": "PDX"
    },
    {
        "flight": "destination",
        "country": "ProvidencePVD",
        "code": "PVD"
    },
    {
        "flight": "destination",
        "country": "Raleigh / DurhamRDU",
        "code": "RDU"
    },
    {
        "flight": "destination",
        "country": "RenoRNO",
        "code": "RNO"
    },
    {
        "flight": "destination",
        "country": "RichmondRIC",
        "code": "RIC"
    },
    {
        "flight": "destination",
        "country": "RochesterROC",
        "code": "ROC"
    },
    {
        "flight": "destination",
        "country": "SacramentoSMF",
        "code": "SMF"
    },
    {
        "flight": "destination",
        "country": "Salt Lake CitySLC",
        "code": "SLC"
    },
    {
        "flight": "destination",
        "country": "San AntonioSAT",
        "code": "SAT"
    },
    {
        "flight": "destination",
        "country": "San DiegoSAN",
        "code": "SAN"
    },
    {
        "flight": "destination",
        "country": "San FranciscoSFO",
        "code": "SFO"
    },
    {
        "flight": "destination",
        "country": "San JoseSJC",
        "code": "SJC"
    },
    {
        "flight": "destination",
        "country": "Sarasota / BradentonSRQ",
        "code": "SRQ"
    },
    {
        "flight": "destination",
        "country": "SavannahSAV",
        "code": "SAV"
    },
    {
        "flight": "destination",
        "country": "Seattle / TacomaSEA",
        "code": "SEA"
    },
    {
        "flight": "destination",
        "country": "SyracuseSYR",
        "code": "SYR"
    },
    {
        "flight": "destination",
        "country": "TallahasseeTLH",
        "code": "TLH"
    },
    {
        "flight": "destination",
        "country": "TampaTPA",
        "code": "TPA"
    },
    {
        "flight": "destination",
        "country": "WashingtonDCA",
        "code": "DCA"
    },
    {
        "flight": "destination",
        "country": "West Palm BeachPBI",
        "code": "PBI"
    },
    {
        "flight": "destination",
        "country": "White PlainsHPN",
        "code": "HPN"
    },
    {
        "flight": "destination",
        "country": "WorcesterORH",
        "code": "ORH"
    },
    {
        "flight": "departure",
        "country": "St. John's, AntiguaANU",
        "code": "ANU"
    },
    {
        "flight": "departure",
        "country": "ArubaAUA",
        "code": "AUA"
    },
    {
        "flight": "departure",
        "country": "NassauNAS",
        "code": "NAS"
    },
    {
        "flight": "departure",
        "country": "BridgetownBGI",
        "code": "BGI"
    },
    {
        "flight": "departure",
        "country": "Belize CityBZE",
        "code": "BZE"
    },
    {
        "flight": "departure",
        "country": "BermudaBDA",
        "code": "BDA"
    },
    {
        "flight": "departure",
        "country": "VancouverYVR",
        "code": "YVR"
    },
    {
        "flight": "departure",
        "country": "Grand CaymanGCM",
        "code": "GCM"
    },
    {
        "flight": "departure",
        "country": "BogotáBOG",
        "code": "BOG"
    },
    {
        "flight": "departure",
        "country": "CartagenaCTG",
        "code": "CTG"
    },
    {
        "flight": "departure",
        "country": "MedellínMDE",
        "code": "MDE"
    },
    {
        "flight": "departure",
        "country": "LiberiaLIR",
        "code": "LIR"
    },
    {
        "flight": "departure",
        "country": "San JoséSJO",
        "code": "SJO"
    },
    {
        "flight": "departure",
        "country": "Willemstad, CuraçaoCUR",
        "code": "CUR"
    },
    {
        "flight": "departure",
        "country": "Puerto PlataPOP",
        "code": "POP"
    },
    {
        "flight": "departure",
        "country": "Punta CanaPUJ",
        "code": "PUJ"
    },
    {
        "flight": "departure",
        "country": "Santiago de los CaballerosSTI",
        "code": "STI"
    },
    {
        "flight": "departure",
        "country": "Santo DomingoSDQ",
        "code": "SDQ"
    },
    {
        "flight": "departure",
        "country": "GuayaquilGYE",
        "code": "GYE"
    },
    {
        "flight": "departure",
        "country": "QuitoUIO",
        "code": "UIO"
    },
    {
        "flight": "departure",
        "country": "ParisCDG",
        "code": "CDG"
    },
    {
        "flight": "departure",
        "country": "GrenadaGND",
        "code": "GND"
    },
    {
        "flight": "departure",
        "country": "Pointe-à-PitrePTP",
        "code": "PTP"
    },
    {
        "flight": "departure",
        "country": "Guatemala CityGUA",
        "code": "GUA"
    },
    {
        "flight": "departure",
        "country": "GeorgetownGEO",
        "code": "GEO"
    },
    {
        "flight": "departure",
        "country": "Port-au-PrincePAP",
        "code": "PAP"
    },
    {
        "flight": "departure",
        "country": "KingstonKIN",
        "code": "KIN"
    },
    {
        "flight": "departure",
        "country": "Montego BayMBJ",
        "code": "MBJ"
    },
    {
        "flight": "departure",
        "country": "CancúnCUN",
        "code": "CUN"
    },
    {
        "flight": "departure",
        "country": "Puerto VallartaPVR",
        "code": "PVR"
    },
    {
        "flight": "departure",
        "country": "San José del CaboSJD",
        "code": "SJD"
    },
    {
        "flight": "departure",
        "country": "AmsterdamAMS",
        "code": "AMS"
    },
    {
        "flight": "departure",
        "country": "LimaLIM",
        "code": "LIM"
    },
    {
        "flight": "departure",
        "country": "AguadillaBQN",
        "code": "BQN"
    },
    {
        "flight": "departure",
        "country": "PoncePSE",
        "code": "PSE"
    },
    {
        "flight": "departure",
        "country": "San JuanSJU",
        "code": "SJU"
    },
    {
        "flight": "departure",
        "country": "Sint MaartenSXM",
        "code": "SXM"
    },
    {
        "flight": "departure",
        "country": "Saint KittsSKB",
        "code": "SKB"
    },
    {
        "flight": "departure",
        "country": "Saint LuciaUVF",
        "code": "UVF"
    },
    {
        "flight": "departure",
        "country": "Port of SpainPOS",
        "code": "POS"
    },
    {
        "flight": "departure",
        "country": "ProvidencialesPLS",
        "code": "PLS"
    },
    {
        "flight": "departure",
        "country": "Saint ThomasSTT",
        "code": "STT"
    },
    {
        "flight": "departure",
        "country": "London GatwickLGW",
        "code": "LGW"
    },
    {
        "flight": "departure",
        "country": "London HeathrowLHR",
        "code": "LHR"
    },
    {
        "flight": "departure",
        "country": "AlbanyALB",
        "code": "ALB"
    },
    {
        "flight": "departure",
        "country": "AlbuquerqueABQ",
        "code": "ABQ"
    },
    {
        "flight": "departure",
        "country": "AshevilleAVL",
        "code": "AVL"
    },
    {
        "flight": "departure",
        "country": "AtlantaATL",
        "code": "ATL"
    },
    {
        "flight": "departure",
        "country": "AustinAUS",
        "code": "AUS"
    },
    {
        "flight": "departure",
        "country": "Baltimore-WashingtonBWI",
        "code": "BWI"
    },
    {
        "flight": "departure",
        "country": "BostonBOS",
        "code": "BOS"
    },
    {
        "flight": "departure",
        "country": "BozemanBZN",
        "code": "BZN"
    },
    {
        "flight": "departure",
        "country": "BuffaloBUF",
        "code": "BUF"
    },
    {
        "flight": "departure",
        "country": "BurbankBUR",
        "code": "BUR"
    },
    {
        "flight": "departure",
        "country": "BurlingtonBTV",
        "code": "BTV"
    },
    {
        "flight": "departure",
        "country": "CharlestonCHS",
        "code": "CHS"
    },
    {
        "flight": "departure",
        "country": "CharlotteCLT",
        "code": "CLT"
    },
    {
        "flight": "departure",
        "country": "ChicagoORD",
        "code": "ORD"
    },
    {
        "flight": "departure",
        "country": "ClevelandCLE",
        "code": "CLE"
    },
    {
        "flight": "departure",
        "country": "Dallas-Fort WorthDFW",
        "code": "DFW"
    },
    {
        "flight": "departure",
        "country": "DenverDEN",
        "code": "DEN"
    },
    {
        "flight": "departure",
        "country": "DetroitDTW",
        "code": "DTW"
    },
    {
        "flight": "departure",
        "country": "Fort LauderdaleFLL",
        "code": "FLL"
    },
    {
        "flight": "departure",
        "country": "Fort MyersRSW",
        "code": "RSW"
    },
    {
        "flight": "departure",
        "country": "HartfordBDL",
        "code": "BDL"
    },
    {
        "flight": "departure",
        "country": "HaydenHDN",
        "code": "HDN"
    },
    {
        "flight": "departure",
        "country": "HoustonIAH",
        "code": "IAH"
    },
    {
        "flight": "departure",
        "country": "HyannisHYA",
        "code": "HYA"
    },
    {
        "flight": "departure",
        "country": "JacksonvilleJAX",
        "code": "JAX"
    },
    {
        "flight": "departure",
        "country": "Kansas CityMCI",
        "code": "MCI"
    },
    {
        "flight": "departure",
        "country": "Key WestEYW",
        "code": "EYW"
    },
    {
        "flight": "departure",
        "country": "Las VegasLAS",
        "code": "LAS"
    },
    {
        "flight": "departure",
        "country": "Los AngelesLAX",
        "code": "LAX"
    },
    {
        "flight": "departure",
        "country": "Martha's VineyardMVY",
        "code": "MVY"
    },
    {
        "flight": "departure",
        "country": "MiamiMIA",
        "code": "MIA"
    },
    {
        "flight": "departure",
        "country": "MilwaukeeMKE",
        "code": "MKE"
    },
    {
        "flight": "departure",
        "country": "MinneapolisMSP",
        "code": "MSP"
    },
    {
        "flight": "departure",
        "country": "NantucketACK",
        "code": "ACK"
    },
    {
        "flight": "departure",
        "country": "NashvilleBNA",
        "code": "BNA"
    },
    {
        "flight": "departure",
        "country": "New OrleansMSY",
        "code": "MSY"
    },
    {
        "flight": "departure",
        "country": "New YorkEWR",
        "code": "EWR"
    },
    {
        "flight": "departure",
        "country": "New York CityJFK",
        "code": "JFK"
    },
    {
        "flight": "departure",
        "country": "New York CityLGA",
        "code": "LGA"
    },
    {
        "flight": "departure",
        "country": "OntarioONT",
        "code": "ONT"
    },
    {
        "flight": "departure",
        "country": "OrlandoMCO",
        "code": "MCO"
    },
    {
        "flight": "departure",
        "country": "Palm SpringsPSP",
        "code": "PSP"
    },
    {
        "flight": "departure",
        "country": "PhiladelphiaPHL",
        "code": "PHL"
    },
    {
        "flight": "departure",
        "country": "PhoenixPHX",
        "code": "PHX"
    },
    {
        "flight": "departure",
        "country": "PittsburghPIT",
        "code": "PIT"
    },
    {
        "flight": "departure",
        "country": "PortlandPWM",
        "code": "PWM"
    },
    {
        "flight": "departure",
        "country": "PortlandPDX",
        "code": "PDX"
    },
    {
        "flight": "departure",
        "country": "ProvidencePVD",
        "code": "PVD"
    },
    {
        "flight": "departure",
        "country": "Raleigh / DurhamRDU",
        "code": "RDU"
    },
    {
        "flight": "departure",
        "country": "RenoRNO",
        "code": "RNO"
    },
    {
        "flight": "departure",
        "country": "RichmondRIC",
        "code": "RIC"
    },
    {
        "flight": "departure",
        "country": "RochesterROC",
        "code": "ROC"
    },
    {
        "flight": "departure",
        "country": "SacramentoSMF",
        "code": "SMF"
    },
    {
        "flight": "departure",
        "country": "Salt Lake CitySLC",
        "code": "SLC"
    },
    {
        "flight": "departure",
        "country": "San AntonioSAT",
        "code": "SAT"
    },
    {
        "flight": "departure",
        "country": "San DiegoSAN",
        "code": "SAN"
    },
    {
        "flight": "departure",
        "country": "San FranciscoSFO",
        "code": "SFO"
    },
    {
        "flight": "departure",
        "country": "San JoseSJC",
        "code": "SJC"
    },
    {
        "flight": "departure",
        "country": "Sarasota / BradentonSRQ",
        "code": "SRQ"
    },
    {
        "flight": "departure",
        "country": "SavannahSAV",
        "code": "SAV"
    },
    {
        "flight": "departure",
        "country": "Seattle / TacomaSEA",
        "code": "SEA"
    },
    {
        "flight": "departure",
        "country": "SyracuseSYR",
        "code": "SYR"
    },
    {
        "flight": "departure",
        "country": "TallahasseeTLH",
        "code": "TLH"
    },
    {
        "flight": "departure",
        "country": "TampaTPA",
        "code": "TPA"
    },
    {
        "flight": "departure",
        "country": "WashingtonDCA",
        "code": "DCA"
    },
    {
        "flight": "departure",
        "country": "West Palm BeachPBI",
        "code": "PBI"
    },
    {
        "flight": "departure",
        "country": "White PlainsHPN",
        "code": "HPN"
    },
    {
        "flight": "departure",
        "country": "WorcesterORH",
        "code": "ORH"
    }
]