[
    {
        "flight": "destination",
        "country": "San SalvadorSAL",
        "code": "SAL"
    },
    {
        "flight": "destination",
        "country": "Guatemala CityGUA",
        "code": "GUA"
    },
    {
        "flight": "destination",
        "country": "RoatanRTB",
        "code": "RTB"
    },
    {
        "flight": "destination",
        "country": "San Pedro SulaSAP",
        "code": "SAP"
    },
    {
        "flight": "destination",
        "country": "CancúnCUN",
        "code": "CUN"
    },
    {
        "flight": "destination",
        "country": "Mexico CityMEX",
        "code": "MEX"
    },
    {
        "flight": "destination",
        "country": "ChicagoORD",
        "code": "ORD"
    },
    {
        "flight": "destination",
        "country": "HoustonIAH",
        "code": "IAH"
    },
    {
        "flight": "destination",
        "country": "Los AngelesLAX",
        "code": "LAX"
    },
    {
        "flight": "destination",
        "country": "MiamiMIA",
        "code": "MIA"
    },
    {
        "flight": "destination",
        "country": "Oakland, East BayOAK",
        "code": "OAK"
    },
    {
        "flight": "destination",
        "country": "OntarioONT",
        "code": "ONT"
    },
    {
        "flight": "destination",
        "country": "WashingtonIAD",
        "code": "IAD"
    },
    {
        "flight": "departure",
        "country": "San SalvadorSAL",
        "code": "SAL"
    },
    {
        "flight": "departure",
        "country": "Guatemala CityGUA",
        "code": "GUA"
    },
    {
        "flight": "departure",
        "country": "RoatanRTB",
        "code": "RTB"
    },
    {
        "flight": "departure",
        "country": "San Pedro SulaSAP",
        "code": "SAP"
    },
    {
        "flight": "departure",
        "country": "CancúnCUN",
        "code": "CUN"
    },
    {
        "flight": "departure",
        "country": "Mexico CityMEX",
        "code": "MEX"
    },
    {
        "flight": "departure",
        "country": "ChicagoORD",
        "code": "ORD"
    },
    {
        "flight": "departure",
        "country": "HoustonIAH",
        "code": "IAH"
    },
    {
        "flight": "departure",
        "country": "Los AngelesLAX",
        "code": "LAX"
    },
    {
        "flight": "departure",
        "country": "MiamiMIA",
        "code": "MIA"
    },
    {
        "flight": "departure",
        "country": "Oakland, East BayOAK",
        "code": "OAK"
    },
    {
        "flight": "departure",
        "country": "OntarioONT",
        "code": "ONT"
    },
    {
        "flight": "departure",
        "country": "WashingtonIAD",
        "code": "IAD"
    }
]