[
    {
        "flight": "destination",
        "country": "PerthPER",
        "code": "PER"
    },
    {
        "flight": "destination",
        "country": "SydneySYD",
        "code": "SYD"
    },
    {
        "flight": "destination",
        "country": "ViennaVIE",
        "code": "VIE"
    },
    {
        "flight": "destination",
        "country": "BrusselsBRU",
        "code": "BRU"
    },
    {
        "flight": "destination",
        "country": "VancouverYVR",
        "code": "YVR"
    },
    {
        "flight": "destination",
        "country": "BeijingPEK",
        "code": "PEK"
    },
    {
        "flight": "destination",
        "country": "ChengduCTU",
        "code": "CTU"
    },
    {
        "flight": "destination",
        "country": "DalianDLC",
        "code": "DLC"
    },
    {
        "flight": "destination",
        "country": "GuangzhouCAN",
        "code": "CAN"
    },
    {
        "flight": "destination",
        "country": "HangzhouHGH",
        "code": "HGH"
    },
    {
        "flight": "destination",
        "country": "QingdaoTAO",
        "code": "TAO"
    },
    {
        "flight": "destination",
        "country": "ShanghaiPVG",
        "code": "PVG"
    },
    {
        "flight": "destination",
        "country": "ShanghaiSHA",
        "code": "SHA"
    },
    {
        "flight": "destination",
        "country": "ShenyangSHE",
        "code": "SHE"
    },
    {
        "flight": "destination",
        "country": "ShenzhenSZX",
        "code": "SZX"
    },
    {
        "flight": "destination",
        "country": "WuhanWUH",
        "code": "WUH"
    },
    {
        "flight": "destination",
        "country": "XiamenXMN",
        "code": "XMN"
    },
    {
        "flight": "destination",
        "country": "ParisCDG",
        "code": "CDG"
    },
    {
        "flight": "destination",
        "country": "FrankfurtFRA",
        "code": "FRA"
    },
    {
        "flight": "destination",
        "country": "MunichMUC",
        "code": "MUC"
    },
    {
        "flight": "destination",
        "country": "Hong KongHKG",
        "code": "HKG"
    },
    {
        "flight": "destination",
        "country": "MumbaiBOM",
        "code": "BOM"
    },
    {
        "flight": "destination",
        "country": "New DelhiDEL",
        "code": "DEL"
    },
    {
        "flight": "destination",
        "country": "JakartaCGK",
        "code": "CGK"
    },
    {
        "flight": "destination",
        "country": "AkitaAXT",
        "code": "AXT"
    },
    {
        "flight": "destination",
        "country": "AmakusaAXJ",
        "code": "AXJ"
    },
    {
        "flight": "destination",
        "country": "Amami IslandASJ",
        "code": "ASJ"
    },
    {
        "flight": "destination",
        "country": "AomoriAOJ",
        "code": "AOJ"
    },
    {
        "flight": "destination",
        "country": "AsahikawaAKJ",
        "code": "AKJ"
    },
    {
        "flight": "destination",
        "country": "FukuokaFUK",
        "code": "FUK"
    },
    {
        "flight": "destination",
        "country": "Fukushima (Sukagawa)FKS",
        "code": "FKS"
    },
    {
        "flight": "destination",
        "country": "Gotō, Fukue IslandFUJ",
        "code": "FUJ"
    },
    {
        "flight": "destination",
        "country": "HachijōjimaHAC",
        "code": "HAC"
    },
    {
        "flight": "destination",
        "country": "HakodateHKD",
        "code": "HKD"
    },
    {
        "flight": "destination",
        "country": "HiroshimaHIJ",
        "code": "HIJ"
    },
    {
        "flight": "destination",
        "country": "IkiIKI",
        "code": "IKI"
    },
    {
        "flight": "destination",
        "country": "Ishigaki / OkinawaISG",
        "code": "ISG"
    },
    {
        "flight": "destination",
        "country": "IwakuniIWK",
        "code": "IWK"
    },
    {
        "flight": "destination",
        "country": "KagoshimaKOJ",
        "code": "KOJ"
    },
    {
        "flight": "destination",
        "country": "Kikaiga ShimaKKX",
        "code": "KKX"
    },
    {
        "flight": "destination",
        "country": "KitakyushuKKJ",
        "code": "KKJ"
    },
    {
        "flight": "destination",
        "country": "KobeUKB",
        "code": "UKB"
    },
    {
        "flight": "destination",
        "country": "KochiKCZ",
        "code": "KCZ"
    },
    {
        "flight": "destination",
        "country": "KomatsuKMQ",
        "code": "KMQ"
    },
    {
        "flight": "destination",
        "country": "KumamotoKMJ",
        "code": "KMJ"
    },
    {
        "flight": "destination",
        "country": "KushiroKUH",
        "code": "KUH"
    },
    {
        "flight": "destination",
        "country": "MasudaIWJ",
        "code": "IWJ"
    },
    {
        "flight": "destination",
        "country": "MatsuyamaMYJ",
        "code": "MYJ"
    },
    {
        "flight": "destination",
        "country": "MemanbetsuMMB",
        "code": "MMB"
    },
    {
        "flight": "destination",
        "country": "MiyakojimaMMY",
        "code": "MMY"
    },
    {
        "flight": "destination",
        "country": "MiyazakiKMI",
        "code": "KMI"
    },
    {
        "flight": "destination",
        "country": "MonbetsuMBE",
        "code": "MBE"
    },
    {
        "flight": "destination",
        "country": "NagasakiNGS",
        "code": "NGS"
    },
    {
        "flight": "destination",
        "country": "NagoyaNGO",
        "code": "NGO"
    },
    {
        "flight": "destination",
        "country": "NakashibetsuSHB",
        "code": "SHB"
    },
    {
        "flight": "destination",
        "country": "NiigataKIJ",
        "code": "KIJ"
    },
    {
        "flight": "destination",
        "country": "ObihiroOBO",
        "code": "OBO"
    },
    {
        "flight": "destination",
        "country": "Odate / NoshiroONJ",
        "code": "ONJ"
    },
    {
        "flight": "destination",
        "country": "OitaOIT",
        "code": "OIT"
    },
    {
        "flight": "destination",
        "country": "OkayamaOKJ",
        "code": "OKJ"
    },
    {
        "flight": "destination",
        "country": "OkinawaOKA",
        "code": "OKA"
    },
    {
        "flight": "destination",
        "country": "OkinoerabujimaOKE",
        "code": "OKE"
    },
    {
        "flight": "destination",
        "country": "OsakaITM",
        "code": "ITM"
    },
    {
        "flight": "destination",
        "country": "OsakaKIX",
        "code": "KIX"
    },
    {
        "flight": "destination",
        "country": "RishiriRIS",
        "code": "RIS"
    },
    {
        "flight": "destination",
        "country": "SagaHSG",
        "code": "HSG"
    },
    {
        "flight": "destination",
        "country": "SapporoCTS",
        "code": "CTS"
    },
    {
        "flight": "destination",
        "country": "SendaiSDJ",
        "code": "SDJ"
    },
    {
        "flight": "destination",
        "country": "ShizuokaFSZ",
        "code": "FSZ"
    },
    {
        "flight": "destination",
        "country": "ShonaiSYO",
        "code": "SYO"
    },
    {
        "flight": "destination",
        "country": "TakamatsuTAK",
        "code": "TAK"
    },
    {
        "flight": "destination",
        "country": "TanegashimaTNE",
        "code": "TNE"
    },
    {
        "flight": "destination",
        "country": "TokunoshimaTKN",
        "code": "TKN"
    },
    {
        "flight": "destination",
        "country": "TokushimaTKS",
        "code": "TKS"
    },
    {
        "flight": "destination",
        "country": "TokyoNRT",
        "code": "NRT"
    },
    {
        "flight": "destination",
        "country": "TokyoHND",
        "code": "HND"
    },
    {
        "flight": "destination",
        "country": "TottoriTTJ",
        "code": "TTJ"
    },
    {
        "flight": "destination",
        "country": "ToyamaTOY",
        "code": "TOY"
    },
    {
        "flight": "destination",
        "country": "TsushimaTSJ",
        "code": "TSJ"
    },
    {
        "flight": "destination",
        "country": "UbeUBJ",
        "code": "UBJ"
    },
    {
        "flight": "destination",
        "country": "WajimaNTQ",
        "code": "NTQ"
    },
    {
        "flight": "destination",
        "country": "WakkanaiWKJ",
        "code": "WKJ"
    },
    {
        "flight": "destination",
        "country": "YakushimaKUM",
        "code": "KUM"
    },
    {
        "flight": "destination",
        "country": "YonagoYGJ",
        "code": "YGJ"
    },
    {
        "flight": "destination",
        "country": "YoronRNJ",
        "code": "RNJ"
    },
    {
        "flight": "destination",
        "country": "Kuala LumpurKUL",
        "code": "KUL"
    },
    {
        "flight": "destination",
        "country": "Mexico CityMEX",
        "code": "MEX"
    },
    {
        "flight": "destination",
        "country": "ManilaMNL",
        "code": "MNL"
    },
    {
        "flight": "destination",
        "country": "VladivostokVVO",
        "code": "VVO"
    },
    {
        "flight": "destination",
        "country": "SingaporeSIN",
        "code": "SIN"
    },
    {
        "flight": "destination",
        "country": "SeoulGMP",
        "code": "GMP"
    },
    {
        "flight": "destination",
        "country": "TaipeiTSA",
        "code": "TSA"
    },
    {
        "flight": "destination",
        "country": "BangkokBKK",
        "code": "BKK"
    },
    {
        "flight": "destination",
        "country": "London HeathrowLHR",
        "code": "LHR"
    },
    {
        "flight": "destination",
        "country": "ChicagoORD",
        "code": "ORD"
    },
    {
        "flight": "destination",
        "country": "HonoluluHNL",
        "code": "HNL"
    },
    {
        "flight": "destination",
        "country": "HoustonIAH",
        "code": "IAH"
    },
    {
        "flight": "destination",
        "country": "Los AngelesLAX",
        "code": "LAX"
    },
    {
        "flight": "destination",
        "country": "New York CityJFK",
        "code": "JFK"
    },
    {
        "flight": "destination",
        "country": "San FranciscoSFO",
        "code": "SFO"
    },
    {
        "flight": "destination",
        "country": "Seattle / TacomaSEA",
        "code": "SEA"
    },
    {
        "flight": "destination",
        "country": "WashingtonIAD",
        "code": "IAD"
    },
    {
        "flight": "destination",
        "country": "HanoiHAN",
        "code": "HAN"
    },
    {
        "flight": "destination",
        "country": "Ho Chi Minh CitySGN",
        "code": "SGN"
    },
    {
        "flight": "departure",
        "country": "PerthPER",
        "code": "PER"
    },
    {
        "flight": "departure",
        "country": "SydneySYD",
        "code": "SYD"
    },
    {
        "flight": "departure",
        "country": "ViennaVIE",
        "code": "VIE"
    },
    {
        "flight": "departure",
        "country": "BrusselsBRU",
        "code": "BRU"
    },
    {
        "flight": "departure",
        "country": "VancouverYVR",
        "code": "YVR"
    },
    {
        "flight": "departure",
        "country": "BeijingPEK",
        "code": "PEK"
    },
    {
        "flight": "departure",
        "country": "ChengduCTU",
        "code": "CTU"
    },
    {
        "flight": "departure",
        "country": "DalianDLC",
        "code": "DLC"
    },
    {
        "flight": "departure",
        "country": "GuangzhouCAN",
        "code": "CAN"
    },
    {
        "flight": "departure",
        "country": "HangzhouHGH",
        "code": "HGH"
    },
    {
        "flight": "departure",
        "country": "QingdaoTAO",
        "code": "TAO"
    },
    {
        "flight": "departure",
        "country": "ShanghaiPVG",
        "code": "PVG"
    },
    {
        "flight": "departure",
        "country": "ShanghaiSHA",
        "code": "SHA"
    },
    {
        "flight": "departure",
        "country": "ShenyangSHE",
        "code": "SHE"
    },
    {
        "flight": "departure",
        "country": "ShenzhenSZX",
        "code": "SZX"
    },
    {
        "flight": "departure",
        "country": "WuhanWUH",
        "code": "WUH"
    },
    {
        "flight": "departure",
        "country": "XiamenXMN",
        "code": "XMN"
    },
    {
        "flight": "departure",
        "country": "ParisCDG",
        "code": "CDG"
    },
    {
        "flight": "departure",
        "country": "FrankfurtFRA",
        "code": "FRA"
    },
    {
        "flight": "departure",
        "country": "MunichMUC",
        "code": "MUC"
    },
    {
        "flight": "departure",
        "country": "Hong KongHKG",
        "code": "HKG"
    },
    {
        "flight": "departure",
        "country": "MumbaiBOM",
        "code": "BOM"
    },
    {
        "flight": "departure",
        "country": "New DelhiDEL",
        "code": "DEL"
    },
    {
        "flight": "departure",
        "country": "JakartaCGK",
        "code": "CGK"
    },
    {
        "flight": "departure",
        "country": "AkitaAXT",
        "code": "AXT"
    },
    {
        "flight": "departure",
        "country": "AmakusaAXJ",
        "code": "AXJ"
    },
    {
        "flight": "departure",
        "country": "Amami IslandASJ",
        "code": "ASJ"
    },
    {
        "flight": "departure",
        "country": "AomoriAOJ",
        "code": "AOJ"
    },
    {
        "flight": "departure",
        "country": "AsahikawaAKJ",
        "code": "AKJ"
    },
    {
        "flight": "departure",
        "country": "FukuokaFUK",
        "code": "FUK"
    },
    {
        "flight": "departure",
        "country": "Fukushima (Sukagawa)FKS",
        "code": "FKS"
    },
    {
        "flight": "departure",
        "country": "Gotō, Fukue IslandFUJ",
        "code": "FUJ"
    },
    {
        "flight": "departure",
        "country": "HachijōjimaHAC",
        "code": "HAC"
    },
    {
        "flight": "departure",
        "country": "HakodateHKD",
        "code": "HKD"
    },
    {
        "flight": "departure",
        "country": "HiroshimaHIJ",
        "code": "HIJ"
    },
    {
        "flight": "departure",
        "country": "IkiIKI",
        "code": "IKI"
    },
    {
        "flight": "departure",
        "country": "Ishigaki / OkinawaISG",
        "code": "ISG"
    },
    {
        "flight": "departure",
        "country": "IwakuniIWK",
        "code": "IWK"
    },
    {
        "flight": "departure",
        "country": "KagoshimaKOJ",
        "code": "KOJ"
    },
    {
        "flight": "departure",
        "country": "Kikaiga ShimaKKX",
        "code": "KKX"
    },
    {
        "flight": "departure",
        "country": "KitakyushuKKJ",
        "code": "KKJ"
    },
    {
        "flight": "departure",
        "country": "KobeUKB",
        "code": "UKB"
    },
    {
        "flight": "departure",
        "country": "KochiKCZ",
        "code": "KCZ"
    },
    {
        "flight": "departure",
        "country": "KomatsuKMQ",
        "code": "KMQ"
    },
    {
        "flight": "departure",
        "country": "KumamotoKMJ",
        "code": "KMJ"
    },
    {
        "flight": "departure",
        "country": "KushiroKUH",
        "code": "KUH"
    },
    {
        "flight": "departure",
        "country": "MasudaIWJ",
        "code": "IWJ"
    },
    {
        "flight": "departure",
        "country": "MatsuyamaMYJ",
        "code": "MYJ"
    },
    {
        "flight": "departure",
        "country": "MemanbetsuMMB",
        "code": "MMB"
    },
    {
        "flight": "departure",
        "country": "MiyakojimaMMY",
        "code": "MMY"
    },
    {
        "flight": "departure",
        "country": "MiyazakiKMI",
        "code": "KMI"
    },
    {
        "flight": "departure",
        "country": "MonbetsuMBE",
        "code": "MBE"
    },
    {
        "flight": "departure",
        "country": "NagasakiNGS",
        "code": "NGS"
    },
    {
        "flight": "departure",
        "country": "NagoyaNGO",
        "code": "NGO"
    },
    {
        "flight": "departure",
        "country": "NakashibetsuSHB",
        "code": "SHB"
    },
    {
        "flight": "departure",
        "country": "NiigataKIJ",
        "code": "KIJ"
    },
    {
        "flight": "departure",
        "country": "ObihiroOBO",
        "code": "OBO"
    },
    {
        "flight": "departure",
        "country": "Odate / NoshiroONJ",
        "code": "ONJ"
    },
    {
        "flight": "departure",
        "country": "OitaOIT",
        "code": "OIT"
    },
    {
        "flight": "departure",
        "country": "OkayamaOKJ",
        "code": "OKJ"
    },
    {
        "flight": "departure",
        "country": "OkinawaOKA",
        "code": "OKA"
    },
    {
        "flight": "departure",
        "country": "OkinoerabujimaOKE",
        "code": "OKE"
    },
    {
        "flight": "departure",
        "country": "OsakaITM",
        "code": "ITM"
    },
    {
        "flight": "departure",
        "country": "OsakaKIX",
        "code": "KIX"
    },
    {
        "flight": "departure",
        "country": "RishiriRIS",
        "code": "RIS"
    },
    {
        "flight": "departure",
        "country": "SagaHSG",
        "code": "HSG"
    },
    {
        "flight": "departure",
        "country": "SapporoCTS",
        "code": "CTS"
    },
    {
        "flight": "departure",
        "country": "SendaiSDJ",
        "code": "SDJ"
    },
    {
        "flight": "departure",
        "country": "ShizuokaFSZ",
        "code": "FSZ"
    },
    {
        "flight": "departure",
        "country": "ShonaiSYO",
        "code": "SYO"
    },
    {
        "flight": "departure",
        "country": "TakamatsuTAK",
        "code": "TAK"
    },
    {
        "flight": "departure",
        "country": "TanegashimaTNE",
        "code": "TNE"
    },
    {
        "flight": "departure",
        "country": "TokunoshimaTKN",
        "code": "TKN"
    },
    {
        "flight": "departure",
        "country": "TokushimaTKS",
        "code": "TKS"
    },
    {
        "flight": "departure",
        "country": "TokyoNRT",
        "code": "NRT"
    },
    {
        "flight": "departure",
        "country": "TokyoHND",
        "code": "HND"
    },
    {
        "flight": "departure",
        "country": "TottoriTTJ",
        "code": "TTJ"
    },
    {
        "flight": "departure",
        "country": "ToyamaTOY",
        "code": "TOY"
    },
    {
        "flight": "departure",
        "country": "TsushimaTSJ",
        "code": "TSJ"
    },
    {
        "flight": "departure",
        "country": "UbeUBJ",
        "code": "UBJ"
    },
    {
        "flight": "departure",
        "country": "WajimaNTQ",
        "code": "NTQ"
    },
    {
        "flight": "departure",
        "country": "WakkanaiWKJ",
        "code": "WKJ"
    },
    {
        "flight": "departure",
        "country": "YakushimaKUM",
        "code": "KUM"
    },
    {
        "flight": "departure",
        "country": "YonagoYGJ",
        "code": "YGJ"
    },
    {
        "flight": "departure",
        "country": "YoronRNJ",
        "code": "RNJ"
    },
    {
        "flight": "departure",
        "country": "Kuala LumpurKUL",
        "code": "KUL"
    },
    {
        "flight": "departure",
        "country": "Mexico CityMEX",
        "code": "MEX"
    },
    {
        "flight": "departure",
        "country": "ManilaMNL",
        "code": "MNL"
    },
    {
        "flight": "departure",
        "country": "VladivostokVVO",
        "code": "VVO"
    },
    {
        "flight": "departure",
        "country": "SingaporeSIN",
        "code": "SIN"
    },
    {
        "flight": "departure",
        "country": "SeoulGMP",
        "code": "GMP"
    },
    {
        "flight": "departure",
        "country": "TaipeiTSA",
        "code": "TSA"
    },
    {
        "flight": "departure",
        "country": "BangkokBKK",
        "code": "BKK"
    },
    {
        "flight": "departure",
        "country": "London HeathrowLHR",
        "code": "LHR"
    },
    {
        "flight": "departure",
        "country": "ChicagoORD",
        "code": "ORD"
    },
    {
        "flight": "departure",
        "country": "HonoluluHNL",
        "code": "HNL"
    },
    {
        "flight": "departure",
        "country": "HoustonIAH",
        "code": "IAH"
    },
    {
        "flight": "departure",
        "country": "Los AngelesLAX",
        "code": "LAX"
    },
    {
        "flight": "departure",
        "country": "New York CityJFK",
        "code": "JFK"
    },
    {
        "flight": "departure",
        "country": "San FranciscoSFO",
        "code": "SFO"
    },
    {
        "flight": "departure",
        "country": "Seattle / TacomaSEA",
        "code": "SEA"
    },
    {
        "flight": "departure",
        "country": "WashingtonIAD",
        "code": "IAD"
    },
    {
        "flight": "departure",
        "country": "HanoiHAN",
        "code": "HAN"
    },
    {
        "flight": "departure",
        "country": "Ho Chi Minh CitySGN",
        "code": "SGN"
    }
]